review_id,review_text,rating,sentiment
REV_1000,Really solid device! Battery lasts for days and setup was super easy. 10/10 would buy again.,5,Positive
REV_1001,Works exactly as described. Clean interface and super reliable performance.,5,Positive
REV_1002,Super sleek design and very intuitive to use. Best purchase I've made this year. <span>Top notch quality</span>.,5,Positive
REV_1003,COMPLETE DISASTER. BROKE ON THE FIRST TRY. RETURNING IMMEDIATELY FOR A FULL REFUND!,2,Negative
REV_1004,HORRIBLE! It overheats within 10 minutes. Extremely unsafe and cheap plastic smell. Contact refund@support-desk.net for details!!!,1,Negative
REV_1005,"I WAS SKEPTICAL AT FIRST, BUT WOW... TOTALLY IMPRESSED BY THE BUILD QUALITY! 😊✨",4,Positive
REV_1006,Really solid device! Battery lasts for days and setup was super easy. 10/10 would buy again.,4,Positive
REV_1007,"   Must have gadget! I told all my colleagues about this. Fast shipping too: contact support@gadgets.org for info.   

",5,Positive
REV_1008,EXCELLENT CUSTOMER SUPPORT WHEN I HAD A QUESTION. EVERYTHING ARRIVED IN PRISTINE PACKAGING. 👍,4,Positive
REV_1009,SUPER SLEEK DESIGN AND VERY INTUITIVE TO USE. BEST PURCHASE I'VE MADE THIS YEAR. <SPAN>TOP NOTCH QUALITY</SPAN>.,5,Positive
REV_1010,Complete disaster. Broke on the first try. Returning immediately for a full refund! Contact refund@support-desk.net for details!!!,2,Negative
REV_1011,"THIS IS AMAZING!! WORKS SO SMOOTHLY, EXCEEDED ALL MY EXPECTATIONS... WON'T HESITATE TO BUY AGAIN!!",5,Positive
REV_1012,WORST CUSTOMER SUPPORT EVER. REFUSED TO ISSUE A REFUND. TOTALLY REGRET THIS PURCHASE 😡,2,Negative
REV_1013,Worst customer support ever. Refused to issue a refund. Totally regret this purchase 😡,1,Negative
REV_1014,REALLY SOLID DEVICE! BATTERY LASTS FOR DAYS AND SETUP WAS SUPER EASY. 10/10 WOULD BUY AGAIN. Check out https://reviews.store/item271,5,Positive
REV_1015,Really solid device! Battery lasts for days and setup was super easy. 10/10 would buy again. Check out https://reviews.store/item217,4,Positive
REV_1016,Poor quality material. The handle snapped instantly. Very disappointed with this brand.,1,Negative
REV_1017,HORRIBLE! It overheats within 10 minutes. Extremely unsafe and cheap plastic smell. Contact refund@support-desk.net for details!!!,1,Negative
REV_1018,"   GREAT QUALITY FOR THE PRICE. DELIVERED FAST FROM HTTPS://EXAMPLE.COM/SHIPPING. FIVE STARS! ⭐️⭐️⭐️⭐️⭐️ Check out https://reviews.store/item406   

",4,Positive
REV_1019,"   Defective unit received. Customer service was unresponsive at http://bad-help.com. 👎 Contact refund@support-desk.net for details!!!   

",2,Negative
REV_1020,TERRIBLE EXPERIENCE!! STOPPED WORKING AFTER JUST 2 DAYS. <B>DO NOT BUY!</B> <BR/> TOTAL WASTE OF MONEY 😡,2,Negative
REV_1021,"   Really solid device! Battery lasts for days and setup was super easy. 10/10 would buy again.   

",5,Positive
REV_1022,Defective unit received. Customer service was unresponsive at http://bad-help.com. 👎,2,Negative
REV_1023,"   Must have gadget! I told all my colleagues about this. Fast shipping too: contact support@gadgets.org for info.   

",4,Positive
REV_1024,Absolutely <b>loved</b> this product! It worked like a charm right out of the box. <br/> Highly recommended! 😊 Check out https://reviews.store/item482,4,Positive
REV_1025,Terrible experience!! Stopped working after just 2 days. <b>DO NOT BUY!</b> <br/> Total waste of money 😡 Contact refund@support-desk.net for details!!!,1,Negative
REV_1026,"I WAS SKEPTICAL AT FIRST, BUT WOW... TOTALLY IMPRESSED BY THE BUILD QUALITY! 😊✨",4,Positive
REV_1027,"THIS IS AMAZING!! Works so smoothly, exceeded all my expectations... Won't hesitate to buy again!! Check out https://reviews.store/item423",4,Positive
REV_1028,Works exactly as described. Clean interface and super reliable performance. Check out https://reviews.store/item335,5,Positive
REV_1029,"THIS IS AMAZING!! Works so smoothly, exceeded all my expectations... Won't hesitate to buy again!!",4,Positive
REV_1030,"   I was skeptical at first, but wow... totally impressed by the build quality! 😊✨ Check out https://reviews.store/item707   

",4,Positive
REV_1031,REALLY SOLID DEVICE! BATTERY LASTS FOR DAYS AND SETUP WAS SUPER EASY. 10/10 WOULD BUY AGAIN. Check out https://reviews.store/item387,4,Positive
REV_1032,Super sleek design and very intuitive to use. Best purchase I've made this year. <span>Top notch quality</span>. Check out https://reviews.store/item303,5,Positive
REV_1033,MUST HAVE GADGET! I TOLD ALL MY COLLEAGUES ABOUT THIS. FAST SHIPPING TOO: CONTACT SUPPORT@GADGETS.ORG FOR INFO.,4,Positive
REV_1034,"THIS IS AMAZING!! Works so smoothly, exceeded all my expectations... Won't hesitate to buy again!! Check out https://reviews.store/item312",5,Positive
REV_1035,"   Really solid device! Battery lasts for days and setup was super easy. 10/10 would buy again.   

",5,Positive
REV_1036,Excellent customer support when I had a question. Everything arrived in pristine packaging. 👍,4,Positive
REV_1037,POOR QUALITY MATERIAL. THE HANDLE SNAPPED INSTANTLY. VERY DISAPPOINTED WITH THIS BRAND. Contact refund@support-desk.net for details!!!,2,Negative
REV_1038,"   Really solid device! Battery lasts for days and setup was super easy. 10/10 would buy again.   

",4,Positive
REV_1039,EXCELLENT CUSTOMER SUPPORT WHEN I HAD A QUESTION. EVERYTHING ARRIVED IN PRISTINE PACKAGING. 👍 Check out https://reviews.store/item982,4,Positive
REV_1040,Terrible experience!! Stopped working after just 2 days. <b>DO NOT BUY!</b> <br/> Total waste of money 😡 Contact refund@support-desk.net for details!!!,2,Negative
REV_1041,"   Terrible experience!! Stopped working after just 2 days. <b>DO NOT BUY!</b> <br/> Total waste of money 😡   

",2,Negative
REV_1042,TERRIBLE EXPERIENCE!! STOPPED WORKING AFTER JUST 2 DAYS. <B>DO NOT BUY!</B> <BR/> TOTAL WASTE OF MONEY 😡,1,Negative
REV_1043,Works exactly as described. Clean interface and super reliable performance.,5,Positive
REV_1044,Excellent customer support when I had a question. Everything arrived in pristine packaging. 👍,5,Positive
REV_1045,SUPER SLEEK DESIGN AND VERY INTUITIVE TO USE. BEST PURCHASE I'VE MADE THIS YEAR. <SPAN>TOP NOTCH QUALITY</SPAN>.,5,Positive
REV_1046,Really solid device! Battery lasts for days and setup was super easy. 10/10 would buy again.,4,Positive
REV_1047,Great quality for the price. Delivered fast from https://example.com/shipping. Five stars! ⭐️⭐️⭐️⭐️⭐️,4,Positive
REV_1048,Defective unit received. Customer service was unresponsive at http://bad-help.com. 👎,2,Negative
REV_1049,Excellent customer support when I had a question. Everything arrived in pristine packaging. 👍 Check out https://reviews.store/item305,4,Positive
REV_1050,"   Defective unit received. Customer service was unresponsive at http://bad-help.com. 👎 Contact refund@support-desk.net for details!!!   

",2,Negative
REV_1051,GREAT QUALITY FOR THE PRICE. DELIVERED FAST FROM HTTPS://EXAMPLE.COM/SHIPPING. FIVE STARS! ⭐️⭐️⭐️⭐️⭐️ Check out https://reviews.store/item211,4,Positive
REV_1052,Great quality for the price. Delivered fast from https://example.com/shipping. Five stars! ⭐️⭐️⭐️⭐️⭐️ Check out https://reviews.store/item352,4,Positive
REV_1053,REALLY SOLID DEVICE! BATTERY LASTS FOR DAYS AND SETUP WAS SUPER EASY. 10/10 WOULD BUY AGAIN. Check out https://reviews.store/item364,4,Positive
REV_1054,"THIS IS AMAZING!! Works so smoothly, exceeded all my expectations... Won't hesitate to buy again!! Check out https://reviews.store/item661",5,Positive
REV_1055,"Fantastic value! It is durable, looks stylish, and performs flawlessly. Check out https://reviews.store/item672",5,Positive
REV_1056,"DO NOT WASTE YOUR HARD EARNED CASH! SLOW, LAGGY, AND FULL OF BUGS. 0/10 STARS. Contact refund@support-desk.net for details!!!",1,Negative
REV_1057,MUST HAVE GADGET! I TOLD ALL MY COLLEAGUES ABOUT THIS. FAST SHIPPING TOO: CONTACT SUPPORT@GADGETS.ORG FOR INFO.,4,Positive
REV_1058,Must have gadget! I told all my colleagues about this. Fast shipping too: contact support@gadgets.org for info. Check out https://reviews.store/item769,4,Positive
REV_1059,"   Super sleek design and very intuitive to use. Best purchase I've made this year. <span>Top notch quality</span>.   

",5,Positive
REV_1060,Great quality for the price. Delivered fast from https://example.com/shipping. Five stars! ⭐️⭐️⭐️⭐️⭐️ Check out https://reviews.store/item770,4,Positive
REV_1061,Works exactly as described. Clean interface and super reliable performance.,5,Positive
REV_1062,"Fantastic value! It is durable, looks stylish, and performs flawlessly.",5,Positive
REV_1063,"   I was skeptical at first, but wow... totally impressed by the build quality! 😊✨ Check out https://reviews.store/item138   

",4,Positive
REV_1064,Poor quality material. The handle snapped instantly. Very disappointed with this brand. Contact refund@support-desk.net for details!!!,1,Negative
REV_1065,"THIS IS AMAZING!! WORKS SO SMOOTHLY, EXCEEDED ALL MY EXPECTATIONS... WON'T HESITATE TO BUY AGAIN!! Check out https://reviews.store/item855",4,Positive
REV_1066,GREAT QUALITY FOR THE PRICE. DELIVERED FAST FROM HTTPS://EXAMPLE.COM/SHIPPING. FIVE STARS! ⭐️⭐️⭐️⭐️⭐️,5,Positive
REV_1067,MUST HAVE GADGET! I TOLD ALL MY COLLEAGUES ABOUT THIS. FAST SHIPPING TOO: CONTACT SUPPORT@GADGETS.ORG FOR INFO. Check out https://reviews.store/item756,5,Positive
REV_1068,"   THIS IS AMAZING!! Works so smoothly, exceeded all my expectations... Won't hesitate to buy again!!   

",4,Positive
REV_1069,Works exactly as described. Clean interface and super reliable performance.,4,Positive
REV_1070,EXCELLENT CUSTOMER SUPPORT WHEN I HAD A QUESTION. EVERYTHING ARRIVED IN PRISTINE PACKAGING. 👍 Check out https://reviews.store/item125,5,Positive
REV_1071,SUPER SLEEK DESIGN AND VERY INTUITIVE TO USE. BEST PURCHASE I'VE MADE THIS YEAR. <SPAN>TOP NOTCH QUALITY</SPAN>.,5,Positive
REV_1072,Worst customer support ever. Refused to issue a refund. Totally regret this purchase 😡 Contact refund@support-desk.net for details!!!,2,Negative
REV_1073,"Fantastic value! It is durable, looks stylish, and performs flawlessly.",4,Positive
REV_1074,"I WAS SKEPTICAL AT FIRST, BUT WOW... TOTALLY IMPRESSED BY THE BUILD QUALITY! 😊✨",5,Positive
REV_1075,Absolutely <b>loved</b> this product! It worked like a charm right out of the box. <br/> Highly recommended! 😊 Check out https://reviews.store/item907,5,Positive
REV_1076,Great quality for the price. Delivered fast from https://example.com/shipping. Five stars! ⭐️⭐️⭐️⭐️⭐️ Check out https://reviews.store/item353,5,Positive
REV_1077,Must have gadget! I told all my colleagues about this. Fast shipping too: contact support@gadgets.org for info.,5,Positive
REV_1078,Poor quality material. The handle snapped instantly. Very disappointed with this brand. Contact refund@support-desk.net for details!!!,1,Negative
REV_1079,"   ABSOLUTELY <B>LOVED</B> THIS PRODUCT! IT WORKED LIKE A CHARM RIGHT OUT OF THE BOX. <BR/> HIGHLY RECOMMENDED! 😊   

",5,Positive
REV_1080,"   Do not waste your hard earned cash! Slow, laggy, and full of bugs. 0/10 stars. Contact refund@support-desk.net for details!!!   

",2,Negative
REV_1081,Excellent customer support when I had a question. Everything arrived in pristine packaging. 👍 Check out https://reviews.store/item680,5,Positive
REV_1082,Must have gadget! I told all my colleagues about this. Fast shipping too: contact support@gadgets.org for info. Check out https://reviews.store/item460,5,Positive
REV_1083,GREAT QUALITY FOR THE PRICE. DELIVERED FAST FROM HTTPS://EXAMPLE.COM/SHIPPING. FIVE STARS! ⭐️⭐️⭐️⭐️⭐️,4,Positive
REV_1084,"   FANTASTIC VALUE! IT IS DURABLE, LOOKS STYLISH, AND PERFORMS FLAWLESSLY.   

",5,Positive
REV_1085,Defective unit received. Customer service was unresponsive at http://bad-help.com. 👎,1,Negative
REV_1086,"THIS IS AMAZING!! Works so smoothly, exceeded all my expectations... Won't hesitate to buy again!!",4,Positive
REV_1087,Complete disaster. Broke on the first try. Returning immediately for a full refund!,1,Negative
REV_1088,Really solid device! Battery lasts for days and setup was super easy. 10/10 would buy again.,5,Positive
REV_1089,Really solid device! Battery lasts for days and setup was super easy. 10/10 would buy again.,5,Positive
REV_1090,REALLY SOLID DEVICE! BATTERY LASTS FOR DAYS AND SETUP WAS SUPER EASY. 10/10 WOULD BUY AGAIN. Check out https://reviews.store/item560,4,Positive
REV_1091,"THIS IS AMAZING!! WORKS SO SMOOTHLY, EXCEEDED ALL MY EXPECTATIONS... WON'T HESITATE TO BUY AGAIN!!",5,Positive
REV_1092,"   HORRIBLE! It overheats within 10 minutes. Extremely unsafe and cheap plastic smell.   

",1,Negative
REV_1093,"I was skeptical at first, but wow... totally impressed by the build quality! 😊✨ Check out https://reviews.store/item308",5,Positive
REV_1094,"I was skeptical at first, but wow... totally impressed by the build quality! 😊✨",5,Positive
REV_1095,Super sleek design and very intuitive to use. Best purchase I've made this year. <span>Top notch quality</span>.,4,Positive
REV_1096,"THIS IS AMAZING!! Works so smoothly, exceeded all my expectations... Won't hesitate to buy again!! Check out https://reviews.store/item387",4,Positive
REV_1097,Absolutely <b>loved</b> this product! It worked like a charm right out of the box. <br/> Highly recommended! 😊,5,Positive
REV_1098,Absolutely <b>loved</b> this product! It worked like a charm right out of the box. <br/> Highly recommended! 😊 Check out https://reviews.store/item355,5,Positive
REV_1099,"THIS IS AMAZING!! Works so smoothly, exceeded all my expectations... Won't hesitate to buy again!!",4,Positive
REV_1100,Great quality for the price. Delivered fast from https://example.com/shipping. Five stars! ⭐️⭐️⭐️⭐️⭐️,5,Positive
REV_1101,"   EXCELLENT CUSTOMER SUPPORT WHEN I HAD A QUESTION. EVERYTHING ARRIVED IN PRISTINE PACKAGING. 👍 Check out https://reviews.store/item767   

",4,Positive
REV_1102,"I WAS SKEPTICAL AT FIRST, BUT WOW... TOTALLY IMPRESSED BY THE BUILD QUALITY! 😊✨ Check out https://reviews.store/item953",4,Positive
REV_1103,Absolutely <b>loved</b> this product! It worked like a charm right out of the box. <br/> Highly recommended! 😊,4,Positive
REV_1104,Really solid device! Battery lasts for days and setup was super easy. 10/10 would buy again. Check out https://reviews.store/item840,5,Positive
REV_1105,Worst customer support ever. Refused to issue a refund. Totally regret this purchase 😡,2,Negative
REV_1106,Great quality for the price. Delivered fast from https://example.com/shipping. Five stars! ⭐️⭐️⭐️⭐️⭐️,4,Positive
REV_1107,REALLY SOLID DEVICE! BATTERY LASTS FOR DAYS AND SETUP WAS SUPER EASY. 10/10 WOULD BUY AGAIN. Check out https://reviews.store/item974,4,Positive
REV_1108,"   THIS IS AMAZING!! WORKS SO SMOOTHLY, EXCEEDED ALL MY EXPECTATIONS... WON'T HESITATE TO BUY AGAIN!!   

",4,Positive
REV_1109,Excellent customer support when I had a question. Everything arrived in pristine packaging. 👍,5,Positive
REV_1110,Worst customer support ever. Refused to issue a refund. Totally regret this purchase 😡 Contact refund@support-desk.net for details!!!,2,Negative
REV_1111,Terrible experience!! Stopped working after just 2 days. <b>DO NOT BUY!</b> <br/> Total waste of money 😡 Contact refund@support-desk.net for details!!!,2,Negative
REV_1112,"   SUPER SLEEK DESIGN AND VERY INTUITIVE TO USE. BEST PURCHASE I'VE MADE THIS YEAR. <SPAN>TOP NOTCH QUALITY</SPAN>.   

",4,Positive
REV_1113,"   Absolutely <b>loved</b> this product! It worked like a charm right out of the box. <br/> Highly recommended! 😊   

",5,Positive
REV_1114,Excellent customer support when I had a question. Everything arrived in pristine packaging. 👍 Check out https://reviews.store/item870,5,Positive
REV_1115,"Fantastic value! It is durable, looks stylish, and performs flawlessly.",4,Positive
REV_1116,Works exactly as described. Clean interface and super reliable performance.,4,Positive
REV_1117,Poor quality material. The handle snapped instantly. Very disappointed with this brand.,2,Negative
REV_1118,Really solid device! Battery lasts for days and setup was super easy. 10/10 would buy again. Check out https://reviews.store/item629,5,Positive
REV_1119,"   I was skeptical at first, but wow... totally impressed by the build quality! 😊✨ Check out https://reviews.store/item384   

",4,Positive
REV_1120,Defective unit received. Customer service was unresponsive at http://bad-help.com. 👎,1,Negative
REV_1121,Poor quality material. The handle snapped instantly. Very disappointed with this brand.,1,Negative
REV_1122,Absolutely <b>loved</b> this product! It worked like a charm right out of the box. <br/> Highly recommended! 😊,5,Positive
REV_1123,Works exactly as described. Clean interface and super reliable performance.,4,Positive
REV_1124,Great quality for the price. Delivered fast from https://example.com/shipping. Five stars! ⭐️⭐️⭐️⭐️⭐️,4,Positive
REV_1125,EXCELLENT CUSTOMER SUPPORT WHEN I HAD A QUESTION. EVERYTHING ARRIVED IN PRISTINE PACKAGING. 👍,4,Positive
REV_1126,"I was skeptical at first, but wow... totally impressed by the build quality! 😊✨ Check out https://reviews.store/item802",5,Positive
REV_1127,WORKS EXACTLY AS DESCRIBED. CLEAN INTERFACE AND SUPER RELIABLE PERFORMANCE.,4,Positive
REV_1128,Really solid device! Battery lasts for days and setup was super easy. 10/10 would buy again.,4,Positive
REV_1129,Must have gadget! I told all my colleagues about this. Fast shipping too: contact support@gadgets.org for info.,4,Positive
REV_1130,Absolutely <b>loved</b> this product! It worked like a charm right out of the box. <br/> Highly recommended! 😊 Check out https://reviews.store/item107,4,Positive
REV_1131,"Fantastic value! It is durable, looks stylish, and performs flawlessly.",4,Positive
REV_1132,Worst customer support ever. Refused to issue a refund. Totally regret this purchase 😡,1,Negative
REV_1133,MUST HAVE GADGET! I TOLD ALL MY COLLEAGUES ABOUT THIS. FAST SHIPPING TOO: CONTACT SUPPORT@GADGETS.ORG FOR INFO.,5,Positive
REV_1134,"   Absolutely <b>loved</b> this product! It worked like a charm right out of the box. <br/> Highly recommended! 😊   

",4,Positive
REV_1135,"Fantastic value! It is durable, looks stylish, and performs flawlessly.",4,Positive
REV_1136,"THIS IS AMAZING!! WORKS SO SMOOTHLY, EXCEEDED ALL MY EXPECTATIONS... WON'T HESITATE TO BUY AGAIN!!",4,Positive
REV_1137,"Do not waste your hard earned cash! Slow, laggy, and full of bugs. 0/10 stars. Contact refund@support-desk.net for details!!!",1,Negative
REV_1138,"   I was skeptical at first, but wow... totally impressed by the build quality! 😊✨   

",5,Positive
REV_1139,Terrible experience!! Stopped working after just 2 days. <b>DO NOT BUY!</b> <br/> Total waste of money 😡 Contact refund@support-desk.net for details!!!,2,Negative
REV_1140,Poor quality material. The handle snapped instantly. Very disappointed with this brand.,2,Negative
REV_1141,HORRIBLE! It overheats within 10 minutes. Extremely unsafe and cheap plastic smell.,2,Negative
REV_1142,Excellent customer support when I had a question. Everything arrived in pristine packaging. 👍 Check out https://reviews.store/item182,5,Positive
REV_1143,"I was skeptical at first, but wow... totally impressed by the build quality! 😊✨",5,Positive
REV_1144,"   Works exactly as described. Clean interface and super reliable performance. Check out https://reviews.store/item880   

",4,Positive
REV_1145,Complete disaster. Broke on the first try. Returning immediately for a full refund!,2,Negative
REV_1146,MUST HAVE GADGET! I TOLD ALL MY COLLEAGUES ABOUT THIS. FAST SHIPPING TOO: CONTACT SUPPORT@GADGETS.ORG FOR INFO.,4,Positive
REV_1147,"THIS IS AMAZING!! Works so smoothly, exceeded all my expectations... Won't hesitate to buy again!!",5,Positive
REV_1148,Absolutely <b>loved</b> this product! It worked like a charm right out of the box. <br/> Highly recommended! 😊 Check out https://reviews.store/item543,5,Positive
REV_1149,WORKS EXACTLY AS DESCRIBED. CLEAN INTERFACE AND SUPER RELIABLE PERFORMANCE. Check out https://reviews.store/item155,4,Positive
REV_1150,"   Great quality for the price. Delivered fast from https://example.com/shipping. Five stars! ⭐️⭐️⭐️⭐️⭐️   

",5,Positive
REV_1151,ABSOLUTELY <B>LOVED</B> THIS PRODUCT! IT WORKED LIKE A CHARM RIGHT OUT OF THE BOX. <BR/> HIGHLY RECOMMENDED! 😊 Check out https://reviews.store/item499,5,Positive
REV_1152,"Fantastic value! It is durable, looks stylish, and performs flawlessly.",4,Positive
REV_1153,"   ARRIVED DAMAGED AND MISSING KEY ACCESSORIES. PACKAGING WAS TORN APART. NEVER PURCHASING AGAIN!   

",1,Negative
REV_1154,Excellent customer support when I had a question. Everything arrived in pristine packaging. 👍 Check out https://reviews.store/item911,4,Positive
REV_1155,Excellent customer support when I had a question. Everything arrived in pristine packaging. 👍,4,Positive
REV_1156,Excellent customer support when I had a question. Everything arrived in pristine packaging. 👍 Check out https://reviews.store/item590,4,Positive
REV_1157,Works exactly as described. Clean interface and super reliable performance. Check out https://reviews.store/item504,4,Positive
REV_1158,"   Absolutely <b>loved</b> this product! It worked like a charm right out of the box. <br/> Highly recommended! 😊   

",5,Positive
REV_1159,"THIS IS AMAZING!! WORKS SO SMOOTHLY, EXCEEDED ALL MY EXPECTATIONS... WON'T HESITATE TO BUY AGAIN!! Check out https://reviews.store/item159",4,Positive
REV_1160,WORST CUSTOMER SUPPORT EVER. REFUSED TO ISSUE A REFUND. TOTALLY REGRET THIS PURCHASE 😡,1,Negative
REV_1161,"THIS IS AMAZING!! WORKS SO SMOOTHLY, EXCEEDED ALL MY EXPECTATIONS... WON'T HESITATE TO BUY AGAIN!!",4,Positive
REV_1162,"I was skeptical at first, but wow... totally impressed by the build quality! 😊✨",4,Positive
REV_1163,"Fantastic value! It is durable, looks stylish, and performs flawlessly. Check out https://reviews.store/item706",4,Positive
REV_1164,Complete disaster. Broke on the first try. Returning immediately for a full refund! Contact refund@support-desk.net for details!!!,2,Negative
REV_1165,"Fantastic value! It is durable, looks stylish, and performs flawlessly.",4,Positive
REV_1166,Great quality for the price. Delivered fast from https://example.com/shipping. Five stars! ⭐️⭐️⭐️⭐️⭐️,5,Positive
REV_1167,"I was skeptical at first, but wow... totally impressed by the build quality! 😊✨",5,Positive
REV_1168,Excellent customer support when I had a question. Everything arrived in pristine packaging. 👍,4,Positive
REV_1169,"   REALLY SOLID DEVICE! BATTERY LASTS FOR DAYS AND SETUP WAS SUPER EASY. 10/10 WOULD BUY AGAIN. Check out https://reviews.store/item432   

",5,Positive
REV_1170,Super sleek design and very intuitive to use. Best purchase I've made this year. <span>Top notch quality</span>.,4,Positive
REV_1171,ABSOLUTELY <B>LOVED</B> THIS PRODUCT! IT WORKED LIKE A CHARM RIGHT OUT OF THE BOX. <BR/> HIGHLY RECOMMENDED! 😊,5,Positive
REV_1172,Works exactly as described. Clean interface and super reliable performance.,4,Positive
REV_1173,"THIS IS AMAZING!! Works so smoothly, exceeded all my expectations... Won't hesitate to buy again!! Check out https://reviews.store/item686",4,Positive
REV_1174,Poor quality material. The handle snapped instantly. Very disappointed with this brand.,2,Negative
REV_1175,"THIS IS AMAZING!! WORKS SO SMOOTHLY, EXCEEDED ALL MY EXPECTATIONS... WON'T HESITATE TO BUY AGAIN!! Check out https://reviews.store/item252",5,Positive
REV_1176,REALLY SOLID DEVICE! BATTERY LASTS FOR DAYS AND SETUP WAS SUPER EASY. 10/10 WOULD BUY AGAIN.,5,Positive
REV_1177,SUPER SLEEK DESIGN AND VERY INTUITIVE TO USE. BEST PURCHASE I'VE MADE THIS YEAR. <SPAN>TOP NOTCH QUALITY</SPAN>.,5,Positive
REV_1178,HORRIBLE! IT OVERHEATS WITHIN 10 MINUTES. EXTREMELY UNSAFE AND CHEAP PLASTIC SMELL.,2,Negative
REV_1179,"FANTASTIC VALUE! IT IS DURABLE, LOOKS STYLISH, AND PERFORMS FLAWLESSLY.",5,Positive
REV_1180,Works exactly as described. Clean interface and super reliable performance. Check out https://reviews.store/item398,5,Positive
REV_1181,GREAT QUALITY FOR THE PRICE. DELIVERED FAST FROM HTTPS://EXAMPLE.COM/SHIPPING. FIVE STARS! ⭐️⭐️⭐️⭐️⭐️ Check out https://reviews.store/item559,5,Positive
REV_1182,EXCELLENT CUSTOMER SUPPORT WHEN I HAD A QUESTION. EVERYTHING ARRIVED IN PRISTINE PACKAGING. 👍,5,Positive
REV_1183,Works exactly as described. Clean interface and super reliable performance.,4,Positive
REV_1184,SUPER SLEEK DESIGN AND VERY INTUITIVE TO USE. BEST PURCHASE I'VE MADE THIS YEAR. <SPAN>TOP NOTCH QUALITY</SPAN>. Check out https://reviews.store/item716,4,Positive
REV_1185,SUPER SLEEK DESIGN AND VERY INTUITIVE TO USE. BEST PURCHASE I'VE MADE THIS YEAR. <SPAN>TOP NOTCH QUALITY</SPAN>.,5,Positive
REV_1186,Great quality for the price. Delivered fast from https://example.com/shipping. Five stars! ⭐️⭐️⭐️⭐️⭐️ Check out https://reviews.store/item663,4,Positive
REV_1187,"THIS IS AMAZING!! WORKS SO SMOOTHLY, EXCEEDED ALL MY EXPECTATIONS... WON'T HESITATE TO BUY AGAIN!! Check out https://reviews.store/item189",5,Positive
REV_1188,"I was skeptical at first, but wow... totally impressed by the build quality! 😊✨",5,Positive
REV_1189,WORKS EXACTLY AS DESCRIBED. CLEAN INTERFACE AND SUPER RELIABLE PERFORMANCE.,4,Positive
REV_1190,Super sleek design and very intuitive to use. Best purchase I've made this year. <span>Top notch quality</span>.,5,Positive
REV_1191,Arrived damaged and missing key accessories. Packaging was torn apart. Never purchasing again!,1,Negative
REV_1192,Terrible experience!! Stopped working after just 2 days. <b>DO NOT BUY!</b> <br/> Total waste of money 😡 Contact refund@support-desk.net for details!!!,2,Negative
REV_1193,Really solid device! Battery lasts for days and setup was super easy. 10/10 would buy again.,4,Positive
REV_1194,"   Complete disaster. Broke on the first try. Returning immediately for a full refund! Contact refund@support-desk.net for details!!!   

",2,Negative
REV_1195,"THIS IS AMAZING!! Works so smoothly, exceeded all my expectations... Won't hesitate to buy again!!",5,Positive
REV_1196,DEFECTIVE UNIT RECEIVED. CUSTOMER SERVICE WAS UNRESPONSIVE AT HTTP://BAD-HELP.COM. 👎 Contact refund@support-desk.net for details!!!,1,Negative
REV_1197,SUPER SLEEK DESIGN AND VERY INTUITIVE TO USE. BEST PURCHASE I'VE MADE THIS YEAR. <SPAN>TOP NOTCH QUALITY</SPAN>.,4,Positive
REV_1198,"I was skeptical at first, but wow... totally impressed by the build quality! 😊✨",4,Positive
REV_1199,"   Must have gadget! I told all my colleagues about this. Fast shipping too: contact support@gadgets.org for info. Check out https://reviews.store/item494   

",4,Positive
REV_1200,Works exactly as described. Clean interface and super reliable performance. Check out https://reviews.store/item200,4,Positive
REV_1201,Works exactly as described. Clean interface and super reliable performance. Check out https://reviews.store/item215,5,Positive
REV_1202,"   Super sleek design and very intuitive to use. Best purchase I've made this year. <span>Top notch quality</span>. Check out https://reviews.store/item990   

",4,Positive
REV_1203,"   Super sleek design and very intuitive to use. Best purchase I've made this year. <span>Top notch quality</span>.   

",4,Positive
REV_1204,Great quality for the price. Delivered fast from https://example.com/shipping. Five stars! ⭐️⭐️⭐️⭐️⭐️ Check out https://reviews.store/item748,4,Positive
REV_1205,HORRIBLE! IT OVERHEATS WITHIN 10 MINUTES. EXTREMELY UNSAFE AND CHEAP PLASTIC SMELL. Contact refund@support-desk.net for details!!!,2,Negative
REV_1206,DEFECTIVE UNIT RECEIVED. CUSTOMER SERVICE WAS UNRESPONSIVE AT HTTP://BAD-HELP.COM. 👎 Contact refund@support-desk.net for details!!!,2,Negative
REV_1207,"THIS IS AMAZING!! Works so smoothly, exceeded all my expectations... Won't hesitate to buy again!!",5,Positive
REV_1208,Must have gadget! I told all my colleagues about this. Fast shipping too: contact support@gadgets.org for info.,5,Positive
REV_1209,"Fantastic value! It is durable, looks stylish, and performs flawlessly.",5,Positive
REV_1210,SUPER SLEEK DESIGN AND VERY INTUITIVE TO USE. BEST PURCHASE I'VE MADE THIS YEAR. <SPAN>TOP NOTCH QUALITY</SPAN>. Check out https://reviews.store/item277,4,Positive
REV_1211,"THIS IS AMAZING!! Works so smoothly, exceeded all my expectations... Won't hesitate to buy again!!",4,Positive
REV_1212,Complete disaster. Broke on the first try. Returning immediately for a full refund!,2,Negative
REV_1213,Absolutely <b>loved</b> this product! It worked like a charm right out of the box. <br/> Highly recommended! 😊,5,Positive
REV_1214,"FANTASTIC VALUE! IT IS DURABLE, LOOKS STYLISH, AND PERFORMS FLAWLESSLY. Check out https://reviews.store/item138",5,Positive
REV_1215,Really solid device! Battery lasts for days and setup was super easy. 10/10 would buy again.,4,Positive
REV_1216,SUPER SLEEK DESIGN AND VERY INTUITIVE TO USE. BEST PURCHASE I'VE MADE THIS YEAR. <SPAN>TOP NOTCH QUALITY</SPAN>. Check out https://reviews.store/item179,4,Positive
REV_1217,"THIS IS AMAZING!! Works so smoothly, exceeded all my expectations... Won't hesitate to buy again!! Check out https://reviews.store/item921",5,Positive
REV_1218,"   Works exactly as described. Clean interface and super reliable performance.   

",4,Positive
REV_1219,"   Excellent customer support when I had a question. Everything arrived in pristine packaging. 👍   

",5,Positive
REV_1220,Complete disaster. Broke on the first try. Returning immediately for a full refund! Contact refund@support-desk.net for details!!!,1,Negative
REV_1221,"   Fantastic value! It is durable, looks stylish, and performs flawlessly. Check out https://reviews.store/item544   

",4,Positive
REV_1222,Arrived damaged and missing key accessories. Packaging was torn apart. Never purchasing again! Contact refund@support-desk.net for details!!!,2,Negative
REV_1223,"I WAS SKEPTICAL AT FIRST, BUT WOW... TOTALLY IMPRESSED BY THE BUILD QUALITY! 😊✨",5,Positive
REV_1224,"   Excellent customer support when I had a question. Everything arrived in pristine packaging. 👍 Check out https://reviews.store/item698   

",5,Positive
REV_1225,"   Must have gadget! I told all my colleagues about this. Fast shipping too: contact support@gadgets.org for info.   

",4,Positive
REV_1226,"   I WAS SKEPTICAL AT FIRST, BUT WOW... TOTALLY IMPRESSED BY THE BUILD QUALITY! 😊✨ Check out https://reviews.store/item129   

",4,Positive
REV_1227,EXCELLENT CUSTOMER SUPPORT WHEN I HAD A QUESTION. EVERYTHING ARRIVED IN PRISTINE PACKAGING. 👍 Check out https://reviews.store/item402,5,Positive
REV_1228,"   I WAS SKEPTICAL AT FIRST, BUT WOW... TOTALLY IMPRESSED BY THE BUILD QUALITY! 😊✨   

",5,Positive
REV_1229,"   Excellent customer support when I had a question. Everything arrived in pristine packaging. 👍   

",5,Positive
REV_1230,Really solid device! Battery lasts for days and setup was super easy. 10/10 would buy again.,4,Positive
REV_1231,EXCELLENT CUSTOMER SUPPORT WHEN I HAD A QUESTION. EVERYTHING ARRIVED IN PRISTINE PACKAGING. 👍 Check out https://reviews.store/item799,4,Positive
REV_1232,Great quality for the price. Delivered fast from https://example.com/shipping. Five stars! ⭐️⭐️⭐️⭐️⭐️ Check out https://reviews.store/item570,4,Positive
REV_1233,"I was skeptical at first, but wow... totally impressed by the build quality! 😊✨ Check out https://reviews.store/item367",5,Positive
REV_1234,"   Absolutely <b>loved</b> this product! It worked like a charm right out of the box. <br/> Highly recommended! 😊 Check out https://reviews.store/item249   

",5,Positive
REV_1235,POOR QUALITY MATERIAL. THE HANDLE SNAPPED INSTANTLY. VERY DISAPPOINTED WITH THIS BRAND. Contact refund@support-desk.net for details!!!,2,Negative
REV_1236,Excellent customer support when I had a question. Everything arrived in pristine packaging. 👍 Check out https://reviews.store/item355,5,Positive
REV_1237,HORRIBLE! IT OVERHEATS WITHIN 10 MINUTES. EXTREMELY UNSAFE AND CHEAP PLASTIC SMELL. Contact refund@support-desk.net for details!!!,1,Negative
REV_1238,"   ARRIVED DAMAGED AND MISSING KEY ACCESSORIES. PACKAGING WAS TORN APART. NEVER PURCHASING AGAIN!   

",2,Negative
REV_1239,"   I was skeptical at first, but wow... totally impressed by the build quality! 😊✨   

",5,Positive
REV_1240,Excellent customer support when I had a question. Everything arrived in pristine packaging. 👍 Check out https://reviews.store/item381,5,Positive
REV_1241,"   Works exactly as described. Clean interface and super reliable performance.   

",4,Positive
REV_1242,COMPLETE DISASTER. BROKE ON THE FIRST TRY. RETURNING IMMEDIATELY FOR A FULL REFUND! Contact refund@support-desk.net for details!!!,1,Negative
REV_1243,"Fantastic value! It is durable, looks stylish, and performs flawlessly.",4,Positive
REV_1244,Arrived damaged and missing key accessories. Packaging was torn apart. Never purchasing again!,1,Negative
REV_1245,Excellent customer support when I had a question. Everything arrived in pristine packaging. 👍,4,Positive
REV_1246,Great quality for the price. Delivered fast from https://example.com/shipping. Five stars! ⭐️⭐️⭐️⭐️⭐️,5,Positive
REV_1247,Excellent customer support when I had a question. Everything arrived in pristine packaging. 👍 Check out https://reviews.store/item420,4,Positive
REV_1248,Works exactly as described. Clean interface and super reliable performance.,5,Positive
REV_1249,"THIS IS AMAZING!! Works so smoothly, exceeded all my expectations... Won't hesitate to buy again!!",4,Positive
REV_1250,"I WAS SKEPTICAL AT FIRST, BUT WOW... TOTALLY IMPRESSED BY THE BUILD QUALITY! 😊✨ Check out https://reviews.store/item391",5,Positive
REV_1251,Really solid device! Battery lasts for days and setup was super easy. 10/10 would buy again. Check out https://reviews.store/item445,4,Positive
REV_1252,"   I was skeptical at first, but wow... totally impressed by the build quality! 😊✨   

",5,Positive
REV_1253,"Do not waste your hard earned cash! Slow, laggy, and full of bugs. 0/10 stars.",2,Negative
REV_1254,Works exactly as described. Clean interface and super reliable performance. Check out https://reviews.store/item382,4,Positive
REV_1255,Super sleek design and very intuitive to use. Best purchase I've made this year. <span>Top notch quality</span>.,5,Positive
REV_1256,MUST HAVE GADGET! I TOLD ALL MY COLLEAGUES ABOUT THIS. FAST SHIPPING TOO: CONTACT SUPPORT@GADGETS.ORG FOR INFO. Check out https://reviews.store/item579,4,Positive
REV_1257,"   Works exactly as described. Clean interface and super reliable performance.   

",4,Positive
REV_1258,Works exactly as described. Clean interface and super reliable performance. Check out https://reviews.store/item361,4,Positive
REV_1259,"THIS IS AMAZING!! WORKS SO SMOOTHLY, EXCEEDED ALL MY EXPECTATIONS... WON'T HESITATE TO BUY AGAIN!!",5,Positive
REV_1260,"   Absolutely <b>loved</b> this product! It worked like a charm right out of the box. <br/> Highly recommended! 😊 Check out https://reviews.store/item936   

",4,Positive
REV_1261,MUST HAVE GADGET! I TOLD ALL MY COLLEAGUES ABOUT THIS. FAST SHIPPING TOO: CONTACT SUPPORT@GADGETS.ORG FOR INFO.,4,Positive
REV_1262,"THIS IS AMAZING!! Works so smoothly, exceeded all my expectations... Won't hesitate to buy again!!",5,Positive
REV_1263,Super sleek design and very intuitive to use. Best purchase I've made this year. <span>Top notch quality</span>.,5,Positive
REV_1264,"Fantastic value! It is durable, looks stylish, and performs flawlessly.",5,Positive
REV_1265,Super sleek design and very intuitive to use. Best purchase I've made this year. <span>Top notch quality</span>. Check out https://reviews.store/item295,4,Positive
REV_1266,"   Fantastic value! It is durable, looks stylish, and performs flawlessly.   

",5,Positive
REV_1267,MUST HAVE GADGET! I TOLD ALL MY COLLEAGUES ABOUT THIS. FAST SHIPPING TOO: CONTACT SUPPORT@GADGETS.ORG FOR INFO.,4,Positive
REV_1268,GREAT QUALITY FOR THE PRICE. DELIVERED FAST FROM HTTPS://EXAMPLE.COM/SHIPPING. FIVE STARS! ⭐️⭐️⭐️⭐️⭐️ Check out https://reviews.store/item103,5,Positive
REV_1269,SUPER SLEEK DESIGN AND VERY INTUITIVE TO USE. BEST PURCHASE I'VE MADE THIS YEAR. <SPAN>TOP NOTCH QUALITY</SPAN>.,5,Positive
REV_1270,Great quality for the price. Delivered fast from https://example.com/shipping. Five stars! ⭐️⭐️⭐️⭐️⭐️ Check out https://reviews.store/item816,5,Positive
REV_1271,ABSOLUTELY <B>LOVED</B> THIS PRODUCT! IT WORKED LIKE A CHARM RIGHT OUT OF THE BOX. <BR/> HIGHLY RECOMMENDED! 😊,5,Positive
REV_1272,WORKS EXACTLY AS DESCRIBED. CLEAN INTERFACE AND SUPER RELIABLE PERFORMANCE.,4,Positive
REV_1273,Really solid device! Battery lasts for days and setup was super easy. 10/10 would buy again.,5,Positive
REV_1274,Terrible experience!! Stopped working after just 2 days. <b>DO NOT BUY!</b> <br/> Total waste of money 😡,2,Negative
REV_1275,"THIS IS AMAZING!! Works so smoothly, exceeded all my expectations... Won't hesitate to buy again!!",4,Positive
REV_1276,"   Works exactly as described. Clean interface and super reliable performance.   

",5,Positive
REV_1277,MUST HAVE GADGET! I TOLD ALL MY COLLEAGUES ABOUT THIS. FAST SHIPPING TOO: CONTACT SUPPORT@GADGETS.ORG FOR INFO.,5,Positive
REV_1278,"Fantastic value! It is durable, looks stylish, and performs flawlessly.",5,Positive
REV_1279,"Do not waste your hard earned cash! Slow, laggy, and full of bugs. 0/10 stars. Contact refund@support-desk.net for details!!!",2,Negative
REV_1280,ABSOLUTELY <B>LOVED</B> THIS PRODUCT! IT WORKED LIKE A CHARM RIGHT OUT OF THE BOX. <BR/> HIGHLY RECOMMENDED! 😊 Check out https://reviews.store/item701,5,Positive
REV_1281,"   Must have gadget! I told all my colleagues about this. Fast shipping too: contact support@gadgets.org for info.   

",4,Positive
REV_1282,Really solid device! Battery lasts for days and setup was super easy. 10/10 would buy again. Check out https://reviews.store/item311,5,Positive
REV_1283,REALLY SOLID DEVICE! BATTERY LASTS FOR DAYS AND SETUP WAS SUPER EASY. 10/10 WOULD BUY AGAIN. Check out https://reviews.store/item344,5,Positive
REV_1284,"I was skeptical at first, but wow... totally impressed by the build quality! 😊✨ Check out https://reviews.store/item507",5,Positive
REV_1285,WORKS EXACTLY AS DESCRIBED. CLEAN INTERFACE AND SUPER RELIABLE PERFORMANCE. Check out https://reviews.store/item205,5,Positive
REV_1286,Works exactly as described. Clean interface and super reliable performance.,5,Positive
REV_1287,Excellent customer support when I had a question. Everything arrived in pristine packaging. 👍 Check out https://reviews.store/item176,4,Positive
REV_1288,"   Fantastic value! It is durable, looks stylish, and performs flawlessly.   

",4,Positive
REV_1289,"I was skeptical at first, but wow... totally impressed by the build quality! 😊✨ Check out https://reviews.store/item247",5,Positive
REV_1290,"   Excellent customer support when I had a question. Everything arrived in pristine packaging. 👍 Check out https://reviews.store/item510   

",4,Positive
REV_1291,Defective unit received. Customer service was unresponsive at http://bad-help.com. 👎 Contact refund@support-desk.net for details!!!,1,Negative
REV_1292,Excellent customer support when I had a question. Everything arrived in pristine packaging. 👍 Check out https://reviews.store/item681,4,Positive
REV_1293,"   Worst customer support ever. Refused to issue a refund. Totally regret this purchase 😡 Contact refund@support-desk.net for details!!!   

",2,Negative
REV_1294,Really solid device! Battery lasts for days and setup was super easy. 10/10 would buy again.,4,Positive
REV_1295,"I was skeptical at first, but wow... totally impressed by the build quality! 😊✨",5,Positive
REV_1296,"   WORKS EXACTLY AS DESCRIBED. CLEAN INTERFACE AND SUPER RELIABLE PERFORMANCE.   

",4,Positive
REV_1297,"Fantastic value! It is durable, looks stylish, and performs flawlessly.",4,Positive
REV_1298,Really solid device! Battery lasts for days and setup was super easy. 10/10 would buy again.,5,Positive
REV_1299,Really solid device! Battery lasts for days and setup was super easy. 10/10 would buy again.,5,Positive
REV_1300,"   THIS IS AMAZING!! Works so smoothly, exceeded all my expectations... Won't hesitate to buy again!!   

",5,Positive
REV_1301,"FANTASTIC VALUE! IT IS DURABLE, LOOKS STYLISH, AND PERFORMS FLAWLESSLY. Check out https://reviews.store/item327",4,Positive
REV_1302,"   Super sleek design and very intuitive to use. Best purchase I've made this year. <span>Top notch quality</span>. Check out https://reviews.store/item533   

",5,Positive
REV_1303,POOR QUALITY MATERIAL. THE HANDLE SNAPPED INSTANTLY. VERY DISAPPOINTED WITH THIS BRAND.,1,Negative
REV_1304,Super sleek design and very intuitive to use. Best purchase I've made this year. <span>Top notch quality</span>.,5,Positive
REV_1305,REALLY SOLID DEVICE! BATTERY LASTS FOR DAYS AND SETUP WAS SUPER EASY. 10/10 WOULD BUY AGAIN.,5,Positive
REV_1306,WORKS EXACTLY AS DESCRIBED. CLEAN INTERFACE AND SUPER RELIABLE PERFORMANCE.,4,Positive
REV_1307,"FANTASTIC VALUE! IT IS DURABLE, LOOKS STYLISH, AND PERFORMS FLAWLESSLY.",5,Positive
REV_1308,"Do not waste your hard earned cash! Slow, laggy, and full of bugs. 0/10 stars. Contact refund@support-desk.net for details!!!",1,Negative
REV_1309,Arrived damaged and missing key accessories. Packaging was torn apart. Never purchasing again!,2,Negative
REV_1310,"THIS IS AMAZING!! Works so smoothly, exceeded all my expectations... Won't hesitate to buy again!! Check out https://reviews.store/item143",5,Positive
REV_1311,Complete disaster. Broke on the first try. Returning immediately for a full refund!,1,Negative
REV_1312,Absolutely <b>loved</b> this product! It worked like a charm right out of the box. <br/> Highly recommended! 😊,4,Positive
REV_1313,REALLY SOLID DEVICE! BATTERY LASTS FOR DAYS AND SETUP WAS SUPER EASY. 10/10 WOULD BUY AGAIN. Check out https://reviews.store/item702,4,Positive
REV_1314,Really solid device! Battery lasts for days and setup was super easy. 10/10 would buy again.,4,Positive
REV_1315,WORKS EXACTLY AS DESCRIBED. CLEAN INTERFACE AND SUPER RELIABLE PERFORMANCE. Check out https://reviews.store/item830,5,Positive
REV_1316,"   Super sleek design and very intuitive to use. Best purchase I've made this year. <span>Top notch quality</span>. Check out https://reviews.store/item540   

",5,Positive
REV_1317,Must have gadget! I told all my colleagues about this. Fast shipping too: contact support@gadgets.org for info. Check out https://reviews.store/item231,4,Positive
REV_1318,REALLY SOLID DEVICE! BATTERY LASTS FOR DAYS AND SETUP WAS SUPER EASY. 10/10 WOULD BUY AGAIN.,5,Positive
REV_1319,EXCELLENT CUSTOMER SUPPORT WHEN I HAD A QUESTION. EVERYTHING ARRIVED IN PRISTINE PACKAGING. 👍,4,Positive
REV_1320,Really solid device! Battery lasts for days and setup was super easy. 10/10 would buy again. Check out https://reviews.store/item447,4,Positive
REV_1321,Works exactly as described. Clean interface and super reliable performance.,4,Positive
REV_1322,"THIS IS AMAZING!! Works so smoothly, exceeded all my expectations... Won't hesitate to buy again!!",4,Positive
REV_1323,WORKS EXACTLY AS DESCRIBED. CLEAN INTERFACE AND SUPER RELIABLE PERFORMANCE.,5,Positive
REV_1324,Really solid device! Battery lasts for days and setup was super easy. 10/10 would buy again.,5,Positive
REV_1325,"   I was skeptical at first, but wow... totally impressed by the build quality! 😊✨   

",5,Positive
REV_1326,Absolutely <b>loved</b> this product! It worked like a charm right out of the box. <br/> Highly recommended! 😊,4,Positive
REV_1327,MUST HAVE GADGET! I TOLD ALL MY COLLEAGUES ABOUT THIS. FAST SHIPPING TOO: CONTACT SUPPORT@GADGETS.ORG FOR INFO.,4,Positive
REV_1328,SUPER SLEEK DESIGN AND VERY INTUITIVE TO USE. BEST PURCHASE I'VE MADE THIS YEAR. <SPAN>TOP NOTCH QUALITY</SPAN>. Check out https://reviews.store/item256,5,Positive
REV_1329,"FANTASTIC VALUE! IT IS DURABLE, LOOKS STYLISH, AND PERFORMS FLAWLESSLY.",4,Positive
REV_1330,GREAT QUALITY FOR THE PRICE. DELIVERED FAST FROM HTTPS://EXAMPLE.COM/SHIPPING. FIVE STARS! ⭐️⭐️⭐️⭐️⭐️,4,Positive
REV_1331,Absolutely <b>loved</b> this product! It worked like a charm right out of the box. <br/> Highly recommended! 😊,5,Positive
REV_1332,"   Complete disaster. Broke on the first try. Returning immediately for a full refund!   

",1,Negative
REV_1333,Defective unit received. Customer service was unresponsive at http://bad-help.com. 👎,2,Negative
REV_1334,"   SUPER SLEEK DESIGN AND VERY INTUITIVE TO USE. BEST PURCHASE I'VE MADE THIS YEAR. <SPAN>TOP NOTCH QUALITY</SPAN>. Check out https://reviews.store/item345   

",4,Positive
REV_1335,WORKS EXACTLY AS DESCRIBED. CLEAN INTERFACE AND SUPER RELIABLE PERFORMANCE. Check out https://reviews.store/item385,4,Positive
REV_1336,Must have gadget! I told all my colleagues about this. Fast shipping too: contact support@gadgets.org for info.,4,Positive
REV_1337,"   Poor quality material. The handle snapped instantly. Very disappointed with this brand.   

",1,Negative
REV_1338,"THIS IS AMAZING!! WORKS SO SMOOTHLY, EXCEEDED ALL MY EXPECTATIONS... WON'T HESITATE TO BUY AGAIN!! Check out https://reviews.store/item818",5,Positive
REV_1339,Worst customer support ever. Refused to issue a refund. Totally regret this purchase 😡,2,Negative
REV_1340,Super sleek design and very intuitive to use. Best purchase I've made this year. <span>Top notch quality</span>.,4,Positive
REV_1341,HORRIBLE! IT OVERHEATS WITHIN 10 MINUTES. EXTREMELY UNSAFE AND CHEAP PLASTIC SMELL. Contact refund@support-desk.net for details!!!,2,Negative
REV_1342,"   I was skeptical at first, but wow... totally impressed by the build quality! 😊✨ Check out https://reviews.store/item804   

",4,Positive
REV_1343,"   Really solid device! Battery lasts for days and setup was super easy. 10/10 would buy again. Check out https://reviews.store/item857   

",4,Positive
REV_1344,MUST HAVE GADGET! I TOLD ALL MY COLLEAGUES ABOUT THIS. FAST SHIPPING TOO: CONTACT SUPPORT@GADGETS.ORG FOR INFO.,4,Positive
REV_1345,"   Do not waste your hard earned cash! Slow, laggy, and full of bugs. 0/10 stars. Contact refund@support-desk.net for details!!!   

",1,Negative
REV_1346,Really solid device! Battery lasts for days and setup was super easy. 10/10 would buy again.,4,Positive
REV_1347,"   Really solid device! Battery lasts for days and setup was super easy. 10/10 would buy again.   

",5,Positive
REV_1348,Great quality for the price. Delivered fast from https://example.com/shipping. Five stars! ⭐️⭐️⭐️⭐️⭐️,5,Positive
REV_1349,ABSOLUTELY <B>LOVED</B> THIS PRODUCT! IT WORKED LIKE A CHARM RIGHT OUT OF THE BOX. <BR/> HIGHLY RECOMMENDED! 😊 Check out https://reviews.store/item568,4,Positive
REV_1350,"I WAS SKEPTICAL AT FIRST, BUT WOW... TOTALLY IMPRESSED BY THE BUILD QUALITY! 😊✨",5,Positive
REV_1351,MUST HAVE GADGET! I TOLD ALL MY COLLEAGUES ABOUT THIS. FAST SHIPPING TOO: CONTACT SUPPORT@GADGETS.ORG FOR INFO.,4,Positive
REV_1352,"THIS IS AMAZING!! Works so smoothly, exceeded all my expectations... Won't hesitate to buy again!!",5,Positive
REV_1353,ARRIVED DAMAGED AND MISSING KEY ACCESSORIES. PACKAGING WAS TORN APART. NEVER PURCHASING AGAIN!,1,Negative
REV_1354,Defective unit received. Customer service was unresponsive at http://bad-help.com. 👎,1,Negative
REV_1355,"Fantastic value! It is durable, looks stylish, and performs flawlessly. Check out https://reviews.store/item998",5,Positive
REV_1356,WORKS EXACTLY AS DESCRIBED. CLEAN INTERFACE AND SUPER RELIABLE PERFORMANCE.,4,Positive
REV_1357,"Fantastic value! It is durable, looks stylish, and performs flawlessly. Check out https://reviews.store/item441",5,Positive
REV_1358,TERRIBLE EXPERIENCE!! STOPPED WORKING AFTER JUST 2 DAYS. <B>DO NOT BUY!</B> <BR/> TOTAL WASTE OF MONEY 😡 Contact refund@support-desk.net for details!!!,1,Negative
REV_1359,"I was skeptical at first, but wow... totally impressed by the build quality! 😊✨ Check out https://reviews.store/item879",4,Positive
REV_1360,Terrible experience!! Stopped working after just 2 days. <b>DO NOT BUY!</b> <br/> Total waste of money 😡,1,Negative
REV_1361,Absolutely <b>loved</b> this product! It worked like a charm right out of the box. <br/> Highly recommended! 😊 Check out https://reviews.store/item915,5,Positive
REV_1362,Terrible experience!! Stopped working after just 2 days. <b>DO NOT BUY!</b> <br/> Total waste of money 😡,1,Negative
REV_1363,"   SUPER SLEEK DESIGN AND VERY INTUITIVE TO USE. BEST PURCHASE I'VE MADE THIS YEAR. <SPAN>TOP NOTCH QUALITY</SPAN>. Check out https://reviews.store/item799   

",4,Positive
REV_1364,Absolutely <b>loved</b> this product! It worked like a charm right out of the box. <br/> Highly recommended! 😊,4,Positive
REV_1365,"   Absolutely <b>loved</b> this product! It worked like a charm right out of the box. <br/> Highly recommended! 😊 Check out https://reviews.store/item290   

",4,Positive
REV_1366,Works exactly as described. Clean interface and super reliable performance.,4,Positive
REV_1367,HORRIBLE! It overheats within 10 minutes. Extremely unsafe and cheap plastic smell.,2,Negative
REV_1368,"THIS IS AMAZING!! Works so smoothly, exceeded all my expectations... Won't hesitate to buy again!! Check out https://reviews.store/item455",5,Positive
REV_1369,SUPER SLEEK DESIGN AND VERY INTUITIVE TO USE. BEST PURCHASE I'VE MADE THIS YEAR. <SPAN>TOP NOTCH QUALITY</SPAN>. Check out https://reviews.store/item753,4,Positive
REV_1370,"   Complete disaster. Broke on the first try. Returning immediately for a full refund! Contact refund@support-desk.net for details!!!   

",1,Negative
REV_1371,"   Super sleek design and very intuitive to use. Best purchase I've made this year. <span>Top notch quality</span>. Check out https://reviews.store/item851   

",4,Positive
REV_1372,Must have gadget! I told all my colleagues about this. Fast shipping too: contact support@gadgets.org for info. Check out https://reviews.store/item731,5,Positive
REV_1373,WORKS EXACTLY AS DESCRIBED. CLEAN INTERFACE AND SUPER RELIABLE PERFORMANCE. Check out https://reviews.store/item635,5,Positive
REV_1374,Complete disaster. Broke on the first try. Returning immediately for a full refund! Contact refund@support-desk.net for details!!!,1,Negative
REV_1375,ARRIVED DAMAGED AND MISSING KEY ACCESSORIES. PACKAGING WAS TORN APART. NEVER PURCHASING AGAIN! Contact refund@support-desk.net for details!!!,2,Negative
REV_1376,Really solid device! Battery lasts for days and setup was super easy. 10/10 would buy again. Check out https://reviews.store/item188,5,Positive
REV_1377,Excellent customer support when I had a question. Everything arrived in pristine packaging. 👍,4,Positive
REV_1378,Absolutely <b>loved</b> this product! It worked like a charm right out of the box. <br/> Highly recommended! 😊 Check out https://reviews.store/item263,5,Positive
REV_1379,"THIS IS AMAZING!! Works so smoothly, exceeded all my expectations... Won't hesitate to buy again!! Check out https://reviews.store/item366",4,Positive
REV_1380,EXCELLENT CUSTOMER SUPPORT WHEN I HAD A QUESTION. EVERYTHING ARRIVED IN PRISTINE PACKAGING. 👍 Check out https://reviews.store/item813,5,Positive
REV_1381,Excellent customer support when I had a question. Everything arrived in pristine packaging. 👍 Check out https://reviews.store/item931,4,Positive
REV_1382,TERRIBLE EXPERIENCE!! STOPPED WORKING AFTER JUST 2 DAYS. <B>DO NOT BUY!</B> <BR/> TOTAL WASTE OF MONEY 😡,2,Negative
REV_1383,REALLY SOLID DEVICE! BATTERY LASTS FOR DAYS AND SETUP WAS SUPER EASY. 10/10 WOULD BUY AGAIN.,4,Positive
REV_1384,HORRIBLE! It overheats within 10 minutes. Extremely unsafe and cheap plastic smell. Contact refund@support-desk.net for details!!!,1,Negative
REV_1385,ABSOLUTELY <B>LOVED</B> THIS PRODUCT! IT WORKED LIKE A CHARM RIGHT OUT OF THE BOX. <BR/> HIGHLY RECOMMENDED! 😊,4,Positive
REV_1386,"   HORRIBLE! IT OVERHEATS WITHIN 10 MINUTES. EXTREMELY UNSAFE AND CHEAP PLASTIC SMELL.   

",2,Negative
REV_1387,Great quality for the price. Delivered fast from https://example.com/shipping. Five stars! ⭐️⭐️⭐️⭐️⭐️ Check out https://reviews.store/item218,4,Positive
REV_1388,"FANTASTIC VALUE! IT IS DURABLE, LOOKS STYLISH, AND PERFORMS FLAWLESSLY.",5,Positive
REV_1389,WORKS EXACTLY AS DESCRIBED. CLEAN INTERFACE AND SUPER RELIABLE PERFORMANCE.,4,Positive
REV_1390,"THIS IS AMAZING!! Works so smoothly, exceeded all my expectations... Won't hesitate to buy again!!",4,Positive
REV_1391,Excellent customer support when I had a question. Everything arrived in pristine packaging. 👍 Check out https://reviews.store/item415,5,Positive
REV_1392,"I was skeptical at first, but wow... totally impressed by the build quality! 😊✨ Check out https://reviews.store/item521",4,Positive
REV_1393,Poor quality material. The handle snapped instantly. Very disappointed with this brand. Contact refund@support-desk.net for details!!!,2,Negative
REV_1394,"I WAS SKEPTICAL AT FIRST, BUT WOW... TOTALLY IMPRESSED BY THE BUILD QUALITY! 😊✨",4,Positive
REV_1395,"FANTASTIC VALUE! IT IS DURABLE, LOOKS STYLISH, AND PERFORMS FLAWLESSLY.",4,Positive
REV_1396,Complete disaster. Broke on the first try. Returning immediately for a full refund! Contact refund@support-desk.net for details!!!,2,Negative
REV_1397,"I was skeptical at first, but wow... totally impressed by the build quality! 😊✨ Check out https://reviews.store/item704",4,Positive
REV_1398,COMPLETE DISASTER. BROKE ON THE FIRST TRY. RETURNING IMMEDIATELY FOR A FULL REFUND!,2,Negative
REV_1399,Great quality for the price. Delivered fast from https://example.com/shipping. Five stars! ⭐️⭐️⭐️⭐️⭐️,5,Positive
REV_1400,Must have gadget! I told all my colleagues about this. Fast shipping too: contact support@gadgets.org for info. Check out https://reviews.store/item841,5,Positive
REV_1401,Really solid device! Battery lasts for days and setup was super easy. 10/10 would buy again. Check out https://reviews.store/item552,5,Positive
REV_1402,"THIS IS AMAZING!! Works so smoothly, exceeded all my expectations... Won't hesitate to buy again!!",4,Positive
REV_1403,HORRIBLE! It overheats within 10 minutes. Extremely unsafe and cheap plastic smell. Contact refund@support-desk.net for details!!!,2,Negative
REV_1404,"   HORRIBLE! It overheats within 10 minutes. Extremely unsafe and cheap plastic smell. Contact refund@support-desk.net for details!!!   

",1,Negative
REV_1405,"DO NOT WASTE YOUR HARD EARNED CASH! SLOW, LAGGY, AND FULL OF BUGS. 0/10 STARS.",2,Negative
REV_1406,"Fantastic value! It is durable, looks stylish, and performs flawlessly.",4,Positive
REV_1407,Super sleek design and very intuitive to use. Best purchase I've made this year. <span>Top notch quality</span>.,5,Positive
REV_1408,"   Great quality for the price. Delivered fast from https://example.com/shipping. Five stars! ⭐️⭐️⭐️⭐️⭐️ Check out https://reviews.store/item469   

",4,Positive
REV_1409,Defective unit received. Customer service was unresponsive at http://bad-help.com. 👎 Contact refund@support-desk.net for details!!!,1,Negative
REV_1410,"THIS IS AMAZING!! Works so smoothly, exceeded all my expectations... Won't hesitate to buy again!!",5,Positive
REV_1411,Must have gadget! I told all my colleagues about this. Fast shipping too: contact support@gadgets.org for info.,5,Positive
REV_1412,"   Excellent customer support when I had a question. Everything arrived in pristine packaging. 👍 Check out https://reviews.store/item748   

",4,Positive
REV_1413,Excellent customer support when I had a question. Everything arrived in pristine packaging. 👍,5,Positive
REV_1414,Super sleek design and very intuitive to use. Best purchase I've made this year. <span>Top notch quality</span>. Check out https://reviews.store/item290,5,Positive
REV_1415,ABSOLUTELY <B>LOVED</B> THIS PRODUCT! IT WORKED LIKE A CHARM RIGHT OUT OF THE BOX. <BR/> HIGHLY RECOMMENDED! 😊 Check out https://reviews.store/item845,5,Positive
REV_1416,"   Works exactly as described. Clean interface and super reliable performance.   

",4,Positive
REV_1417,WORKS EXACTLY AS DESCRIBED. CLEAN INTERFACE AND SUPER RELIABLE PERFORMANCE. Check out https://reviews.store/item457,4,Positive
REV_1418,GREAT QUALITY FOR THE PRICE. DELIVERED FAST FROM HTTPS://EXAMPLE.COM/SHIPPING. FIVE STARS! ⭐️⭐️⭐️⭐️⭐️ Check out https://reviews.store/item243,5,Positive
REV_1419,"FANTASTIC VALUE! IT IS DURABLE, LOOKS STYLISH, AND PERFORMS FLAWLESSLY. Check out https://reviews.store/item252",4,Positive
REV_1420,"I WAS SKEPTICAL AT FIRST, BUT WOW... TOTALLY IMPRESSED BY THE BUILD QUALITY! 😊✨",5,Positive
REV_1421,Defective unit received. Customer service was unresponsive at http://bad-help.com. 👎 Contact refund@support-desk.net for details!!!,2,Negative
REV_1422,"   Really solid device! Battery lasts for days and setup was super easy. 10/10 would buy again.   

",5,Positive
REV_1423,Works exactly as described. Clean interface and super reliable performance. Check out https://reviews.store/item592,4,Positive
REV_1424,WORKS EXACTLY AS DESCRIBED. CLEAN INTERFACE AND SUPER RELIABLE PERFORMANCE. Check out https://reviews.store/item430,4,Positive
REV_1425,"Do not waste your hard earned cash! Slow, laggy, and full of bugs. 0/10 stars. Contact refund@support-desk.net for details!!!",2,Negative
REV_1426,Works exactly as described. Clean interface and super reliable performance. Check out https://reviews.store/item268,5,Positive
REV_1427,Complete disaster. Broke on the first try. Returning immediately for a full refund!,1,Negative
REV_1428,"THIS IS AMAZING!! Works so smoothly, exceeded all my expectations... Won't hesitate to buy again!!",5,Positive
REV_1429,Absolutely <b>loved</b> this product! It worked like a charm right out of the box. <br/> Highly recommended! 😊,4,Positive
REV_1430,"   Works exactly as described. Clean interface and super reliable performance.   

",5,Positive
REV_1431,Excellent customer support when I had a question. Everything arrived in pristine packaging. 👍 Check out https://reviews.store/item647,5,Positive
REV_1432,"   Must have gadget! I told all my colleagues about this. Fast shipping too: contact support@gadgets.org for info. Check out https://reviews.store/item651   

",5,Positive
REV_1433,HORRIBLE! IT OVERHEATS WITHIN 10 MINUTES. EXTREMELY UNSAFE AND CHEAP PLASTIC SMELL.,1,Negative
REV_1434,ARRIVED DAMAGED AND MISSING KEY ACCESSORIES. PACKAGING WAS TORN APART. NEVER PURCHASING AGAIN!,1,Negative
REV_1435,REALLY SOLID DEVICE! BATTERY LASTS FOR DAYS AND SETUP WAS SUPER EASY. 10/10 WOULD BUY AGAIN. Check out https://reviews.store/item968,4,Positive
REV_1436,Poor quality material. The handle snapped instantly. Very disappointed with this brand. Contact refund@support-desk.net for details!!!,1,Negative
REV_1437,Super sleek design and very intuitive to use. Best purchase I've made this year. <span>Top notch quality</span>.,4,Positive
REV_1438,"   THIS IS AMAZING!! Works so smoothly, exceeded all my expectations... Won't hesitate to buy again!!   

",4,Positive
REV_1439,Worst customer support ever. Refused to issue a refund. Totally regret this purchase 😡,2,Negative
REV_1440,Absolutely <b>loved</b> this product! It worked like a charm right out of the box. <br/> Highly recommended! 😊 Check out https://reviews.store/item106,4,Positive
REV_1441,"THIS IS AMAZING!! WORKS SO SMOOTHLY, EXCEEDED ALL MY EXPECTATIONS... WON'T HESITATE TO BUY AGAIN!! Check out https://reviews.store/item949",4,Positive
REV_1442,"FANTASTIC VALUE! IT IS DURABLE, LOOKS STYLISH, AND PERFORMS FLAWLESSLY.",5,Positive
REV_1443,Super sleek design and very intuitive to use. Best purchase I've made this year. <span>Top notch quality</span>.,5,Positive
REV_1444,"FANTASTIC VALUE! IT IS DURABLE, LOOKS STYLISH, AND PERFORMS FLAWLESSLY. Check out https://reviews.store/item711",5,Positive
REV_1445,"   MUST HAVE GADGET! I TOLD ALL MY COLLEAGUES ABOUT THIS. FAST SHIPPING TOO: CONTACT SUPPORT@GADGETS.ORG FOR INFO.   

",4,Positive
REV_1446,Terrible experience!! Stopped working after just 2 days. <b>DO NOT BUY!</b> <br/> Total waste of money 😡,1,Negative
REV_1447,POOR QUALITY MATERIAL. THE HANDLE SNAPPED INSTANTLY. VERY DISAPPOINTED WITH THIS BRAND.,1,Negative
REV_1448,HORRIBLE! IT OVERHEATS WITHIN 10 MINUTES. EXTREMELY UNSAFE AND CHEAP PLASTIC SMELL.,2,Negative
REV_1449,ARRIVED DAMAGED AND MISSING KEY ACCESSORIES. PACKAGING WAS TORN APART. NEVER PURCHASING AGAIN! Contact refund@support-desk.net for details!!!,1,Negative
REV_1450,"   I was skeptical at first, but wow... totally impressed by the build quality! 😊✨ Check out https://reviews.store/item181   

",4,Positive
REV_1451,Super sleek design and very intuitive to use. Best purchase I've made this year. <span>Top notch quality</span>.,4,Positive
REV_1452,Really solid device! Battery lasts for days and setup was super easy. 10/10 would buy again.,4,Positive
REV_1453,"Fantastic value! It is durable, looks stylish, and performs flawlessly. Check out https://reviews.store/item836",5,Positive
REV_1454,GREAT QUALITY FOR THE PRICE. DELIVERED FAST FROM HTTPS://EXAMPLE.COM/SHIPPING. FIVE STARS! ⭐️⭐️⭐️⭐️⭐️,5,Positive
REV_1455,COMPLETE DISASTER. BROKE ON THE FIRST TRY. RETURNING IMMEDIATELY FOR A FULL REFUND! Contact refund@support-desk.net for details!!!,2,Negative
REV_1456,MUST HAVE GADGET! I TOLD ALL MY COLLEAGUES ABOUT THIS. FAST SHIPPING TOO: CONTACT SUPPORT@GADGETS.ORG FOR INFO.,5,Positive
REV_1457,GREAT QUALITY FOR THE PRICE. DELIVERED FAST FROM HTTPS://EXAMPLE.COM/SHIPPING. FIVE STARS! ⭐️⭐️⭐️⭐️⭐️,5,Positive
REV_1458,WORST CUSTOMER SUPPORT EVER. REFUSED TO ISSUE A REFUND. TOTALLY REGRET THIS PURCHASE 😡 Contact refund@support-desk.net for details!!!,2,Negative
REV_1459,"   THIS IS AMAZING!! Works so smoothly, exceeded all my expectations... Won't hesitate to buy again!!   

",5,Positive
REV_1460,"   Excellent customer support when I had a question. Everything arrived in pristine packaging. 👍 Check out https://reviews.store/item230   

",5,Positive
REV_1461,"   ABSOLUTELY <B>LOVED</B> THIS PRODUCT! IT WORKED LIKE A CHARM RIGHT OUT OF THE BOX. <BR/> HIGHLY RECOMMENDED! 😊   

",5,Positive
REV_1462,"FANTASTIC VALUE! IT IS DURABLE, LOOKS STYLISH, AND PERFORMS FLAWLESSLY.",4,Positive
REV_1463,"   Excellent customer support when I had a question. Everything arrived in pristine packaging. 👍 Check out https://reviews.store/item760   

",5,Positive
REV_1464,Complete disaster. Broke on the first try. Returning immediately for a full refund!,2,Negative
REV_1465,REALLY SOLID DEVICE! BATTERY LASTS FOR DAYS AND SETUP WAS SUPER EASY. 10/10 WOULD BUY AGAIN. Check out https://reviews.store/item308,4,Positive
REV_1466,Must have gadget! I told all my colleagues about this. Fast shipping too: contact support@gadgets.org for info.,4,Positive
REV_1467,Super sleek design and very intuitive to use. Best purchase I've made this year. <span>Top notch quality</span>.,5,Positive
REV_1468,"   THIS IS AMAZING!! WORKS SO SMOOTHLY, EXCEEDED ALL MY EXPECTATIONS... WON'T HESITATE TO BUY AGAIN!!   

",4,Positive
REV_1469,REALLY SOLID DEVICE! BATTERY LASTS FOR DAYS AND SETUP WAS SUPER EASY. 10/10 WOULD BUY AGAIN. Check out https://reviews.store/item502,5,Positive
REV_1470,Great quality for the price. Delivered fast from https://example.com/shipping. Five stars! ⭐️⭐️⭐️⭐️⭐️ Check out https://reviews.store/item800,4,Positive
REV_1471,"I was skeptical at first, but wow... totally impressed by the build quality! 😊✨",5,Positive
REV_1472,"Do not waste your hard earned cash! Slow, laggy, and full of bugs. 0/10 stars. Contact refund@support-desk.net for details!!!",2,Negative
REV_1473,Excellent customer support when I had a question. Everything arrived in pristine packaging. 👍 Check out https://reviews.store/item221,4,Positive
REV_1474,"I was skeptical at first, but wow... totally impressed by the build quality! 😊✨",5,Positive
REV_1475,WORKS EXACTLY AS DESCRIBED. CLEAN INTERFACE AND SUPER RELIABLE PERFORMANCE. Check out https://reviews.store/item169,4,Positive
REV_1476,SUPER SLEEK DESIGN AND VERY INTUITIVE TO USE. BEST PURCHASE I'VE MADE THIS YEAR. <SPAN>TOP NOTCH QUALITY</SPAN>. Check out https://reviews.store/item222,4,Positive
REV_1477,"   Super sleek design and very intuitive to use. Best purchase I've made this year. <span>Top notch quality</span>.   

",5,Positive
REV_1478,ABSOLUTELY <B>LOVED</B> THIS PRODUCT! IT WORKED LIKE A CHARM RIGHT OUT OF THE BOX. <BR/> HIGHLY RECOMMENDED! 😊,5,Positive
REV_1479,"   Do not waste your hard earned cash! Slow, laggy, and full of bugs. 0/10 stars. Contact refund@support-desk.net for details!!!   

",1,Negative
REV_1480,Excellent customer support when I had a question. Everything arrived in pristine packaging. 👍 Check out https://reviews.store/item990,5,Positive
REV_1481,Really solid device! Battery lasts for days and setup was super easy. 10/10 would buy again.,4,Positive
REV_1482,SUPER SLEEK DESIGN AND VERY INTUITIVE TO USE. BEST PURCHASE I'VE MADE THIS YEAR. <SPAN>TOP NOTCH QUALITY</SPAN>.,5,Positive
REV_1483,"FANTASTIC VALUE! IT IS DURABLE, LOOKS STYLISH, AND PERFORMS FLAWLESSLY.",4,Positive
REV_1484,Great quality for the price. Delivered fast from https://example.com/shipping. Five stars! ⭐️⭐️⭐️⭐️⭐️ Check out https://reviews.store/item392,5,Positive
REV_1485,"DO NOT WASTE YOUR HARD EARNED CASH! SLOW, LAGGY, AND FULL OF BUGS. 0/10 STARS.",2,Negative
REV_1486,Great quality for the price. Delivered fast from https://example.com/shipping. Five stars! ⭐️⭐️⭐️⭐️⭐️ Check out https://reviews.store/item407,4,Positive
REV_1487,"   Fantastic value! It is durable, looks stylish, and performs flawlessly.   

",5,Positive
REV_1488,EXCELLENT CUSTOMER SUPPORT WHEN I HAD A QUESTION. EVERYTHING ARRIVED IN PRISTINE PACKAGING. 👍,4,Positive
REV_1489,Works exactly as described. Clean interface and super reliable performance. Check out https://reviews.store/item593,4,Positive
REV_1490,"   Excellent customer support when I had a question. Everything arrived in pristine packaging. 👍 Check out https://reviews.store/item749   

",5,Positive
REV_1491,Super sleek design and very intuitive to use. Best purchase I've made this year. <span>Top notch quality</span>. Check out https://reviews.store/item216,5,Positive
REV_1492,EXCELLENT CUSTOMER SUPPORT WHEN I HAD A QUESTION. EVERYTHING ARRIVED IN PRISTINE PACKAGING. 👍 Check out https://reviews.store/item201,5,Positive
REV_1493,Works exactly as described. Clean interface and super reliable performance. Check out https://reviews.store/item577,5,Positive
REV_1494,Absolutely <b>loved</b> this product! It worked like a charm right out of the box. <br/> Highly recommended! 😊,5,Positive
REV_1495,Works exactly as described. Clean interface and super reliable performance. Check out https://reviews.store/item481,5,Positive
REV_1496,Worst customer support ever. Refused to issue a refund. Totally regret this purchase 😡,1,Negative
REV_1497,"   Complete disaster. Broke on the first try. Returning immediately for a full refund!   

",2,Negative
REV_1498,"THIS IS AMAZING!! Works so smoothly, exceeded all my expectations... Won't hesitate to buy again!!",5,Positive
REV_1499,DEFECTIVE UNIT RECEIVED. CUSTOMER SERVICE WAS UNRESPONSIVE AT HTTP://BAD-HELP.COM. 👎 Contact refund@support-desk.net for details!!!,2,Negative
REV_1500,Works exactly as described. Clean interface and super reliable performance. Check out https://reviews.store/item812,4,Positive
REV_1501,Must have gadget! I told all my colleagues about this. Fast shipping too: contact support@gadgets.org for info. Check out https://reviews.store/item957,4,Positive
REV_1502,"   GREAT QUALITY FOR THE PRICE. DELIVERED FAST FROM HTTPS://EXAMPLE.COM/SHIPPING. FIVE STARS! ⭐️⭐️⭐️⭐️⭐️   

",5,Positive
REV_1503,ABSOLUTELY <B>LOVED</B> THIS PRODUCT! IT WORKED LIKE A CHARM RIGHT OUT OF THE BOX. <BR/> HIGHLY RECOMMENDED! 😊,5,Positive
REV_1504,Must have gadget! I told all my colleagues about this. Fast shipping too: contact support@gadgets.org for info.,5,Positive
REV_1505,"I was skeptical at first, but wow... totally impressed by the build quality! 😊✨",4,Positive
REV_1506,Super sleek design and very intuitive to use. Best purchase I've made this year. <span>Top notch quality</span>. Check out https://reviews.store/item159,5,Positive
REV_1507,"THIS IS AMAZING!! Works so smoothly, exceeded all my expectations... Won't hesitate to buy again!!",5,Positive
REV_1508,Terrible experience!! Stopped working after just 2 days. <b>DO NOT BUY!</b> <br/> Total waste of money 😡,2,Negative
REV_1509,ARRIVED DAMAGED AND MISSING KEY ACCESSORIES. PACKAGING WAS TORN APART. NEVER PURCHASING AGAIN!,1,Negative
REV_1510,"FANTASTIC VALUE! IT IS DURABLE, LOOKS STYLISH, AND PERFORMS FLAWLESSLY.",4,Positive
REV_1511,Arrived damaged and missing key accessories. Packaging was torn apart. Never purchasing again! Contact refund@support-desk.net for details!!!,1,Negative
REV_1512,Super sleek design and very intuitive to use. Best purchase I've made this year. <span>Top notch quality</span>. Check out https://reviews.store/item758,5,Positive
REV_1513,Excellent customer support when I had a question. Everything arrived in pristine packaging. 👍,5,Positive
REV_1514,Must have gadget! I told all my colleagues about this. Fast shipping too: contact support@gadgets.org for info. Check out https://reviews.store/item145,5,Positive
REV_1515,"Do not waste your hard earned cash! Slow, laggy, and full of bugs. 0/10 stars. Contact refund@support-desk.net for details!!!",1,Negative
REV_1516,"   Worst customer support ever. Refused to issue a refund. Totally regret this purchase 😡   

",1,Negative
REV_1517,Excellent customer support when I had a question. Everything arrived in pristine packaging. 👍,4,Positive
REV_1518,REALLY SOLID DEVICE! BATTERY LASTS FOR DAYS AND SETUP WAS SUPER EASY. 10/10 WOULD BUY AGAIN.,5,Positive
REV_1519,GREAT QUALITY FOR THE PRICE. DELIVERED FAST FROM HTTPS://EXAMPLE.COM/SHIPPING. FIVE STARS! ⭐️⭐️⭐️⭐️⭐️,4,Positive
REV_1520,Absolutely <b>loved</b> this product! It worked like a charm right out of the box. <br/> Highly recommended! 😊,4,Positive
REV_1521,Great quality for the price. Delivered fast from https://example.com/shipping. Five stars! ⭐️⭐️⭐️⭐️⭐️,4,Positive
REV_1522,"   Absolutely <b>loved</b> this product! It worked like a charm right out of the box. <br/> Highly recommended! 😊   

",4,Positive
REV_1523,"Fantastic value! It is durable, looks stylish, and performs flawlessly.",4,Positive
REV_1524,Complete disaster. Broke on the first try. Returning immediately for a full refund!,2,Negative
REV_1525,Super sleek design and very intuitive to use. Best purchase I've made this year. <span>Top notch quality</span>.,5,Positive
REV_1526,Excellent customer support when I had a question. Everything arrived in pristine packaging. 👍 Check out https://reviews.store/item328,5,Positive
REV_1527,Must have gadget! I told all my colleagues about this. Fast shipping too: contact support@gadgets.org for info.,5,Positive
REV_1528,"Fantastic value! It is durable, looks stylish, and performs flawlessly.",5,Positive
REV_1529,Must have gadget! I told all my colleagues about this. Fast shipping too: contact support@gadgets.org for info.,4,Positive
REV_1530,"   Do not waste your hard earned cash! Slow, laggy, and full of bugs. 0/10 stars. Contact refund@support-desk.net for details!!!   

",2,Negative
REV_1531,Works exactly as described. Clean interface and super reliable performance.,4,Positive
REV_1532,Absolutely <b>loved</b> this product! It worked like a charm right out of the box. <br/> Highly recommended! 😊,5,Positive
REV_1533,Worst customer support ever. Refused to issue a refund. Totally regret this purchase 😡 Contact refund@support-desk.net for details!!!,2,Negative
REV_1534,"I was skeptical at first, but wow... totally impressed by the build quality! 😊✨",5,Positive
REV_1535,GREAT QUALITY FOR THE PRICE. DELIVERED FAST FROM HTTPS://EXAMPLE.COM/SHIPPING. FIVE STARS! ⭐️⭐️⭐️⭐️⭐️,4,Positive
REV_1536,Excellent customer support when I had a question. Everything arrived in pristine packaging. 👍,4,Positive
REV_1537,"THIS IS AMAZING!! Works so smoothly, exceeded all my expectations... Won't hesitate to buy again!!",4,Positive
REV_1538,GREAT QUALITY FOR THE PRICE. DELIVERED FAST FROM HTTPS://EXAMPLE.COM/SHIPPING. FIVE STARS! ⭐️⭐️⭐️⭐️⭐️,5,Positive
REV_1539,Arrived damaged and missing key accessories. Packaging was torn apart. Never purchasing again! Contact refund@support-desk.net for details!!!,2,Negative
REV_1540,MUST HAVE GADGET! I TOLD ALL MY COLLEAGUES ABOUT THIS. FAST SHIPPING TOO: CONTACT SUPPORT@GADGETS.ORG FOR INFO. Check out https://reviews.store/item605,4,Positive
REV_1541,"Fantastic value! It is durable, looks stylish, and performs flawlessly. Check out https://reviews.store/item649",4,Positive
REV_1542,ABSOLUTELY <B>LOVED</B> THIS PRODUCT! IT WORKED LIKE A CHARM RIGHT OUT OF THE BOX. <BR/> HIGHLY RECOMMENDED! 😊 Check out https://reviews.store/item152,5,Positive
REV_1543,MUST HAVE GADGET! I TOLD ALL MY COLLEAGUES ABOUT THIS. FAST SHIPPING TOO: CONTACT SUPPORT@GADGETS.ORG FOR INFO. Check out https://reviews.store/item109,4,Positive
REV_1544,"I was skeptical at first, but wow... totally impressed by the build quality! 😊✨",4,Positive
REV_1545,Great quality for the price. Delivered fast from https://example.com/shipping. Five stars! ⭐️⭐️⭐️⭐️⭐️,5,Positive
REV_1546,Super sleek design and very intuitive to use. Best purchase I've made this year. <span>Top notch quality</span>.,5,Positive
REV_1547,"I was skeptical at first, but wow... totally impressed by the build quality! 😊✨",4,Positive
REV_1548,"   I was skeptical at first, but wow... totally impressed by the build quality! 😊✨ Check out https://reviews.store/item850   

",5,Positive
REV_1549,SUPER SLEEK DESIGN AND VERY INTUITIVE TO USE. BEST PURCHASE I'VE MADE THIS YEAR. <SPAN>TOP NOTCH QUALITY</SPAN>. Check out https://reviews.store/item650,5,Positive
REV_1550,Must have gadget! I told all my colleagues about this. Fast shipping too: contact support@gadgets.org for info. Check out https://reviews.store/item696,5,Positive
REV_1551,"THIS IS AMAZING!! WORKS SO SMOOTHLY, EXCEEDED ALL MY EXPECTATIONS... WON'T HESITATE TO BUY AGAIN!! Check out https://reviews.store/item256",4,Positive
REV_1552,Must have gadget! I told all my colleagues about this. Fast shipping too: contact support@gadgets.org for info. Check out https://reviews.store/item858,4,Positive
REV_1553,WORKS EXACTLY AS DESCRIBED. CLEAN INTERFACE AND SUPER RELIABLE PERFORMANCE.,4,Positive
REV_1554,"   Really solid device! Battery lasts for days and setup was super easy. 10/10 would buy again.   

",4,Positive
REV_1555,GREAT QUALITY FOR THE PRICE. DELIVERED FAST FROM HTTPS://EXAMPLE.COM/SHIPPING. FIVE STARS! ⭐️⭐️⭐️⭐️⭐️ Check out https://reviews.store/item357,4,Positive
REV_1556,Absolutely <b>loved</b> this product! It worked like a charm right out of the box. <br/> Highly recommended! 😊 Check out https://reviews.store/item465,4,Positive
REV_1557,Great quality for the price. Delivered fast from https://example.com/shipping. Five stars! ⭐️⭐️⭐️⭐️⭐️ Check out https://reviews.store/item789,4,Positive
REV_1558,WORKS EXACTLY AS DESCRIBED. CLEAN INTERFACE AND SUPER RELIABLE PERFORMANCE. Check out https://reviews.store/item358,5,Positive
REV_1559,"Fantastic value! It is durable, looks stylish, and performs flawlessly.",5,Positive
REV_1560,"I was skeptical at first, but wow... totally impressed by the build quality! 😊✨",5,Positive
REV_1561,Defective unit received. Customer service was unresponsive at http://bad-help.com. 👎 Contact refund@support-desk.net for details!!!,1,Negative
REV_1562,"   Works exactly as described. Clean interface and super reliable performance. Check out https://reviews.store/item677   

",4,Positive
REV_1563,Arrived damaged and missing key accessories. Packaging was torn apart. Never purchasing again!,1,Negative
REV_1564,HORRIBLE! It overheats within 10 minutes. Extremely unsafe and cheap plastic smell. Contact refund@support-desk.net for details!!!,1,Negative
REV_1565,"Fantastic value! It is durable, looks stylish, and performs flawlessly.",4,Positive
REV_1566,"Fantastic value! It is durable, looks stylish, and performs flawlessly.",4,Positive
REV_1567,"   Great quality for the price. Delivered fast from https://example.com/shipping. Five stars! ⭐️⭐️⭐️⭐️⭐️   

",4,Positive
REV_1568,"I WAS SKEPTICAL AT FIRST, BUT WOW... TOTALLY IMPRESSED BY THE BUILD QUALITY! 😊✨",4,Positive
REV_1569,GREAT QUALITY FOR THE PRICE. DELIVERED FAST FROM HTTPS://EXAMPLE.COM/SHIPPING. FIVE STARS! ⭐️⭐️⭐️⭐️⭐️,4,Positive
REV_1570,"   I was skeptical at first, but wow... totally impressed by the build quality! 😊✨ Check out https://reviews.store/item866   

",5,Positive
REV_1571,MUST HAVE GADGET! I TOLD ALL MY COLLEAGUES ABOUT THIS. FAST SHIPPING TOO: CONTACT SUPPORT@GADGETS.ORG FOR INFO.,5,Positive
REV_1572,"Fantastic value! It is durable, looks stylish, and performs flawlessly.",4,Positive
REV_1573,Must have gadget! I told all my colleagues about this. Fast shipping too: contact support@gadgets.org for info. Check out https://reviews.store/item296,4,Positive
REV_1574,WORKS EXACTLY AS DESCRIBED. CLEAN INTERFACE AND SUPER RELIABLE PERFORMANCE. Check out https://reviews.store/item731,4,Positive
REV_1575,Excellent customer support when I had a question. Everything arrived in pristine packaging. 👍,5,Positive
REV_1576,Great quality for the price. Delivered fast from https://example.com/shipping. Five stars! ⭐️⭐️⭐️⭐️⭐️,5,Positive
REV_1577,"   ABSOLUTELY <B>LOVED</B> THIS PRODUCT! IT WORKED LIKE A CHARM RIGHT OUT OF THE BOX. <BR/> HIGHLY RECOMMENDED! 😊   

",5,Positive
REV_1578,Great quality for the price. Delivered fast from https://example.com/shipping. Five stars! ⭐️⭐️⭐️⭐️⭐️ Check out https://reviews.store/item479,5,Positive
REV_1579,Must have gadget! I told all my colleagues about this. Fast shipping too: contact support@gadgets.org for info.,5,Positive
REV_1580,"   I WAS SKEPTICAL AT FIRST, BUT WOW... TOTALLY IMPRESSED BY THE BUILD QUALITY! 😊✨   

",4,Positive
REV_1581,Excellent customer support when I had a question. Everything arrived in pristine packaging. 👍,5,Positive
REV_1582,Excellent customer support when I had a question. Everything arrived in pristine packaging. 👍 Check out https://reviews.store/item582,4,Positive
REV_1583,"I was skeptical at first, but wow... totally impressed by the build quality! 😊✨",4,Positive
REV_1584,"   Works exactly as described. Clean interface and super reliable performance.   

",4,Positive
REV_1585,Absolutely <b>loved</b> this product! It worked like a charm right out of the box. <br/> Highly recommended! 😊,4,Positive
REV_1586,COMPLETE DISASTER. BROKE ON THE FIRST TRY. RETURNING IMMEDIATELY FOR A FULL REFUND!,1,Negative
REV_1587,ABSOLUTELY <B>LOVED</B> THIS PRODUCT! IT WORKED LIKE A CHARM RIGHT OUT OF THE BOX. <BR/> HIGHLY RECOMMENDED! 😊 Check out https://reviews.store/item665,4,Positive
REV_1588,Excellent customer support when I had a question. Everything arrived in pristine packaging. 👍 Check out https://reviews.store/item334,4,Positive
REV_1589,Must have gadget! I told all my colleagues about this. Fast shipping too: contact support@gadgets.org for info.,5,Positive
REV_1590,"DO NOT WASTE YOUR HARD EARNED CASH! SLOW, LAGGY, AND FULL OF BUGS. 0/10 STARS.",1,Negative
REV_1591,"Fantastic value! It is durable, looks stylish, and performs flawlessly.",5,Positive
REV_1592,"Fantastic value! It is durable, looks stylish, and performs flawlessly.",4,Positive
REV_1593,"Do not waste your hard earned cash! Slow, laggy, and full of bugs. 0/10 stars.",1,Negative
REV_1594,Must have gadget! I told all my colleagues about this. Fast shipping too: contact support@gadgets.org for info. Check out https://reviews.store/item241,4,Positive
REV_1595,Great quality for the price. Delivered fast from https://example.com/shipping. Five stars! ⭐️⭐️⭐️⭐️⭐️ Check out https://reviews.store/item416,5,Positive
REV_1596,Complete disaster. Broke on the first try. Returning immediately for a full refund!,2,Negative
REV_1597,GREAT QUALITY FOR THE PRICE. DELIVERED FAST FROM HTTPS://EXAMPLE.COM/SHIPPING. FIVE STARS! ⭐️⭐️⭐️⭐️⭐️,5,Positive
REV_1598,"   THIS IS AMAZING!! Works so smoothly, exceeded all my expectations... Won't hesitate to buy again!!   

",4,Positive
REV_1599,"THIS IS AMAZING!! Works so smoothly, exceeded all my expectations... Won't hesitate to buy again!!",4,Positive
REV_1600,Arrived damaged and missing key accessories. Packaging was torn apart. Never purchasing again!,1,Negative
REV_1601,Must have gadget! I told all my colleagues about this. Fast shipping too: contact support@gadgets.org for info.,4,Positive
REV_1602,"   Works exactly as described. Clean interface and super reliable performance.   

",4,Positive
REV_1603,Works exactly as described. Clean interface and super reliable performance.,5,Positive
REV_1604,Works exactly as described. Clean interface and super reliable performance. Check out https://reviews.store/item519,4,Positive
REV_1605,"   Must have gadget! I told all my colleagues about this. Fast shipping too: contact support@gadgets.org for info.   

",5,Positive
REV_1606,REALLY SOLID DEVICE! BATTERY LASTS FOR DAYS AND SETUP WAS SUPER EASY. 10/10 WOULD BUY AGAIN.,4,Positive
REV_1607,Really solid device! Battery lasts for days and setup was super easy. 10/10 would buy again.,5,Positive
REV_1608,"I was skeptical at first, but wow... totally impressed by the build quality! 😊✨",4,Positive
REV_1609,Really solid device! Battery lasts for days and setup was super easy. 10/10 would buy again. Check out https://reviews.store/item691,4,Positive
REV_1610,"THIS IS AMAZING!! WORKS SO SMOOTHLY, EXCEEDED ALL MY EXPECTATIONS... WON'T HESITATE TO BUY AGAIN!!",4,Positive
REV_1611,"I was skeptical at first, but wow... totally impressed by the build quality! 😊✨",4,Positive
REV_1612,"THIS IS AMAZING!! WORKS SO SMOOTHLY, EXCEEDED ALL MY EXPECTATIONS... WON'T HESITATE TO BUY AGAIN!!",4,Positive
REV_1613,ABSOLUTELY <B>LOVED</B> THIS PRODUCT! IT WORKED LIKE A CHARM RIGHT OUT OF THE BOX. <BR/> HIGHLY RECOMMENDED! 😊 Check out https://reviews.store/item554,5,Positive
REV_1614,Absolutely <b>loved</b> this product! It worked like a charm right out of the box. <br/> Highly recommended! 😊,4,Positive
REV_1615,"   Excellent customer support when I had a question. Everything arrived in pristine packaging. 👍   

",4,Positive
REV_1616,"I was skeptical at first, but wow... totally impressed by the build quality! 😊✨ Check out https://reviews.store/item841",4,Positive
REV_1617,Excellent customer support when I had a question. Everything arrived in pristine packaging. 👍,5,Positive
REV_1618,"FANTASTIC VALUE! IT IS DURABLE, LOOKS STYLISH, AND PERFORMS FLAWLESSLY.",4,Positive
REV_1619,Must have gadget! I told all my colleagues about this. Fast shipping too: contact support@gadgets.org for info.,5,Positive
REV_1620,"Do not waste your hard earned cash! Slow, laggy, and full of bugs. 0/10 stars. Contact refund@support-desk.net for details!!!",2,Negative
REV_1621,"   Do not waste your hard earned cash! Slow, laggy, and full of bugs. 0/10 stars. Contact refund@support-desk.net for details!!!   

",2,Negative
REV_1622,"I was skeptical at first, but wow... totally impressed by the build quality! 😊✨",4,Positive
REV_1623,"THIS IS AMAZING!! Works so smoothly, exceeded all my expectations... Won't hesitate to buy again!!",5,Positive
REV_1624,Defective unit received. Customer service was unresponsive at http://bad-help.com. 👎,1,Negative
REV_1625,Poor quality material. The handle snapped instantly. Very disappointed with this brand.,1,Negative
REV_1626,REALLY SOLID DEVICE! BATTERY LASTS FOR DAYS AND SETUP WAS SUPER EASY. 10/10 WOULD BUY AGAIN. Check out https://reviews.store/item451,5,Positive
REV_1627,"Do not waste your hard earned cash! Slow, laggy, and full of bugs. 0/10 stars.",2,Negative
REV_1628,Must have gadget! I told all my colleagues about this. Fast shipping too: contact support@gadgets.org for info. Check out https://reviews.store/item974,4,Positive
REV_1629,ABSOLUTELY <B>LOVED</B> THIS PRODUCT! IT WORKED LIKE A CHARM RIGHT OUT OF THE BOX. <BR/> HIGHLY RECOMMENDED! 😊,5,Positive
REV_1630,MUST HAVE GADGET! I TOLD ALL MY COLLEAGUES ABOUT THIS. FAST SHIPPING TOO: CONTACT SUPPORT@GADGETS.ORG FOR INFO.,4,Positive
REV_1631,SUPER SLEEK DESIGN AND VERY INTUITIVE TO USE. BEST PURCHASE I'VE MADE THIS YEAR. <SPAN>TOP NOTCH QUALITY</SPAN>.,4,Positive
REV_1632,REALLY SOLID DEVICE! BATTERY LASTS FOR DAYS AND SETUP WAS SUPER EASY. 10/10 WOULD BUY AGAIN. Check out https://reviews.store/item488,4,Positive
REV_1633,"   Absolutely <b>loved</b> this product! It worked like a charm right out of the box. <br/> Highly recommended! 😊 Check out https://reviews.store/item320   

",4,Positive
REV_1634,Absolutely <b>loved</b> this product! It worked like a charm right out of the box. <br/> Highly recommended! 😊 Check out https://reviews.store/item418,5,Positive
REV_1635,Super sleek design and very intuitive to use. Best purchase I've made this year. <span>Top notch quality</span>.,4,Positive
REV_1636,Excellent customer support when I had a question. Everything arrived in pristine packaging. 👍,4,Positive
REV_1637,"Fantastic value! It is durable, looks stylish, and performs flawlessly.",4,Positive
REV_1638,Excellent customer support when I had a question. Everything arrived in pristine packaging. 👍,5,Positive
REV_1639,Really solid device! Battery lasts for days and setup was super easy. 10/10 would buy again. Check out https://reviews.store/item989,4,Positive
REV_1640,"   THIS IS AMAZING!! Works so smoothly, exceeded all my expectations... Won't hesitate to buy again!!   

",4,Positive
REV_1641,"I was skeptical at first, but wow... totally impressed by the build quality! 😊✨ Check out https://reviews.store/item675",5,Positive
REV_1642,COMPLETE DISASTER. BROKE ON THE FIRST TRY. RETURNING IMMEDIATELY FOR A FULL REFUND!,2,Negative
REV_1643,ABSOLUTELY <B>LOVED</B> THIS PRODUCT! IT WORKED LIKE A CHARM RIGHT OUT OF THE BOX. <BR/> HIGHLY RECOMMENDED! 😊 Check out https://reviews.store/item730,4,Positive
REV_1644,"   Arrived damaged and missing key accessories. Packaging was torn apart. Never purchasing again!   

",1,Negative
REV_1645,WORKS EXACTLY AS DESCRIBED. CLEAN INTERFACE AND SUPER RELIABLE PERFORMANCE. Check out https://reviews.store/item776,4,Positive
REV_1646,Works exactly as described. Clean interface and super reliable performance.,4,Positive
REV_1647,"   Defective unit received. Customer service was unresponsive at http://bad-help.com. 👎 Contact refund@support-desk.net for details!!!   

",2,Negative
REV_1648,Complete disaster. Broke on the first try. Returning immediately for a full refund!,1,Negative
REV_1649,"   Works exactly as described. Clean interface and super reliable performance.   

",5,Positive
REV_1650,Great quality for the price. Delivered fast from https://example.com/shipping. Five stars! ⭐️⭐️⭐️⭐️⭐️,5,Positive
REV_1651,Works exactly as described. Clean interface and super reliable performance. Check out https://reviews.store/item106,4,Positive
REV_1652,Excellent customer support when I had a question. Everything arrived in pristine packaging. 👍,4,Positive
REV_1653,Defective unit received. Customer service was unresponsive at http://bad-help.com. 👎 Contact refund@support-desk.net for details!!!,1,Negative
REV_1654,"   THIS IS AMAZING!! Works so smoothly, exceeded all my expectations... Won't hesitate to buy again!! Check out https://reviews.store/item517   

",4,Positive
REV_1655,"   GREAT QUALITY FOR THE PRICE. DELIVERED FAST FROM HTTPS://EXAMPLE.COM/SHIPPING. FIVE STARS! ⭐️⭐️⭐️⭐️⭐️ Check out https://reviews.store/item328   

",4,Positive
REV_1656,"Fantastic value! It is durable, looks stylish, and performs flawlessly. Check out https://reviews.store/item366",5,Positive
REV_1657,"   EXCELLENT CUSTOMER SUPPORT WHEN I HAD A QUESTION. EVERYTHING ARRIVED IN PRISTINE PACKAGING. 👍 Check out https://reviews.store/item450   

",5,Positive
REV_1658,REALLY SOLID DEVICE! BATTERY LASTS FOR DAYS AND SETUP WAS SUPER EASY. 10/10 WOULD BUY AGAIN.,5,Positive
REV_1659,Great quality for the price. Delivered fast from https://example.com/shipping. Five stars! ⭐️⭐️⭐️⭐️⭐️ Check out https://reviews.store/item529,4,Positive
REV_1660,"Fantastic value! It is durable, looks stylish, and performs flawlessly.",4,Positive
REV_1661,Super sleek design and very intuitive to use. Best purchase I've made this year. <span>Top notch quality</span>.,5,Positive
REV_1662,"Fantastic value! It is durable, looks stylish, and performs flawlessly.",4,Positive
REV_1663,REALLY SOLID DEVICE! BATTERY LASTS FOR DAYS AND SETUP WAS SUPER EASY. 10/10 WOULD BUY AGAIN.,4,Positive
REV_1664,Poor quality material. The handle snapped instantly. Very disappointed with this brand.,1,Negative
REV_1665,Super sleek design and very intuitive to use. Best purchase I've made this year. <span>Top notch quality</span>.,5,Positive
REV_1666,"THIS IS AMAZING!! WORKS SO SMOOTHLY, EXCEEDED ALL MY EXPECTATIONS... WON'T HESITATE TO BUY AGAIN!!",5,Positive
REV_1667,"FANTASTIC VALUE! IT IS DURABLE, LOOKS STYLISH, AND PERFORMS FLAWLESSLY.",5,Positive
REV_1668,Super sleek design and very intuitive to use. Best purchase I've made this year. <span>Top notch quality</span>.,5,Positive
REV_1669,REALLY SOLID DEVICE! BATTERY LASTS FOR DAYS AND SETUP WAS SUPER EASY. 10/10 WOULD BUY AGAIN.,4,Positive
REV_1670,Really solid device! Battery lasts for days and setup was super easy. 10/10 would buy again. Check out https://reviews.store/item401,4,Positive
REV_1671,"   Terrible experience!! Stopped working after just 2 days. <b>DO NOT BUY!</b> <br/> Total waste of money 😡   

",1,Negative
REV_1672,Excellent customer support when I had a question. Everything arrived in pristine packaging. 👍 Check out https://reviews.store/item235,5,Positive
REV_1673,"I WAS SKEPTICAL AT FIRST, BUT WOW... TOTALLY IMPRESSED BY THE BUILD QUALITY! 😊✨ Check out https://reviews.store/item358",5,Positive
REV_1674,"THIS IS AMAZING!! Works so smoothly, exceeded all my expectations... Won't hesitate to buy again!!",5,Positive
REV_1675,"Do not waste your hard earned cash! Slow, laggy, and full of bugs. 0/10 stars. Contact refund@support-desk.net for details!!!",2,Negative
REV_1676,"THIS IS AMAZING!! WORKS SO SMOOTHLY, EXCEEDED ALL MY EXPECTATIONS... WON'T HESITATE TO BUY AGAIN!!",5,Positive
REV_1677,Must have gadget! I told all my colleagues about this. Fast shipping too: contact support@gadgets.org for info. Check out https://reviews.store/item216,5,Positive
REV_1678,WORKS EXACTLY AS DESCRIBED. CLEAN INTERFACE AND SUPER RELIABLE PERFORMANCE. Check out https://reviews.store/item679,4,Positive
REV_1679,Super sleek design and very intuitive to use. Best purchase I've made this year. <span>Top notch quality</span>.,4,Positive
REV_1680,Arrived damaged and missing key accessories. Packaging was torn apart. Never purchasing again!,1,Negative
REV_1681,Excellent customer support when I had a question. Everything arrived in pristine packaging. 👍,4,Positive
REV_1682,Super sleek design and very intuitive to use. Best purchase I've made this year. <span>Top notch quality</span>.,5,Positive
REV_1683,"   Super sleek design and very intuitive to use. Best purchase I've made this year. <span>Top notch quality</span>. Check out https://reviews.store/item303   

",4,Positive
REV_1684,"   THIS IS AMAZING!! Works so smoothly, exceeded all my expectations... Won't hesitate to buy again!!   

",4,Positive
REV_1685,Must have gadget! I told all my colleagues about this. Fast shipping too: contact support@gadgets.org for info. Check out https://reviews.store/item294,4,Positive
REV_1686,"THIS IS AMAZING!! Works so smoothly, exceeded all my expectations... Won't hesitate to buy again!!",5,Positive
REV_1687,Super sleek design and very intuitive to use. Best purchase I've made this year. <span>Top notch quality</span>. Check out https://reviews.store/item150,5,Positive
REV_1688,"I was skeptical at first, but wow... totally impressed by the build quality! 😊✨ Check out https://reviews.store/item914",5,Positive
REV_1689,ABSOLUTELY <B>LOVED</B> THIS PRODUCT! IT WORKED LIKE A CHARM RIGHT OUT OF THE BOX. <BR/> HIGHLY RECOMMENDED! 😊,4,Positive
REV_1690,Really solid device! Battery lasts for days and setup was super easy. 10/10 would buy again. Check out https://reviews.store/item357,5,Positive
REV_1691,GREAT QUALITY FOR THE PRICE. DELIVERED FAST FROM HTTPS://EXAMPLE.COM/SHIPPING. FIVE STARS! ⭐️⭐️⭐️⭐️⭐️ Check out https://reviews.store/item195,5,Positive
REV_1692,MUST HAVE GADGET! I TOLD ALL MY COLLEAGUES ABOUT THIS. FAST SHIPPING TOO: CONTACT SUPPORT@GADGETS.ORG FOR INFO.,4,Positive
REV_1693,HORRIBLE! It overheats within 10 minutes. Extremely unsafe and cheap plastic smell.,1,Negative
REV_1694,WORST CUSTOMER SUPPORT EVER. REFUSED TO ISSUE A REFUND. TOTALLY REGRET THIS PURCHASE 😡,2,Negative
REV_1695,"Do not waste your hard earned cash! Slow, laggy, and full of bugs. 0/10 stars.",1,Negative
REV_1696,Super sleek design and very intuitive to use. Best purchase I've made this year. <span>Top notch quality</span>.,4,Positive
REV_1697,"   Worst customer support ever. Refused to issue a refund. Totally regret this purchase 😡   

",1,Negative
REV_1698,"   Fantastic value! It is durable, looks stylish, and performs flawlessly.   

",5,Positive
REV_1699,"   Excellent customer support when I had a question. Everything arrived in pristine packaging. 👍   

",5,Positive
REV_1700,"   Fantastic value! It is durable, looks stylish, and performs flawlessly.   

",5,Positive
REV_1701,WORKS EXACTLY AS DESCRIBED. CLEAN INTERFACE AND SUPER RELIABLE PERFORMANCE.,4,Positive
REV_1702,Must have gadget! I told all my colleagues about this. Fast shipping too: contact support@gadgets.org for info. Check out https://reviews.store/item694,4,Positive
REV_1703,COMPLETE DISASTER. BROKE ON THE FIRST TRY. RETURNING IMMEDIATELY FOR A FULL REFUND!,1,Negative
REV_1704,"THIS IS AMAZING!! Works so smoothly, exceeded all my expectations... Won't hesitate to buy again!! Check out https://reviews.store/item576",5,Positive
REV_1705,REALLY SOLID DEVICE! BATTERY LASTS FOR DAYS AND SETUP WAS SUPER EASY. 10/10 WOULD BUY AGAIN.,4,Positive
REV_1706,Super sleek design and very intuitive to use. Best purchase I've made this year. <span>Top notch quality</span>. Check out https://reviews.store/item933,4,Positive
REV_1707,Arrived damaged and missing key accessories. Packaging was torn apart. Never purchasing again!,2,Negative
REV_1708,"   Terrible experience!! Stopped working after just 2 days. <b>DO NOT BUY!</b> <br/> Total waste of money 😡 Contact refund@support-desk.net for details!!!   

",1,Negative
REV_1709,MUST HAVE GADGET! I TOLD ALL MY COLLEAGUES ABOUT THIS. FAST SHIPPING TOO: CONTACT SUPPORT@GADGETS.ORG FOR INFO.,4,Positive
REV_1710,"Fantastic value! It is durable, looks stylish, and performs flawlessly.",5,Positive
REV_1711,Works exactly as described. Clean interface and super reliable performance.,5,Positive
REV_1712,"   Works exactly as described. Clean interface and super reliable performance.   

",5,Positive
REV_1713,Works exactly as described. Clean interface and super reliable performance. Check out https://reviews.store/item530,4,Positive
REV_1714,"I was skeptical at first, but wow... totally impressed by the build quality! 😊✨",4,Positive
REV_1715,"   Terrible experience!! Stopped working after just 2 days. <b>DO NOT BUY!</b> <br/> Total waste of money 😡 Contact refund@support-desk.net for details!!!   

",2,Negative
REV_1716,Excellent customer support when I had a question. Everything arrived in pristine packaging. 👍 Check out https://reviews.store/item981,5,Positive
REV_1717,Works exactly as described. Clean interface and super reliable performance.,5,Positive
REV_1718,Super sleek design and very intuitive to use. Best purchase I've made this year. <span>Top notch quality</span>. Check out https://reviews.store/item751,4,Positive
REV_1719,"FANTASTIC VALUE! IT IS DURABLE, LOOKS STYLISH, AND PERFORMS FLAWLESSLY.",5,Positive
REV_1720,WORKS EXACTLY AS DESCRIBED. CLEAN INTERFACE AND SUPER RELIABLE PERFORMANCE. Check out https://reviews.store/item202,5,Positive
REV_1721,Excellent customer support when I had a question. Everything arrived in pristine packaging. 👍,5,Positive
REV_1722,"I WAS SKEPTICAL AT FIRST, BUT WOW... TOTALLY IMPRESSED BY THE BUILD QUALITY! 😊✨ Check out https://reviews.store/item467",5,Positive
REV_1723,"   MUST HAVE GADGET! I TOLD ALL MY COLLEAGUES ABOUT THIS. FAST SHIPPING TOO: CONTACT SUPPORT@GADGETS.ORG FOR INFO.   

",5,Positive
REV_1724,"   Defective unit received. Customer service was unresponsive at http://bad-help.com. 👎   

",1,Negative
REV_1725,Really solid device! Battery lasts for days and setup was super easy. 10/10 would buy again.,4,Positive
REV_1726,Excellent customer support when I had a question. Everything arrived in pristine packaging. 👍 Check out https://reviews.store/item710,5,Positive
REV_1727,Works exactly as described. Clean interface and super reliable performance. Check out https://reviews.store/item836,4,Positive
REV_1728,SUPER SLEEK DESIGN AND VERY INTUITIVE TO USE. BEST PURCHASE I'VE MADE THIS YEAR. <SPAN>TOP NOTCH QUALITY</SPAN>.,5,Positive
REV_1729,"   MUST HAVE GADGET! I TOLD ALL MY COLLEAGUES ABOUT THIS. FAST SHIPPING TOO: CONTACT SUPPORT@GADGETS.ORG FOR INFO. Check out https://reviews.store/item746   

",4,Positive
REV_1730,"I was skeptical at first, but wow... totally impressed by the build quality! 😊✨",5,Positive
REV_1731,Great quality for the price. Delivered fast from https://example.com/shipping. Five stars! ⭐️⭐️⭐️⭐️⭐️,5,Positive
REV_1732,Must have gadget! I told all my colleagues about this. Fast shipping too: contact support@gadgets.org for info. Check out https://reviews.store/item199,5,Positive
REV_1733,Worst customer support ever. Refused to issue a refund. Totally regret this purchase 😡 Contact refund@support-desk.net for details!!!,1,Negative
REV_1734,"   Excellent customer support when I had a question. Everything arrived in pristine packaging. 👍 Check out https://reviews.store/item856   

",4,Positive
REV_1735,MUST HAVE GADGET! I TOLD ALL MY COLLEAGUES ABOUT THIS. FAST SHIPPING TOO: CONTACT SUPPORT@GADGETS.ORG FOR INFO. Check out https://reviews.store/item366,5,Positive
REV_1736,MUST HAVE GADGET! I TOLD ALL MY COLLEAGUES ABOUT THIS. FAST SHIPPING TOO: CONTACT SUPPORT@GADGETS.ORG FOR INFO. Check out https://reviews.store/item943,5,Positive
REV_1737,"   Fantastic value! It is durable, looks stylish, and performs flawlessly.   

",5,Positive
REV_1738,"Fantastic value! It is durable, looks stylish, and performs flawlessly.",5,Positive
REV_1739,"   Fantastic value! It is durable, looks stylish, and performs flawlessly.   

",4,Positive
REV_1740,WORKS EXACTLY AS DESCRIBED. CLEAN INTERFACE AND SUPER RELIABLE PERFORMANCE.,4,Positive
REV_1741,ABSOLUTELY <B>LOVED</B> THIS PRODUCT! IT WORKED LIKE A CHARM RIGHT OUT OF THE BOX. <BR/> HIGHLY RECOMMENDED! 😊 Check out https://reviews.store/item874,5,Positive
REV_1742,Really solid device! Battery lasts for days and setup was super easy. 10/10 would buy again. Check out https://reviews.store/item864,4,Positive
REV_1743,Excellent customer support when I had a question. Everything arrived in pristine packaging. 👍,4,Positive
REV_1744,"Fantastic value! It is durable, looks stylish, and performs flawlessly.",5,Positive
REV_1745,GREAT QUALITY FOR THE PRICE. DELIVERED FAST FROM HTTPS://EXAMPLE.COM/SHIPPING. FIVE STARS! ⭐️⭐️⭐️⭐️⭐️,5,Positive
REV_1746,Super sleek design and very intuitive to use. Best purchase I've made this year. <span>Top notch quality</span>.,4,Positive
REV_1747,"   I was skeptical at first, but wow... totally impressed by the build quality! 😊✨   

",5,Positive
REV_1748,Must have gadget! I told all my colleagues about this. Fast shipping too: contact support@gadgets.org for info.,4,Positive
REV_1749,"   WORST CUSTOMER SUPPORT EVER. REFUSED TO ISSUE A REFUND. TOTALLY REGRET THIS PURCHASE 😡 Contact refund@support-desk.net for details!!!   

",1,Negative
REV_1750,"   I was skeptical at first, but wow... totally impressed by the build quality! 😊✨   

",4,Positive
REV_1751,"I was skeptical at first, but wow... totally impressed by the build quality! 😊✨",5,Positive
REV_1752,WORKS EXACTLY AS DESCRIBED. CLEAN INTERFACE AND SUPER RELIABLE PERFORMANCE. Check out https://reviews.store/item291,5,Positive
REV_1753,"THIS IS AMAZING!! Works so smoothly, exceeded all my expectations... Won't hesitate to buy again!!",5,Positive
REV_1754,"   I WAS SKEPTICAL AT FIRST, BUT WOW... TOTALLY IMPRESSED BY THE BUILD QUALITY! 😊✨   

",5,Positive
REV_1755,ABSOLUTELY <B>LOVED</B> THIS PRODUCT! IT WORKED LIKE A CHARM RIGHT OUT OF THE BOX. <BR/> HIGHLY RECOMMENDED! 😊,5,Positive
REV_1756,Works exactly as described. Clean interface and super reliable performance.,5,Positive
REV_1757,"   THIS IS AMAZING!! Works so smoothly, exceeded all my expectations... Won't hesitate to buy again!! Check out https://reviews.store/item219   

",4,Positive
REV_1758,Super sleek design and very intuitive to use. Best purchase I've made this year. <span>Top notch quality</span>.,5,Positive
REV_1759,EXCELLENT CUSTOMER SUPPORT WHEN I HAD A QUESTION. EVERYTHING ARRIVED IN PRISTINE PACKAGING. 👍,5,Positive
REV_1760,"   THIS IS AMAZING!! Works so smoothly, exceeded all my expectations... Won't hesitate to buy again!! Check out https://reviews.store/item964   

",5,Positive
REV_1761,Defective unit received. Customer service was unresponsive at http://bad-help.com. 👎 Contact refund@support-desk.net for details!!!,2,Negative
REV_1762,"THIS IS AMAZING!! WORKS SO SMOOTHLY, EXCEEDED ALL MY EXPECTATIONS... WON'T HESITATE TO BUY AGAIN!! Check out https://reviews.store/item531",4,Positive
REV_1763,Must have gadget! I told all my colleagues about this. Fast shipping too: contact support@gadgets.org for info.,4,Positive
REV_1764,Complete disaster. Broke on the first try. Returning immediately for a full refund! Contact refund@support-desk.net for details!!!,2,Negative
REV_1765,Really solid device! Battery lasts for days and setup was super easy. 10/10 would buy again.,4,Positive
REV_1766,Excellent customer support when I had a question. Everything arrived in pristine packaging. 👍,5,Positive
REV_1767,"FANTASTIC VALUE! IT IS DURABLE, LOOKS STYLISH, AND PERFORMS FLAWLESSLY.",5,Positive
REV_1768,Works exactly as described. Clean interface and super reliable performance.,4,Positive
REV_1769,POOR QUALITY MATERIAL. THE HANDLE SNAPPED INSTANTLY. VERY DISAPPOINTED WITH THIS BRAND. Contact refund@support-desk.net for details!!!,2,Negative
REV_1770,"THIS IS AMAZING!! Works so smoothly, exceeded all my expectations... Won't hesitate to buy again!! Check out https://reviews.store/item158",5,Positive
REV_1771,Excellent customer support when I had a question. Everything arrived in pristine packaging. 👍,4,Positive
REV_1772,Great quality for the price. Delivered fast from https://example.com/shipping. Five stars! ⭐️⭐️⭐️⭐️⭐️,4,Positive
REV_1773,"FANTASTIC VALUE! IT IS DURABLE, LOOKS STYLISH, AND PERFORMS FLAWLESSLY.",4,Positive
REV_1774,"THIS IS AMAZING!! Works so smoothly, exceeded all my expectations... Won't hesitate to buy again!! Check out https://reviews.store/item792",5,Positive
REV_1775,"THIS IS AMAZING!! Works so smoothly, exceeded all my expectations... Won't hesitate to buy again!!",5,Positive
REV_1776,Excellent customer support when I had a question. Everything arrived in pristine packaging. 👍 Check out https://reviews.store/item290,5,Positive
REV_1777,Poor quality material. The handle snapped instantly. Very disappointed with this brand.,2,Negative
REV_1778,Works exactly as described. Clean interface and super reliable performance.,4,Positive
REV_1779,SUPER SLEEK DESIGN AND VERY INTUITIVE TO USE. BEST PURCHASE I'VE MADE THIS YEAR. <SPAN>TOP NOTCH QUALITY</SPAN>. Check out https://reviews.store/item134,4,Positive
REV_1780,Must have gadget! I told all my colleagues about this. Fast shipping too: contact support@gadgets.org for info. Check out https://reviews.store/item538,4,Positive
REV_1781,Must have gadget! I told all my colleagues about this. Fast shipping too: contact support@gadgets.org for info.,5,Positive
REV_1782,Excellent customer support when I had a question. Everything arrived in pristine packaging. 👍,5,Positive
REV_1783,"   Fantastic value! It is durable, looks stylish, and performs flawlessly.   

",4,Positive
REV_1784,COMPLETE DISASTER. BROKE ON THE FIRST TRY. RETURNING IMMEDIATELY FOR A FULL REFUND! Contact refund@support-desk.net for details!!!,1,Negative
REV_1785,"THIS IS AMAZING!! WORKS SO SMOOTHLY, EXCEEDED ALL MY EXPECTATIONS... WON'T HESITATE TO BUY AGAIN!!",5,Positive
REV_1786,EXCELLENT CUSTOMER SUPPORT WHEN I HAD A QUESTION. EVERYTHING ARRIVED IN PRISTINE PACKAGING. 👍,5,Positive
REV_1787,"Do not waste your hard earned cash! Slow, laggy, and full of bugs. 0/10 stars.",1,Negative
REV_1788,MUST HAVE GADGET! I TOLD ALL MY COLLEAGUES ABOUT THIS. FAST SHIPPING TOO: CONTACT SUPPORT@GADGETS.ORG FOR INFO. Check out https://reviews.store/item560,5,Positive
REV_1789,POOR QUALITY MATERIAL. THE HANDLE SNAPPED INSTANTLY. VERY DISAPPOINTED WITH THIS BRAND.,2,Negative
REV_1790,"THIS IS AMAZING!! Works so smoothly, exceeded all my expectations... Won't hesitate to buy again!!",4,Positive
REV_1791,Poor quality material. The handle snapped instantly. Very disappointed with this brand. Contact refund@support-desk.net for details!!!,2,Negative
REV_1792,Excellent customer support when I had a question. Everything arrived in pristine packaging. 👍,5,Positive
REV_1793,Absolutely <b>loved</b> this product! It worked like a charm right out of the box. <br/> Highly recommended! 😊,4,Positive
REV_1794,Great quality for the price. Delivered fast from https://example.com/shipping. Five stars! ⭐️⭐️⭐️⭐️⭐️,5,Positive
REV_1795,MUST HAVE GADGET! I TOLD ALL MY COLLEAGUES ABOUT THIS. FAST SHIPPING TOO: CONTACT SUPPORT@GADGETS.ORG FOR INFO.,4,Positive
REV_1796,"   Great quality for the price. Delivered fast from https://example.com/shipping. Five stars! ⭐️⭐️⭐️⭐️⭐️   

",5,Positive
REV_1797,"   Absolutely <b>loved</b> this product! It worked like a charm right out of the box. <br/> Highly recommended! 😊 Check out https://reviews.store/item157   

",4,Positive
REV_1798,"THIS IS AMAZING!! Works so smoothly, exceeded all my expectations... Won't hesitate to buy again!!",5,Positive
REV_1799,"   Must have gadget! I told all my colleagues about this. Fast shipping too: contact support@gadgets.org for info.   

",4,Positive
REV_1800,Poor quality material. The handle snapped instantly. Very disappointed with this brand.,1,Negative
REV_1801,GREAT QUALITY FOR THE PRICE. DELIVERED FAST FROM HTTPS://EXAMPLE.COM/SHIPPING. FIVE STARS! ⭐️⭐️⭐️⭐️⭐️ Check out https://reviews.store/item761,4,Positive
REV_1802,HORRIBLE! It overheats within 10 minutes. Extremely unsafe and cheap plastic smell.,2,Negative
REV_1803,"I WAS SKEPTICAL AT FIRST, BUT WOW... TOTALLY IMPRESSED BY THE BUILD QUALITY! 😊✨ Check out https://reviews.store/item261",5,Positive
REV_1804,"Fantastic value! It is durable, looks stylish, and performs flawlessly. Check out https://reviews.store/item420",5,Positive
REV_1805,"THIS IS AMAZING!! Works so smoothly, exceeded all my expectations... Won't hesitate to buy again!!",4,Positive
REV_1806,Works exactly as described. Clean interface and super reliable performance.,4,Positive
REV_1807,HORRIBLE! IT OVERHEATS WITHIN 10 MINUTES. EXTREMELY UNSAFE AND CHEAP PLASTIC SMELL. Contact refund@support-desk.net for details!!!,1,Negative
REV_1808,SUPER SLEEK DESIGN AND VERY INTUITIVE TO USE. BEST PURCHASE I'VE MADE THIS YEAR. <SPAN>TOP NOTCH QUALITY</SPAN>.,5,Positive
REV_1809,"THIS IS AMAZING!! WORKS SO SMOOTHLY, EXCEEDED ALL MY EXPECTATIONS... WON'T HESITATE TO BUY AGAIN!!",5,Positive
REV_1810,"I was skeptical at first, but wow... totally impressed by the build quality! 😊✨ Check out https://reviews.store/item587",5,Positive
REV_1811,Absolutely <b>loved</b> this product! It worked like a charm right out of the box. <br/> Highly recommended! 😊 Check out https://reviews.store/item346,4,Positive
REV_1812,"   I WAS SKEPTICAL AT FIRST, BUT WOW... TOTALLY IMPRESSED BY THE BUILD QUALITY! 😊✨   

",4,Positive
REV_1813,ARRIVED DAMAGED AND MISSING KEY ACCESSORIES. PACKAGING WAS TORN APART. NEVER PURCHASING AGAIN!,1,Negative
REV_1814,"Fantastic value! It is durable, looks stylish, and performs flawlessly. Check out https://reviews.store/item496",5,Positive
REV_1815,Works exactly as described. Clean interface and super reliable performance.,5,Positive
REV_1816,Must have gadget! I told all my colleagues about this. Fast shipping too: contact support@gadgets.org for info.,5,Positive
REV_1817,Must have gadget! I told all my colleagues about this. Fast shipping too: contact support@gadgets.org for info. Check out https://reviews.store/item387,5,Positive
REV_1818,Super sleek design and very intuitive to use. Best purchase I've made this year. <span>Top notch quality</span>.,4,Positive
REV_1819,"I was skeptical at first, but wow... totally impressed by the build quality! 😊✨",5,Positive
REV_1820,Super sleek design and very intuitive to use. Best purchase I've made this year. <span>Top notch quality</span>.,4,Positive
REV_1821,"THIS IS AMAZING!! Works so smoothly, exceeded all my expectations... Won't hesitate to buy again!! Check out https://reviews.store/item894",4,Positive
REV_1822,Must have gadget! I told all my colleagues about this. Fast shipping too: contact support@gadgets.org for info. Check out https://reviews.store/item910,4,Positive
REV_1823,Super sleek design and very intuitive to use. Best purchase I've made this year. <span>Top notch quality</span>.,4,Positive
REV_1824,"I was skeptical at first, but wow... totally impressed by the build quality! 😊✨ Check out https://reviews.store/item590",5,Positive
REV_1825,Must have gadget! I told all my colleagues about this. Fast shipping too: contact support@gadgets.org for info. Check out https://reviews.store/item606,5,Positive
REV_1826,WORKS EXACTLY AS DESCRIBED. CLEAN INTERFACE AND SUPER RELIABLE PERFORMANCE.,4,Positive
REV_1827,"   WORKS EXACTLY AS DESCRIBED. CLEAN INTERFACE AND SUPER RELIABLE PERFORMANCE. Check out https://reviews.store/item974   

",4,Positive
REV_1828,"Do not waste your hard earned cash! Slow, laggy, and full of bugs. 0/10 stars.",2,Negative
REV_1829,Great quality for the price. Delivered fast from https://example.com/shipping. Five stars! ⭐️⭐️⭐️⭐️⭐️,5,Positive
REV_1830,"   Defective unit received. Customer service was unresponsive at http://bad-help.com. 👎   

",2,Negative
REV_1831,Must have gadget! I told all my colleagues about this. Fast shipping too: contact support@gadgets.org for info. Check out https://reviews.store/item471,5,Positive
REV_1832,WORKS EXACTLY AS DESCRIBED. CLEAN INTERFACE AND SUPER RELIABLE PERFORMANCE.,5,Positive
REV_1833,"FANTASTIC VALUE! IT IS DURABLE, LOOKS STYLISH, AND PERFORMS FLAWLESSLY. Check out https://reviews.store/item795",5,Positive
REV_1834,Great quality for the price. Delivered fast from https://example.com/shipping. Five stars! ⭐️⭐️⭐️⭐️⭐️,5,Positive
REV_1835,"   ABSOLUTELY <B>LOVED</B> THIS PRODUCT! IT WORKED LIKE A CHARM RIGHT OUT OF THE BOX. <BR/> HIGHLY RECOMMENDED! 😊   

",4,Positive
REV_1836,Arrived damaged and missing key accessories. Packaging was torn apart. Never purchasing again!,1,Negative
REV_1837,REALLY SOLID DEVICE! BATTERY LASTS FOR DAYS AND SETUP WAS SUPER EASY. 10/10 WOULD BUY AGAIN. Check out https://reviews.store/item419,5,Positive
REV_1838,REALLY SOLID DEVICE! BATTERY LASTS FOR DAYS AND SETUP WAS SUPER EASY. 10/10 WOULD BUY AGAIN.,5,Positive
REV_1839,"THIS IS AMAZING!! Works so smoothly, exceeded all my expectations... Won't hesitate to buy again!!",4,Positive
REV_1840,Worst customer support ever. Refused to issue a refund. Totally regret this purchase 😡,1,Negative
REV_1841,"I WAS SKEPTICAL AT FIRST, BUT WOW... TOTALLY IMPRESSED BY THE BUILD QUALITY! 😊✨ Check out https://reviews.store/item378",4,Positive
REV_1842,"   Must have gadget! I told all my colleagues about this. Fast shipping too: contact support@gadgets.org for info.   

",4,Positive
REV_1843,"I WAS SKEPTICAL AT FIRST, BUT WOW... TOTALLY IMPRESSED BY THE BUILD QUALITY! 😊✨",5,Positive
REV_1844,Super sleek design and very intuitive to use. Best purchase I've made this year. <span>Top notch quality</span>.,4,Positive
REV_1845,Super sleek design and very intuitive to use. Best purchase I've made this year. <span>Top notch quality</span>.,5,Positive
REV_1846,"Fantastic value! It is durable, looks stylish, and performs flawlessly. Check out https://reviews.store/item881",4,Positive
REV_1847,"I was skeptical at first, but wow... totally impressed by the build quality! 😊✨ Check out https://reviews.store/item326",4,Positive
REV_1848,"I was skeptical at first, but wow... totally impressed by the build quality! 😊✨ Check out https://reviews.store/item261",4,Positive
REV_1849,"THIS IS AMAZING!! Works so smoothly, exceeded all my expectations... Won't hesitate to buy again!! Check out https://reviews.store/item438",4,Positive
REV_1850,"THIS IS AMAZING!! Works so smoothly, exceeded all my expectations... Won't hesitate to buy again!!",5,Positive
REV_1851,"   FANTASTIC VALUE! IT IS DURABLE, LOOKS STYLISH, AND PERFORMS FLAWLESSLY.   

",5,Positive
REV_1852,"   Really solid device! Battery lasts for days and setup was super easy. 10/10 would buy again.   

",4,Positive
REV_1853,"   Worst customer support ever. Refused to issue a refund. Totally regret this purchase 😡   

",1,Negative
REV_1854,"Fantastic value! It is durable, looks stylish, and performs flawlessly. Check out https://reviews.store/item447",5,Positive
REV_1855,Great quality for the price. Delivered fast from https://example.com/shipping. Five stars! ⭐️⭐️⭐️⭐️⭐️,4,Positive
REV_1856,Super sleek design and very intuitive to use. Best purchase I've made this year. <span>Top notch quality</span>.,4,Positive
REV_1857,SUPER SLEEK DESIGN AND VERY INTUITIVE TO USE. BEST PURCHASE I'VE MADE THIS YEAR. <SPAN>TOP NOTCH QUALITY</SPAN>.,4,Positive
REV_1858,HORRIBLE! It overheats within 10 minutes. Extremely unsafe and cheap plastic smell.,2,Negative
REV_1859,Really solid device! Battery lasts for days and setup was super easy. 10/10 would buy again.,4,Positive
REV_1860,GREAT QUALITY FOR THE PRICE. DELIVERED FAST FROM HTTPS://EXAMPLE.COM/SHIPPING. FIVE STARS! ⭐️⭐️⭐️⭐️⭐️,5,Positive
REV_1861,Works exactly as described. Clean interface and super reliable performance. Check out https://reviews.store/item990,5,Positive
REV_1862,Works exactly as described. Clean interface and super reliable performance.,5,Positive
REV_1863,"Fantastic value! It is durable, looks stylish, and performs flawlessly. Check out https://reviews.store/item144",5,Positive
REV_1864,ABSOLUTELY <B>LOVED</B> THIS PRODUCT! IT WORKED LIKE A CHARM RIGHT OUT OF THE BOX. <BR/> HIGHLY RECOMMENDED! 😊,5,Positive
REV_1865,ABSOLUTELY <B>LOVED</B> THIS PRODUCT! IT WORKED LIKE A CHARM RIGHT OUT OF THE BOX. <BR/> HIGHLY RECOMMENDED! 😊,4,Positive
REV_1866,"Fantastic value! It is durable, looks stylish, and performs flawlessly.",4,Positive
REV_1867,"Fantastic value! It is durable, looks stylish, and performs flawlessly.",5,Positive
REV_1868,Must have gadget! I told all my colleagues about this. Fast shipping too: contact support@gadgets.org for info.,5,Positive
REV_1869,Excellent customer support when I had a question. Everything arrived in pristine packaging. 👍,5,Positive
REV_1870,"I was skeptical at first, but wow... totally impressed by the build quality! 😊✨",4,Positive
REV_1871,"THIS IS AMAZING!! WORKS SO SMOOTHLY, EXCEEDED ALL MY EXPECTATIONS... WON'T HESITATE TO BUY AGAIN!!",4,Positive
REV_1872,"THIS IS AMAZING!! Works so smoothly, exceeded all my expectations... Won't hesitate to buy again!! Check out https://reviews.store/item249",4,Positive
REV_1873,"   Complete disaster. Broke on the first try. Returning immediately for a full refund!   

",2,Negative
REV_1874,"I was skeptical at first, but wow... totally impressed by the build quality! 😊✨",4,Positive
REV_1875,COMPLETE DISASTER. BROKE ON THE FIRST TRY. RETURNING IMMEDIATELY FOR A FULL REFUND!,2,Negative
REV_1876,"   I was skeptical at first, but wow... totally impressed by the build quality! 😊✨   

",5,Positive
REV_1877,"Fantastic value! It is durable, looks stylish, and performs flawlessly.",4,Positive
REV_1878,"Do not waste your hard earned cash! Slow, laggy, and full of bugs. 0/10 stars.",1,Negative
REV_1879,Must have gadget! I told all my colleagues about this. Fast shipping too: contact support@gadgets.org for info.,4,Positive
REV_1880,"   Absolutely <b>loved</b> this product! It worked like a charm right out of the box. <br/> Highly recommended! 😊   

",4,Positive
REV_1881,Defective unit received. Customer service was unresponsive at http://bad-help.com. 👎,2,Negative
REV_1882,"Fantastic value! It is durable, looks stylish, and performs flawlessly. Check out https://reviews.store/item161",4,Positive
REV_1883,"   EXCELLENT CUSTOMER SUPPORT WHEN I HAD A QUESTION. EVERYTHING ARRIVED IN PRISTINE PACKAGING. 👍   

",4,Positive
REV_1884,Worst customer support ever. Refused to issue a refund. Totally regret this purchase 😡 Contact refund@support-desk.net for details!!!,1,Negative
REV_1885,TERRIBLE EXPERIENCE!! STOPPED WORKING AFTER JUST 2 DAYS. <B>DO NOT BUY!</B> <BR/> TOTAL WASTE OF MONEY 😡,1,Negative
REV_1886,"THIS IS AMAZING!! Works so smoothly, exceeded all my expectations... Won't hesitate to buy again!!",5,Positive
REV_1887,"   THIS IS AMAZING!! Works so smoothly, exceeded all my expectations... Won't hesitate to buy again!!   

",4,Positive
REV_1888,Excellent customer support when I had a question. Everything arrived in pristine packaging. 👍,5,Positive
REV_1889,Complete disaster. Broke on the first try. Returning immediately for a full refund! Contact refund@support-desk.net for details!!!,1,Negative
REV_1890,"I was skeptical at first, but wow... totally impressed by the build quality! 😊✨",4,Positive
REV_1891,Absolutely <b>loved</b> this product! It worked like a charm right out of the box. <br/> Highly recommended! 😊,4,Positive
REV_1892,"   ABSOLUTELY <B>LOVED</B> THIS PRODUCT! IT WORKED LIKE A CHARM RIGHT OUT OF THE BOX. <BR/> HIGHLY RECOMMENDED! 😊   

",4,Positive
REV_1893,"   Great quality for the price. Delivered fast from https://example.com/shipping. Five stars! ⭐️⭐️⭐️⭐️⭐️ Check out https://reviews.store/item588   

",4,Positive
REV_1894,Really solid device! Battery lasts for days and setup was super easy. 10/10 would buy again.,5,Positive
REV_1895,"Do not waste your hard earned cash! Slow, laggy, and full of bugs. 0/10 stars. Contact refund@support-desk.net for details!!!",2,Negative
REV_1896,Works exactly as described. Clean interface and super reliable performance. Check out https://reviews.store/item638,4,Positive
REV_1897,Super sleek design and very intuitive to use. Best purchase I've made this year. <span>Top notch quality</span>.,5,Positive
REV_1898,WORKS EXACTLY AS DESCRIBED. CLEAN INTERFACE AND SUPER RELIABLE PERFORMANCE.,5,Positive
REV_1899,Excellent customer support when I had a question. Everything arrived in pristine packaging. 👍 Check out https://reviews.store/item479,4,Positive
REV_1900,HORRIBLE! It overheats within 10 minutes. Extremely unsafe and cheap plastic smell. Contact refund@support-desk.net for details!!!,1,Negative
REV_1901,Really solid device! Battery lasts for days and setup was super easy. 10/10 would buy again. Check out https://reviews.store/item163,5,Positive
REV_1902,Defective unit received. Customer service was unresponsive at http://bad-help.com. 👎,2,Negative
REV_1903,"THIS IS AMAZING!! Works so smoothly, exceeded all my expectations... Won't hesitate to buy again!! Check out https://reviews.store/item890",5,Positive
REV_1904,Arrived damaged and missing key accessories. Packaging was torn apart. Never purchasing again!,2,Negative
REV_1905,ARRIVED DAMAGED AND MISSING KEY ACCESSORIES. PACKAGING WAS TORN APART. NEVER PURCHASING AGAIN! Contact refund@support-desk.net for details!!!,1,Negative
REV_1906,Really solid device! Battery lasts for days and setup was super easy. 10/10 would buy again. Check out https://reviews.store/item666,5,Positive
REV_1907,Works exactly as described. Clean interface and super reliable performance.,4,Positive
REV_1908,Must have gadget! I told all my colleagues about this. Fast shipping too: contact support@gadgets.org for info. Check out https://reviews.store/item524,5,Positive
REV_1909,"Fantastic value! It is durable, looks stylish, and performs flawlessly. Check out https://reviews.store/item452",5,Positive
REV_1910,Absolutely <b>loved</b> this product! It worked like a charm right out of the box. <br/> Highly recommended! 😊,4,Positive
REV_1911,Super sleek design and very intuitive to use. Best purchase I've made this year. <span>Top notch quality</span>.,5,Positive
REV_1912,"   Must have gadget! I told all my colleagues about this. Fast shipping too: contact support@gadgets.org for info. Check out https://reviews.store/item279   

",5,Positive
REV_1913,Worst customer support ever. Refused to issue a refund. Totally regret this purchase 😡,2,Negative
REV_1914,GREAT QUALITY FOR THE PRICE. DELIVERED FAST FROM HTTPS://EXAMPLE.COM/SHIPPING. FIVE STARS! ⭐️⭐️⭐️⭐️⭐️,4,Positive
REV_1915,Works exactly as described. Clean interface and super reliable performance.,4,Positive
REV_1916,"I WAS SKEPTICAL AT FIRST, BUT WOW... TOTALLY IMPRESSED BY THE BUILD QUALITY! 😊✨",5,Positive
REV_1917,Works exactly as described. Clean interface and super reliable performance.,5,Positive
REV_1918,Absolutely <b>loved</b> this product! It worked like a charm right out of the box. <br/> Highly recommended! 😊 Check out https://reviews.store/item343,5,Positive
REV_1919,"Do not waste your hard earned cash! Slow, laggy, and full of bugs. 0/10 stars.",2,Negative
REV_1920,EXCELLENT CUSTOMER SUPPORT WHEN I HAD A QUESTION. EVERYTHING ARRIVED IN PRISTINE PACKAGING. 👍,5,Positive
REV_1921,Works exactly as described. Clean interface and super reliable performance.,5,Positive
REV_1922,Great quality for the price. Delivered fast from https://example.com/shipping. Five stars! ⭐️⭐️⭐️⭐️⭐️ Check out https://reviews.store/item756,5,Positive
REV_1923,"Fantastic value! It is durable, looks stylish, and performs flawlessly. Check out https://reviews.store/item866",5,Positive
REV_1924,Poor quality material. The handle snapped instantly. Very disappointed with this brand.,2,Negative
REV_1925,"   Complete disaster. Broke on the first try. Returning immediately for a full refund!   

",1,Negative
REV_1926,Complete disaster. Broke on the first try. Returning immediately for a full refund!,2,Negative
REV_1927,Must have gadget! I told all my colleagues about this. Fast shipping too: contact support@gadgets.org for info.,4,Positive
REV_1928,"I was skeptical at first, but wow... totally impressed by the build quality! 😊✨ Check out https://reviews.store/item155",5,Positive
REV_1929,"Fantastic value! It is durable, looks stylish, and performs flawlessly.",5,Positive
REV_1930,Great quality for the price. Delivered fast from https://example.com/shipping. Five stars! ⭐️⭐️⭐️⭐️⭐️,4,Positive
REV_1931,Great quality for the price. Delivered fast from https://example.com/shipping. Five stars! ⭐️⭐️⭐️⭐️⭐️,5,Positive
REV_1932,"THIS IS AMAZING!! Works so smoothly, exceeded all my expectations... Won't hesitate to buy again!! Check out https://reviews.store/item337",5,Positive
REV_1933,Really solid device! Battery lasts for days and setup was super easy. 10/10 would buy again.,4,Positive
REV_1934,EXCELLENT CUSTOMER SUPPORT WHEN I HAD A QUESTION. EVERYTHING ARRIVED IN PRISTINE PACKAGING. 👍 Check out https://reviews.store/item560,4,Positive
REV_1935,Works exactly as described. Clean interface and super reliable performance.,4,Positive
REV_1936,GREAT QUALITY FOR THE PRICE. DELIVERED FAST FROM HTTPS://EXAMPLE.COM/SHIPPING. FIVE STARS! ⭐️⭐️⭐️⭐️⭐️,5,Positive
REV_1937,"   MUST HAVE GADGET! I TOLD ALL MY COLLEAGUES ABOUT THIS. FAST SHIPPING TOO: CONTACT SUPPORT@GADGETS.ORG FOR INFO.   

",4,Positive
REV_1938,"I WAS SKEPTICAL AT FIRST, BUT WOW... TOTALLY IMPRESSED BY THE BUILD QUALITY! 😊✨",4,Positive
REV_1939,Must have gadget! I told all my colleagues about this. Fast shipping too: contact support@gadgets.org for info.,4,Positive
REV_1940,WORST CUSTOMER SUPPORT EVER. REFUSED TO ISSUE A REFUND. TOTALLY REGRET THIS PURCHASE 😡 Contact refund@support-desk.net for details!!!,1,Negative
REV_1941,"THIS IS AMAZING!! Works so smoothly, exceeded all my expectations... Won't hesitate to buy again!!",4,Positive
REV_1942,GREAT QUALITY FOR THE PRICE. DELIVERED FAST FROM HTTPS://EXAMPLE.COM/SHIPPING. FIVE STARS! ⭐️⭐️⭐️⭐️⭐️ Check out https://reviews.store/item298,5,Positive
REV_1943,EXCELLENT CUSTOMER SUPPORT WHEN I HAD A QUESTION. EVERYTHING ARRIVED IN PRISTINE PACKAGING. 👍 Check out https://reviews.store/item482,5,Positive
REV_1944,COMPLETE DISASTER. BROKE ON THE FIRST TRY. RETURNING IMMEDIATELY FOR A FULL REFUND!,2,Negative
REV_1945,Worst customer support ever. Refused to issue a refund. Totally regret this purchase 😡,2,Negative
REV_1946,Super sleek design and very intuitive to use. Best purchase I've made this year. <span>Top notch quality</span>. Check out https://reviews.store/item983,5,Positive
REV_1947,SUPER SLEEK DESIGN AND VERY INTUITIVE TO USE. BEST PURCHASE I'VE MADE THIS YEAR. <SPAN>TOP NOTCH QUALITY</SPAN>. Check out https://reviews.store/item255,4,Positive
REV_1948,"   DEFECTIVE UNIT RECEIVED. CUSTOMER SERVICE WAS UNRESPONSIVE AT HTTP://BAD-HELP.COM. 👎   

",2,Negative
REV_1949,Excellent customer support when I had a question. Everything arrived in pristine packaging. 👍,4,Positive
REV_1950,Defective unit received. Customer service was unresponsive at http://bad-help.com. 👎,1,Negative
REV_1951,HORRIBLE! It overheats within 10 minutes. Extremely unsafe and cheap plastic smell.,2,Negative
REV_1952,"FANTASTIC VALUE! IT IS DURABLE, LOOKS STYLISH, AND PERFORMS FLAWLESSLY. Check out https://reviews.store/item385",4,Positive
REV_1953,"I WAS SKEPTICAL AT FIRST, BUT WOW... TOTALLY IMPRESSED BY THE BUILD QUALITY! 😊✨",5,Positive
REV_1954,"I was skeptical at first, but wow... totally impressed by the build quality! 😊✨",4,Positive
REV_1955,"THIS IS AMAZING!! Works so smoothly, exceeded all my expectations... Won't hesitate to buy again!!",5,Positive
REV_1956,Works exactly as described. Clean interface and super reliable performance.,5,Positive
REV_1957,WORKS EXACTLY AS DESCRIBED. CLEAN INTERFACE AND SUPER RELIABLE PERFORMANCE. Check out https://reviews.store/item114,4,Positive
REV_1958,"   SUPER SLEEK DESIGN AND VERY INTUITIVE TO USE. BEST PURCHASE I'VE MADE THIS YEAR. <SPAN>TOP NOTCH QUALITY</SPAN>.   

",4,Positive
REV_1959,Poor quality material. The handle snapped instantly. Very disappointed with this brand.,2,Negative
REV_1960,MUST HAVE GADGET! I TOLD ALL MY COLLEAGUES ABOUT THIS. FAST SHIPPING TOO: CONTACT SUPPORT@GADGETS.ORG FOR INFO.,5,Positive
REV_1961,COMPLETE DISASTER. BROKE ON THE FIRST TRY. RETURNING IMMEDIATELY FOR A FULL REFUND! Contact refund@support-desk.net for details!!!,1,Negative
REV_1962,"THIS IS AMAZING!! Works so smoothly, exceeded all my expectations... Won't hesitate to buy again!!",4,Positive
REV_1963,Excellent customer support when I had a question. Everything arrived in pristine packaging. 👍,4,Positive
REV_1964,HORRIBLE! It overheats within 10 minutes. Extremely unsafe and cheap plastic smell.,2,Negative
REV_1965,Works exactly as described. Clean interface and super reliable performance.,5,Positive
REV_1966,"   Complete disaster. Broke on the first try. Returning immediately for a full refund! Contact refund@support-desk.net for details!!!   

",1,Negative
REV_1967,"   I was skeptical at first, but wow... totally impressed by the build quality! 😊✨ Check out https://reviews.store/item789   

",5,Positive
REV_1968,MUST HAVE GADGET! I TOLD ALL MY COLLEAGUES ABOUT THIS. FAST SHIPPING TOO: CONTACT SUPPORT@GADGETS.ORG FOR INFO.,4,Positive
REV_1969,"   Absolutely <b>loved</b> this product! It worked like a charm right out of the box. <br/> Highly recommended! 😊   

",5,Positive
REV_1970,Arrived damaged and missing key accessories. Packaging was torn apart. Never purchasing again! Contact refund@support-desk.net for details!!!,2,Negative
REV_1971,GREAT QUALITY FOR THE PRICE. DELIVERED FAST FROM HTTPS://EXAMPLE.COM/SHIPPING. FIVE STARS! ⭐️⭐️⭐️⭐️⭐️ Check out https://reviews.store/item121,4,Positive
REV_1972,Works exactly as described. Clean interface and super reliable performance.,4,Positive
REV_1973,MUST HAVE GADGET! I TOLD ALL MY COLLEAGUES ABOUT THIS. FAST SHIPPING TOO: CONTACT SUPPORT@GADGETS.ORG FOR INFO. Check out https://reviews.store/item239,5,Positive
REV_1974,"   Excellent customer support when I had a question. Everything arrived in pristine packaging. 👍   

",4,Positive
REV_1975,Super sleek design and very intuitive to use. Best purchase I've made this year. <span>Top notch quality</span>.,4,Positive
REV_1976,Super sleek design and very intuitive to use. Best purchase I've made this year. <span>Top notch quality</span>.,4,Positive
REV_1977,Absolutely <b>loved</b> this product! It worked like a charm right out of the box. <br/> Highly recommended! 😊 Check out https://reviews.store/item744,5,Positive
REV_1978,Excellent customer support when I had a question. Everything arrived in pristine packaging. 👍,5,Positive
REV_1979,"   WORKS EXACTLY AS DESCRIBED. CLEAN INTERFACE AND SUPER RELIABLE PERFORMANCE.   

",5,Positive
REV_1980,"I was skeptical at first, but wow... totally impressed by the build quality! 😊✨",5,Positive
REV_1981,MUST HAVE GADGET! I TOLD ALL MY COLLEAGUES ABOUT THIS. FAST SHIPPING TOO: CONTACT SUPPORT@GADGETS.ORG FOR INFO. Check out https://reviews.store/item284,5,Positive
REV_1982,Excellent customer support when I had a question. Everything arrived in pristine packaging. 👍 Check out https://reviews.store/item616,5,Positive
REV_1983,Great quality for the price. Delivered fast from https://example.com/shipping. Five stars! ⭐️⭐️⭐️⭐️⭐️,4,Positive
REV_1984,"FANTASTIC VALUE! IT IS DURABLE, LOOKS STYLISH, AND PERFORMS FLAWLESSLY. Check out https://reviews.store/item912",5,Positive
REV_1985,Must have gadget! I told all my colleagues about this. Fast shipping too: contact support@gadgets.org for info. Check out https://reviews.store/item507,5,Positive
REV_1986,"   Must have gadget! I told all my colleagues about this. Fast shipping too: contact support@gadgets.org for info.   

",4,Positive
REV_1987,ABSOLUTELY <B>LOVED</B> THIS PRODUCT! IT WORKED LIKE A CHARM RIGHT OUT OF THE BOX. <BR/> HIGHLY RECOMMENDED! 😊,5,Positive
REV_1988,"DO NOT WASTE YOUR HARD EARNED CASH! SLOW, LAGGY, AND FULL OF BUGS. 0/10 STARS. Contact refund@support-desk.net for details!!!",2,Negative
REV_1989,"I WAS SKEPTICAL AT FIRST, BUT WOW... TOTALLY IMPRESSED BY THE BUILD QUALITY! 😊✨ Check out https://reviews.store/item836",5,Positive
REV_1990,"I was skeptical at first, but wow... totally impressed by the build quality! 😊✨ Check out https://reviews.store/item291",5,Positive
REV_1991,GREAT QUALITY FOR THE PRICE. DELIVERED FAST FROM HTTPS://EXAMPLE.COM/SHIPPING. FIVE STARS! ⭐️⭐️⭐️⭐️⭐️ Check out https://reviews.store/item223,5,Positive
REV_1992,"   Great quality for the price. Delivered fast from https://example.com/shipping. Five stars! ⭐️⭐️⭐️⭐️⭐️   

",4,Positive
REV_1993,Excellent customer support when I had a question. Everything arrived in pristine packaging. 👍,5,Positive
REV_1994,Works exactly as described. Clean interface and super reliable performance. Check out https://reviews.store/item488,4,Positive
REV_1995,"I WAS SKEPTICAL AT FIRST, BUT WOW... TOTALLY IMPRESSED BY THE BUILD QUALITY! 😊✨ Check out https://reviews.store/item965",4,Positive
REV_1996,Great quality for the price. Delivered fast from https://example.com/shipping. Five stars! ⭐️⭐️⭐️⭐️⭐️,4,Positive
REV_1997,HORRIBLE! IT OVERHEATS WITHIN 10 MINUTES. EXTREMELY UNSAFE AND CHEAP PLASTIC SMELL. Contact refund@support-desk.net for details!!!,2,Negative
REV_1998,"THIS IS AMAZING!! WORKS SO SMOOTHLY, EXCEEDED ALL MY EXPECTATIONS... WON'T HESITATE TO BUY AGAIN!!",4,Positive
REV_1999,"Fantastic value! It is durable, looks stylish, and performs flawlessly.",4,Positive
