age,tenure_months,monthly_charges,total_charges,support_tickets,contract_type_ordinal,payment_method_Credit card,payment_method_Electronic check,payment_method_Mailed check,internet_service_Fiber optic,internet_service_No,tech_support_No internet service,tech_support_Yes,churn
-0.42105263157894735,1.5833333333333333,-0.5913855107185879,1.0537186547612685,1.5,0.0,0.0,0.0,0.0,0.0,0.0,0.0,0.0,0
-0.14035087719298245,-0.5,0.056199197880233566,-0.4523338501844624,-0.5,0.0,1.0,0.0,0.0,0.0,0.0,0.0,0.0,1
0.49122807017543857,-0.5416666666666666,-0.23423254866372883,-0.510832486766829,-0.5,1.0,0.0,1.0,0.0,1.0,0.0,0.0,1.0,0
-0.49122807017543857,0.4583333333333333,0.266572801264435,0.6646794631877241,0.5,2.0,0.0,0.0,1.0,0.0,0.0,0.0,1.0,0
-0.2807017543859649,0.2916666666666667,0.6628474950383414,0.5106132705982999,0.0,1.0,0.0,1.0,0.0,0.0,0.0,0.0,0.0,1
0.2807017543859649,2.3333333333333335,-0.2763431092054653,1.932834304657007,-0.5,0.0,0.0,0.0,0.0,1.0,0.0,0.0,1.0,0
0.0,0.041666666666666664,-0.11777710080315823,-0.03569480831952093,-0.5,2.0,0.0,1.0,0.0,1.0,0.0,0.0,1.0,0
-1.1228070175438596,0.16666666666666666,-0.6407468911212226,-0.07699299577607871,0.5,0.0,0.0,0.0,1.0,0.0,0.0,1.0,0.0,0
-0.3508771929824561,-0.3333333333333333,-0.7986752826368123,-0.44115382558947763,-0.5,2.0,0.0,0.0,1.0,1.0,0.0,0.0,0.0,0
0.07017543859649122,1.0416666666666667,0.6128036172690312,1.3424263487141102,0.5,1.0,0.0,0.0,1.0,0.0,0.0,0.0,0.0,0
0.49122807017543857,-0.3333333333333333,2.3620450990280406,0.002673367908891622,1.0,0.0,0.0,1.0,0.0,0.0,0.0,0.0,0.0,0
0.7719298245614035,0.375,-0.9067612830068777,0.04119659947601987,-0.5,0.0,0.0,0.0,1.0,1.0,0.0,0.0,1.0,0
1.6842105263157894,-0.25,0.3514374445882526,-0.1881195530128857,-0.5,1.0,0.0,1.0,0.0,1.0,0.0,0.0,1.0,0
0.0,-0.5833333333333334,1.6482542393839386,-0.4534031973480191,0.0,0.0,0.0,0.0,0.0,0.0,0.0,0.0,0.0,0
-1.4035087719298245,-0.2916666666666667,0.5055639649087685,-0.16501096080842648,0.0,1.0,0.0,0.0,0.0,1.0,0.0,1.0,0.0,0
0.7017543859649122,2.3333333333333335,1.988133345028317,4.633973159386195,0.0,0.0,1.0,0.0,0.0,0.0,1.0,0.0,0.0,1
1.0526315789473684,-0.5416666666666666,0.46947567619264485,-0.4571993797786452,-0.5,0.0,0.0,0.0,1.0,0.0,0.0,0.0,1.0,0
-0.42105263157894735,-0.2916666666666667,1.3375339126364956,-0.05107736726728332,-0.5,0.0,0.0,1.0,0.0,1.0,0.0,0.0,1.0,1
-0.2807017543859649,0.6666666666666666,-0.7498958732918071,0.25664331925359574,-0.5,1.0,0.0,1.0,0.0,1.0,0.0,0.0,1.0,0
-0.14035087719298245,-0.5416666666666666,0.22163353508979458,-0.5053253488745122,1.0,0.0,0.0,0.0,1.0,1.0,0.0,0.0,1.0,0
-1.4035087719298245,-0.4166666666666667,1.1920799045934192,-0.26657220766721923,-0.5,1.0,0.0,0.0,0.0,0.0,1.0,0.0,0.0,0
0.9122807017543859,-0.3333333333333333,-0.8607230777238428,-0.42423140672619375,-0.5,1.0,0.0,1.0,0.0,1.0,0.0,0.0,0.0,0
-0.49122807017543857,0.4583333333333333,0.893308883202678,0.8805699620381757,0.0,2.0,0.0,1.0,0.0,1.0,0.0,0.0,0.0,0
0.8421052631578947,0.875,-0.9190094854919469,0.19521467144308396,0.5,1.0,0.0,0.0,0.0,0.0,0.0,0.0,1.0,0
-1.263157894736842,0.4166666666666667,0.3233715611270015,0.6640164679463187,0.0,2.0,0.0,1.0,0.0,1.0,0.0,0.0,1.0,0
1.1228070175438596,0.4583333333333333,0.5457253477170277,0.7364914719563708,0.5,0.0,0.0,0.0,1.0,1.0,0.0,0.0,0.0,0
-0.3508771929824561,-0.041666666666666664,-0.19768240220396316,-0.0977329840132599,0.5,0.0,1.0,0.0,0.0,0.0,1.0,1.0,0.0,1
-0.07017543859649122,-0.20833333333333334,0.1594485057945686,-0.10918034539913386,0.0,0.0,1.0,0.0,0.0,1.0,0.0,0.0,0.0,1
-0.631578947368421,0.16666666666666666,-0.1998723042078084,0.09232743410148109,1.5,1.0,0.0,0.0,0.0,1.0,0.0,0.0,1.0,0
-0.631578947368421,-0.6666666666666666,1.3803481371105795,-0.6041811474095066,2.0,0.0,0.0,1.0,0.0,0.0,0.0,0.0,0.0,1
0.49122807017543857,-0.4166666666666667,0.0,0.0,-0.5,2.0,0.0,1.0,0.0,0.0,0.0,0.0,1.0,0
-0.2807017543859649,-0.041666666666666664,-0.9251455162512586,-0.2443351334010587,0.0,0.0,0.0,1.0,0.0,0.0,0.0,0.0,0.0,0
0.7719298245614035,0.8333333333333334,-0.7374811606047591,0.2799337004758595,2.0,2.0,1.0,0.0,0.0,0.0,0.0,0.0,1.0,1
1.3333333333333333,-0.2916666666666667,-0.2794721976701889,-0.3295246751857991,1.0,2.0,1.0,0.0,0.0,0.0,0.0,0.0,0.0,0
-0.8421052631578947,1.3333333333333333,-0.0802720716563197,1.1398331818424854,0.0,0.0,1.0,0.0,0.0,0.0,1.0,1.0,0.0,0
0.631578947368421,0.25,-0.028125368342915073,0.3356948083195209,-0.5,2.0,1.0,0.0,0.0,0.0,0.0,0.0,1.0,0
0.14035087719298245,-0.6666666666666666,1.8565020039119886,-0.5924183286103835,0.0,0.0,1.0,0.0,0.0,0.0,0.0,0.0,1.0,1
0.631578947368421,0.08333333333333333,-0.14282291290673899,0.08365502860503665,0.5,2.0,0.0,1.0,0.0,1.0,0.0,0.0,1.0,0
-0.7719298245614035,1.0,0.738591743145149,1.6799764743624022,0.0,1.0,0.0,0.0,1.0,1.0,0.0,0.0,0.0,0
-0.5614035087719298,-0.20833333333333334,-0.3579935620968838,-0.2688552638614127,0.5,0.0,0.0,0.0,0.0,1.0,0.0,0.0,0.0,0
-1.3333333333333333,-0.4166666666666667,0.061921226746895874,-0.38683098968079993,0.0,1.0,0.0,1.0,0.0,0.0,0.0,1.0,0.0,0
1.1929824561403508,0.875,0.8553386742220999,1.2976741699192644,-0.5,2.0,0.0,1.0,0.0,0.0,1.0,0.0,1.0,1
-1.1929824561403508,-0.625,-1.1649769567416295,-0.6259637491311555,-0.5,0.0,0.0,0.0,1.0,0.0,1.0,0.0,0.0,1
0.0,-0.375,-0.7751471027770671,-0.4680906806394697,1.0,1.0,0.0,1.0,0.0,0.0,0.0,0.0,0.0,0
0.3508771929824561,1.0,1.1474092477006097,1.8704860182858367,0.5,1.0,0.0,0.0,1.0,1.0,0.0,0.0,0.0,0
1.4736842105263157,0.5,-0.2785554279006895,0.3271560712185212,0.5,1.0,0.0,0.0,1.0,1.0,0.0,1.0,0.0,0
0.2807017543859649,1.7083333333333333,1.260925113499703,3.32556809068064,1.0,0.0,1.0,0.0,0.0,0.0,0.0,1.0,0.0,0
0.21052631578947367,-0.4166666666666667,0.0,0.0,-0.5,0.0,0.0,0.0,0.0,0.0,1.0,0.0,0.0,1
-0.5614035087719298,-0.625,1.537271889850726,-0.5352082553601027,0.5,0.0,0.0,0.0,1.0,1.0,0.0,0.0,1.0,0
0.0,-0.041666666666666664,1.8561445904935643,0.5219697374752713,0.5,0.0,0.0,1.0,0.0,0.0,0.0,0.0,1.0,0
0.9122807017543859,0.125,-1.3300357152243696,-0.3340854408383682,1.5,0.0,1.0,0.0,0.0,1.0,0.0,0.0,1.0,0
-0.9824561403508771,0.20833333333333334,0.9321814449381284,0.6139603272202321,0.5,2.0,0.0,0.0,1.0,1.0,0.0,0.0,0.0,0
-0.2807017543859649,-0.4583333333333333,0.22795321434147706,-0.4117467785916698,-0.5,2.0,0.0,0.0,1.0,1.0,0.0,0.0,1.0,0
-0.5614035087719298,-0.4166666666666667,1.5331590086694324,-0.16920814842538634,0.5,0.0,0.0,0.0,1.0,1.0,0.0,0.0,1.0,1
0.631578947368421,-0.4166666666666667,0.0,0.0,-0.5,2.0,1.0,0.0,0.0,1.0,0.0,0.0,0.0,1
-0.21052631578947367,-0.625,3.131271677472914,-0.4736245522108753,0.0,0.0,0.0,1.0,0.0,1.0,0.0,0.0,0.0,1
-1.6842105263157894,-0.3333333333333333,0.8517392574828755,-0.2144950008020104,0.0,0.0,0.0,1.0,0.0,1.0,0.0,0.0,0.0,1
-0.49122807017543857,-0.16666666666666666,-0.43911241900858844,-0.23953376463668932,0.0,0.0,0.0,0.0,0.0,0.0,0.0,0.0,0.0,0
1.7543859649122806,0.6666666666666666,-0.44894495166737425,0.47265144629203876,0.0,2.0,0.0,0.0,1.0,0.0,1.0,1.0,0.0,0
-0.3508771929824561,0.2916666666666667,-0.7745071755498701,-0.027599850291397048,-0.5,0.0,1.0,0.0,0.0,0.0,1.0,0.0,0.0,1
-0.7719298245614035,-0.3333333333333333,2.0362720126951173,0.07164625995829547,0.0,1.0,0.0,1.0,0.0,0.0,0.0,0.0,0.0,1
0.5614035087719298,-0.5833333333333334,0.486176550068798,-0.5298454793348661,-0.5,1.0,0.0,1.0,0.0,1.0,0.0,0.0,0.0,1
0.0,0.6666666666666666,1.7801558848022512,1.6317916911725392,0.5,0.0,1.0,0.0,0.0,0.0,0.0,0.0,0.0,1
0.7017543859649122,-0.16666666666666666,-0.10278113440287664,-0.129626263166337,1.0,0.0,0.0,0.0,1.0,0.0,0.0,0.0,0.0,0
0.0,-0.3333333333333333,0.2686889850821331,-0.24555418916751326,0.0,2.0,1.0,0.0,0.0,1.0,0.0,0.0,0.0,1
-0.9122807017543859,-0.6666666666666666,0.46370677539539906,-0.6202213548628563,0.0,0.0,1.0,0.0,0.0,1.0,0.0,0.0,0.0,0
-0.49122807017543857,-0.08333333333333333,-0.8651967890369695,-0.3083783350264664,1.0,0.0,0.0,0.0,0.0,0.0,1.0,1.0,0.0,0
0.0,-0.375,-0.6389634863515049,-0.4256269047746351,9.0,1.0,0.0,0.0,1.0,1.0,0.0,1.0,0.0,0
1.543859649122807,2.3333333333333335,-0.6441058794782555,1.416606961450035,0.5,0.0,0.0,1.0,0.0,1.0,0.0,0.0,1.0,0
1.543859649122807,0.8333333333333334,0.4778343757660444,1.0293642731112655,-0.5,0.0,0.0,1.0,0.0,1.0,0.0,0.0,0.0,0
-0.2807017543859649,-0.08333333333333333,-1.0658222758839475,-0.315270277495589,1.0,1.0,0.0,1.0,0.0,1.0,0.0,0.0,0.0,0
-0.07017543859649122,0.375,0.0019392511202165892,0.36350318130781156,0.0,0.0,0.0,0.0,1.0,1.0,0.0,1.0,0.0,0
0.9122807017543859,-0.16666666666666666,-0.9119020346727552,-0.35949847618029196,-0.5,0.0,0.0,1.0,0.0,0.0,0.0,0.0,0.0,1
-0.07017543859649122,0.0,0.5926807657026938,0.0,0.5,2.0,0.0,1.0,0.0,0.0,0.0,1.0,0.0,0
0.21052631578947367,-0.25,1.1312768069356254,0.014233010746938937,0.5,0.0,0.0,1.0,0.0,1.0,0.0,0.0,0.0,0
-0.5614035087719298,0.4583333333333333,0.243109532504789,0.48601828583649687,1.0,0.0,0.0,1.0,0.0,1.0,0.0,0.0,0.0,0
-1.4736842105263157,-0.3333333333333333,-0.14363671042406143,-0.31533443832540237,0.0,0.0,0.0,0.0,1.0,0.0,1.0,0.0,0.0,0
0.3508771929824561,-0.625,-0.2704504258898876,-0.5940758167138962,0.5,2.0,0.0,1.0,0.0,0.0,1.0,0.0,1.0,0
-1.1228070175438596,2.0416666666666665,-0.884634701767573,0.9864567181735551,-0.5,1.0,1.0,0.0,0.0,1.0,0.0,0.0,0.0,0
-1.0526315789473684,-0.08333333333333333,0.04231947120154423,-0.03064748970753352,0.0,1.0,0.0,0.0,1.0,1.0,0.0,0.0,0.0,0
1.1929824561403508,1.5416666666666667,-0.44142076474497405,1.3072769074480033,0.5,0.0,1.0,0.0,0.0,0.0,1.0,0.0,1.0,1
-1.1929824561403508,-0.5833333333333334,0.9326093555296724,-0.5064321231887934,0.0,2.0,0.0,1.0,0.0,1.0,0.0,0.0,1.0,0
-0.9122807017543859,2.3333333333333335,-0.05708855054305983,2.4616371705074056,1.5,2.0,0.0,1.0,0.0,0.0,1.0,0.0,1.0,0
0.9824561403508771,1.375,-0.5793200293708262,1.0167245896380261,-0.5,0.0,1.0,0.0,0.0,1.0,0.0,0.0,0.0,0
-0.631578947368421,0.4166666666666667,0.20541849256433442,0.5900978452654655,-0.5,0.0,0.0,1.0,0.0,1.0,0.0,0.0,0.0,1
0.631578947368421,0.25,0.782278382869268,0.5480404213227825,1.0,1.0,0.0,0.0,1.0,0.0,0.0,0.0,1.0,0
1.1929824561403508,-0.3333333333333333,0.749399991724887,-0.1882051007859702,1.0,0.0,0.0,0.0,1.0,0.0,0.0,0.0,0.0,0
0.42105263157894735,-0.4583333333333333,0.5778460877387379,-0.3762818799123136,0.5,0.0,0.0,0.0,0.0,0.0,1.0,0.0,1.0,0
-0.9122807017543859,0.0,-0.5020866752849026,0.0,-0.5,0.0,0.0,1.0,0.0,1.0,0.0,0.0,0.0,0
-0.21052631578947367,0.125,1.3329363432825294,0.6437042185745604,0.0,1.0,0.0,1.0,0.0,0.0,0.0,0.0,1.0,0
-0.631578947368421,1.0833333333333333,-0.9008569585096947,0.3986365823664653,0.0,1.0,1.0,0.0,0.0,0.0,1.0,0.0,1.0,0
-0.7017543859649122,0.3333333333333333,1.1255209049850825,0.8760733572154201,0.5,0.0,0.0,0.0,0.0,1.0,0.0,0.0,1.0,0
-1.6842105263157894,-0.3333333333333333,1.0264348740499973,-0.09944928621076835,2.0,0.0,0.0,1.0,0.0,0.0,0.0,1.0,0.0,0
0.7719298245614035,0.7916666666666666,0.7796154784507867,1.4644709404908305,0.0,0.0,0.0,1.0,0.0,0.0,1.0,0.0,0.0,1
0.14035087719298245,-0.4166666666666667,0.7133373136668958,-0.32664278458001395,0.5,0.0,0.0,0.0,1.0,1.0,0.0,1.0,0.0,1
-0.5614035087719298,-0.25,-1.38707702562934,-0.48363898839758335,-0.5,0.0,0.0,0.0,0.0,1.0,0.0,0.0,0.0,0
0.14035087719298245,0.375,-0.25996461681025007,0.2779019408651019,0.0,0.0,0.0,1.0,0.0,1.0,0.0,0.0,0.0,1
-1.1228070175438596,-0.4583333333333333,0.1722619829583201,-0.39712880286585045,0.0,0.0,0.0,0.0,1.0,0.0,0.0,0.0,0.0,1
0.2807017543859649,-0.5416666666666666,0.039934693619048875,-0.516922418863284,0.0,0.0,0.0,0.0,1.0,0.0,0.0,0.0,1.0,0
-0.5614035087719298,0.125,-0.5939121436576174,-0.11526493075977114,0.0,0.0,0.0,1.0,0.0,1.0,0.0,0.0,1.0,0
-0.9122807017543859,-0.375,1.2270299156725097,-0.12350959739079294,0.5,2.0,0.0,0.0,0.0,1.0,0.0,0.0,0.0,0
0.07017543859649122,0.75,0.1725617163477497,0.9159439662086298,0.5,2.0,0.0,1.0,0.0,1.0,0.0,0.0,0.0,1
-0.07017543859649122,0.4583333333333333,-0.47358683353597836,0.2623803667860771,1.0,1.0,0.0,0.0,0.0,1.0,0.0,0.0,0.0,0
-0.49122807017543857,0.4166666666666667,-0.6958542004244257,0.15184729722504414,1.0,2.0,0.0,1.0,0.0,0.0,0.0,0.0,1.0,0
0.9122807017543859,0.0,-0.6664755298853614,0.0,1.0,2.0,0.0,1.0,0.0,1.0,0.0,0.0,0.0,0
0.7719298245614035,0.8333333333333334,-0.9865697516058272,0.15398599155215742,-0.5,1.0,0.0,0.0,0.0,1.0,0.0,0.0,1.0,0
0.0,-0.2916666666666667,0.845711686041787,-0.06261027642624174,0.5,2.0,0.0,0.0,1.0,1.0,0.0,0.0,0.0,0
-0.21052631578947367,-0.625,1.5987169417511622,-0.52718280489761,0.0,0.0,0.0,1.0,0.0,1.0,0.0,0.0,0.0,0
-0.49122807017543857,0.7083333333333334,0.28501718267557974,0.7919798962733251,-0.5,2.0,0.0,1.0,0.0,1.0,0.0,1.0,0.0,0
1.1228070175438596,-0.5416666666666666,1.477089857206979,-0.40367855424263493,1.0,0.0,1.0,0.0,0.0,0.0,0.0,0.0,1.0,0
0.3508771929824561,1.125,-0.5052831771620544,0.7554937710527724,0.5,1.0,0.0,0.0,1.0,1.0,0.0,0.0,0.0,0
0.49122807017543857,0.375,1.6086607977209582,0.9932524193979576,1.5,1.0,0.0,1.0,0.0,1.0,0.0,0.0,1.0,1
-0.8421052631578947,2.3333333333333335,0.054322821612990214,2.1281719510239,0.0,0.0,0.0,1.0,0.0,1.0,0.0,0.0,0.0,0
-0.14035087719298245,-0.5,0.13989903050439087,-0.42964230337379034,-0.5,0.0,0.0,1.0,0.0,1.0,0.0,0.0,1.0,0
0.14035087719298245,-0.375,0.6056149457826538,-0.220820189274448,-0.5,1.0,0.0,1.0,0.0,0.0,0.0,0.0,1.0,0
0.9122807017543859,-0.5833333333333334,0.9353591902216309,-0.5010907341068279,-0.5,2.0,0.0,0.0,0.0,1.0,0.0,0.0,1.0,0
-1.4736842105263157,0.2916666666666667,0.8125748033132731,0.5431802384644174,0.5,1.0,0.0,0.0,1.0,0.0,0.0,0.0,0.0,1
-1.263157894736842,-0.25,1.2988774443257856,0.034753782815591085,1.0,0.0,0.0,1.0,0.0,0.0,0.0,0.0,0.0,1
0.21052631578947367,0.4166666666666667,-0.7279935326742186,0.1321820028872374,0.5,0.0,0.0,0.0,1.0,0.0,1.0,1.0,0.0,0
-0.49122807017543857,-0.041666666666666664,0.9480135303670989,0.2665347805164947,1.0,0.0,0.0,0.0,0.0,1.0,0.0,0.0,1.0,0
0.0,-0.625,0.02685830396747916,-0.5913169010319201,0.0,0.0,0.0,0.0,1.0,0.0,0.0,0.0,0.0,0
1.1228070175438596,1.1666666666666667,-0.1824100856524247,1.1857990696679679,1.0,0.0,1.0,0.0,0.0,1.0,0.0,0.0,1.0,0
0.0,0.5,0.022771717493831646,0.41439875955729033,0.5,0.0,0.0,0.0,0.0,0.0,0.0,0.0,0.0,1
0.49122807017543857,-0.4166666666666667,-0.8800374301919068,-0.4998609848687377,-0.5,1.0,0.0,0.0,1.0,0.0,0.0,0.0,1.0,0
0.3508771929824561,0.041666666666666664,-0.15223324020455964,0.06587713201090736,0.0,0.0,0.0,1.0,0.0,1.0,0.0,0.0,0.0,0
0.0,0.2916666666666667,-0.5759088242326691,0.06375447789124741,0.5,0.0,0.0,1.0,0.0,0.0,1.0,0.0,0.0,0
1.4035087719298245,-0.3333333333333333,-0.418390730193379,-0.3801315297011175,0.5,1.0,0.0,0.0,1.0,0.0,0.0,0.0,1.0,0
0.0,-0.041666666666666664,-0.47495295062311493,-0.151874030904133,0.5,0.0,0.0,1.0,0.0,1.0,0.0,0.0,1.0,1
-0.2807017543859649,0.4166666666666667,0.22400683260932375,0.6049296904239962,0.0,2.0,0.0,0.0,0.0,0.0,1.0,0.0,0.0,0
1.4736842105263157,0.9166666666666666,-0.22293006225287543,0.9164572528471371,-0.5,0.0,0.0,1.0,0.0,0.0,1.0,0.0,0.0,0
0.631578947368421,-0.375,-0.44377745263322577,-0.3867721755868043,1.0,0.0,0.0,0.0,0.0,0.0,0.0,0.0,0.0,0
0.9122807017543859,-0.25,-0.1775681655453342,-0.2374485376677539,0.0,1.0,0.0,0.0,1.0,0.0,0.0,1.0,0.0,0
0.7719298245614035,0.75,0.17614737808176847,0.9041330267871466,0.0,0.0,1.0,0.0,0.0,1.0,0.0,1.0,0.0,0
0.2807017543859649,-0.4583333333333333,0.4773451268810203,-0.38758487943110737,1.0,2.0,1.0,0.0,0.0,0.0,0.0,0.0,0.0,1
-0.631578947368421,0.16666666666666666,0.8667277320527782,0.40689728920494045,0.0,1.0,0.0,1.0,0.0,1.0,0.0,1.0,0.0,0
-1.263157894736842,-0.2916666666666667,0.4028802558347625,-0.19048281024434585,0.5,0.0,0.0,0.0,1.0,0.0,0.0,1.0,0.0,1
0.0,-0.16666666666666666,-0.3919885307997723,-0.24750574774100415,2.0,2.0,0.0,0.0,0.0,1.0,0.0,0.0,0.0,0
1.9649122807017543,0.20833333333333334,1.2422443733998212,0.7469603806875903,0.0,1.0,0.0,1.0,0.0,0.0,0.0,0.0,1.0,0
-0.7719298245614035,0.4166666666666667,-0.3225795976008755,0.3117146981767631,-0.5,2.0,0.0,0.0,0.0,0.0,0.0,0.0,1.0,0
0.3508771929824561,-0.625,2.064531974838285,-0.5182484093460943,-0.5,0.0,0.0,0.0,1.0,1.0,0.0,0.0,1.0,0
0.42105263157894735,1.25,-0.491345841312642,0.9485644014329253,0.0,0.0,0.0,0.0,0.0,0.0,1.0,1.0,0.0,0
-0.5614035087719298,-0.3333333333333333,0.24648661475267386,-0.24378441961182704,-0.5,2.0,0.0,0.0,1.0,1.0,0.0,0.0,0.0,0
0.0,-0.5,-0.08112419270344558,-0.4699459979682405,0.5,0.0,0.0,1.0,0.0,0.0,0.0,1.0,0.0,1
-0.5614035087719298,-0.5416666666666666,-0.5954092450301273,-0.5498796984441,0.0,1.0,0.0,1.0,0.0,0.0,1.0,1.0,0.0,0
0.14035087719298245,-0.5,-0.15539142347391877,-0.48601828583649687,-0.5,1.0,1.0,0.0,0.0,1.0,0.0,1.0,0.0,0
0.5614035087719298,-0.5833333333333334,-0.5051342584484056,-0.5757846334812597,1.0,0.0,0.0,1.0,0.0,1.0,0.0,0.0,0.0,0
-1.3333333333333333,-0.5,-0.41248304868657015,-0.48956851841950494,0.5,2.0,1.0,0.0,0.0,0.0,0.0,0.0,0.0,1
0.9824561403508771,-0.625,0.4696800571285524,-0.577923327808373,1.0,2.0,0.0,0.0,1.0,1.0,0.0,0.0,0.0,0
-0.21052631578947367,-0.08333333333333333,-0.5524627432052703,-0.15537614286478107,1.0,1.0,1.0,0.0,0.0,1.0,0.0,0.0,0.0,0
-0.2807017543859649,-0.4166666666666667,-0.5205707904129117,-0.4293428861679945,-0.5,2.0,1.0,0.0,0.0,0.0,1.0,0.0,0.0,0
0.49122807017543857,0.7916666666666666,0.7587518721923807,1.4227664011121213,1.5,1.0,0.0,0.0,0.0,0.0,0.0,0.0,1.0,0
0.3508771929824561,-0.625,0.9021752391986033,-0.5594931294444743,-0.5,1.0,0.0,0.0,0.0,1.0,0.0,0.0,1.0,0
-0.7017543859649122,0.625,0.734150265093372,1.0630914826498425,0.5,2.0,0.0,0.0,0.0,0.0,0.0,0.0,0.0,0
0.5614035087719298,-0.5,0.34805220531077063,-0.4523926642784581,0.5,0.0,0.0,1.0,0.0,1.0,0.0,0.0,0.0,1
0.7719298245614035,0.8333333333333334,0.8183894605265227,1.3443511736085123,0.5,0.0,0.0,0.0,0.0,0.0,0.0,0.0,0.0,0
-0.631578947368421,-0.375,0.7734468349324412,-0.2665829011388548,-0.5,2.0,0.0,1.0,0.0,0.0,1.0,1.0,0.0,0
-0.9824561403508771,2.3333333333333335,0.7107726590800527,3.349644442068118,0.5,0.0,0.0,1.0,0.0,1.0,0.0,0.0,0.0,0
1.1228070175438596,-0.5416666666666666,0.1329069727736105,-0.5105704967117576,0.0,0.0,0.0,0.0,0.0,0.0,0.0,0.0,0.0,0
0.21052631578947367,0.5833333333333334,1.4359627154338386,1.4009356787681122,0.0,0.0,1.0,0.0,0.0,1.0,0.0,0.0,0.0,0
-0.9824561403508771,-0.375,-0.1251804382522593,-0.32842324760733577,0.0,2.0,1.0,0.0,0.0,0.0,0.0,0.0,0.0,0
1.6842105263157894,0.125,0.7729791455203738,0.3961931240977384,1.0,0.0,0.0,1.0,0.0,1.0,0.0,0.0,1.0,0
-0.49122807017543857,-0.625,0.785076325723823,-0.5640806287761323,-0.5,2.0,0.0,0.0,1.0,0.0,0.0,0.0,1.0,1
-1.3333333333333333,-0.5833333333333334,0.6940908378174373,-0.5160188205100786,0.0,1.0,0.0,1.0,0.0,0.0,1.0,0.0,1.0,0
0.49122807017543857,-0.5416666666666666,2.554428159096681,-0.3152649307597712,0.0,0.0,0.0,0.0,1.0,0.0,1.0,0.0,0.0,0
-0.49122807017543857,-0.08333333333333333,0.6556629354679587,0.18824787467251242,0.0,1.0,0.0,1.0,0.0,0.0,0.0,0.0,1.0,0
0.0,0.16666666666666666,0.8485250188584753,0.41330267871464477,-0.5,2.0,0.0,0.0,1.0,1.0,0.0,0.0,1.0,0
0.42105263157894735,0.7916666666666666,-0.2659402887986993,0.7361760145431214,0.5,2.0,0.0,1.0,0.0,1.0,0.0,1.0,0.0,0
-0.2807017543859649,0.0,-0.26735433631230604,0.0,-0.5,0.0,1.0,0.0,0.0,0.0,1.0,0.0,0.0,0
0.21052631578947367,0.6666666666666666,-0.3966757281573439,0.480072715607122,0.5,2.0,1.0,0.0,0.0,0.0,0.0,1.0,0.0,0
-0.14035087719298245,-0.6666666666666666,0.9731033794838801,-0.6116665775544031,-0.5,0.0,0.0,0.0,1.0,1.0,0.0,0.0,1.0,0
-0.9824561403508771,-0.3333333333333333,0.34251776164778786,-0.2519542319413998,-0.5,1.0,0.0,0.0,1.0,1.0,0.0,0.0,1.0,0
0.0,-0.2916666666666667,-0.11349153588438755,-0.3026840613805272,1.0,2.0,0.0,0.0,0.0,1.0,0.0,1.0,0.0,0
0.0,0.8333333333333334,-0.22410328268611945,0.6314495000802012,-0.5,0.0,0.0,1.0,0.0,0.0,0.0,0.0,1.0,1
0.14035087719298245,-0.125,-0.8490994813563854,-0.28749398492220507,-0.5,2.0,1.0,0.0,0.0,0.0,0.0,0.0,0.0,0
-0.8421052631578947,0.041666666666666664,-0.4991395506636111,-0.09891461262899001,0.0,0.0,0.0,1.0,0.0,1.0,0.0,0.0,1.0,0
0.49122807017543857,2.3333333333333335,0.6987763962554915,3.302288402930012,0.0,0.0,0.0,1.0,0.0,0.0,1.0,1.0,0.0,0
-1.1228070175438596,1.9583333333333333,-0.9488270834716775,0.8759717692348822,0.0,1.0,1.0,0.0,0.0,0.0,0.0,0.0,0.0,0
-1.1228070175438596,0.08333333333333333,0.14828824855698355,0.12172378762765337,0.0,2.0,1.0,0.0,0.0,1.0,0.0,0.0,0.0,0
1.1929824561403508,-0.16666666666666666,-0.08007201492452111,-0.16374913115542963,0.5,2.0,0.0,0.0,1.0,0.0,0.0,0.0,0.0,0
0.14035087719298245,0.625,1.6197888003362566,1.7334064053895097,0.0,0.0,0.0,1.0,0.0,1.0,0.0,0.0,0.0,0
0.07017543859649122,0.20833333333333334,0.6118455422606972,0.37623375928995356,-0.5,2.0,0.0,0.0,1.0,0.0,0.0,0.0,0.0,0
-0.14035087719298245,0.625,0.8094752812019158,1.0266588247874673,-0.5,0.0,0.0,1.0,0.0,0.0,0.0,0.0,1.0,1
1.1228070175438596,-0.2916666666666667,0.3474403733079262,-0.208757953269529,0.0,2.0,0.0,1.0,0.0,0.0,1.0,0.0,0.0,1
-0.2807017543859649,-0.4166666666666667,0.7272289138225941,-0.2614179543388761,0.5,0.0,0.0,0.0,1.0,1.0,0.0,0.0,0.0,0
-0.7719298245614035,1.7916666666666667,0.26338936231102106,2.062433834144255,0.5,2.0,0.0,0.0,0.0,1.0,0.0,0.0,0.0,0
0.21052631578947367,0.875,-0.6002665210097757,0.5530021921616854,-0.5,0.0,0.0,1.0,0.0,0.0,1.0,0.0,0.0,0
0.14035087719298245,0.0,-0.842699204686993,0.0,1.0,0.0,0.0,1.0,0.0,0.0,0.0,0.0,0.0,1
1.1228070175438596,0.2916666666666667,-0.4858329899623158,0.08252152061166655,0.0,1.0,0.0,1.0,0.0,0.0,0.0,0.0,1.0,0
-0.9122807017543859,0.08333333333333333,1.7158192260766347,0.6597871999144523,-0.5,0.0,0.0,1.0,0.0,1.0,0.0,0.0,0.0,1
-0.2807017543859649,1.6666666666666667,-0.7066669752088731,1.036015612468588,-0.5,0.0,0.0,0.0,1.0,0.0,0.0,0.0,1.0,0
1.8245614035087718,-0.125,0.6765724792407364,0.011762818799123137,-0.5,0.0,0.0,0.0,1.0,1.0,0.0,1.0,0.0,0
1.3333333333333333,-0.5416666666666666,-1.1105397846875937,-0.5827942041383736,0.0,0.0,0.0,0.0,0.0,1.0,0.0,1.0,0.0,0
0.0,-0.3333333333333333,-0.3068960440352181,-0.35486285622627395,0.5,0.0,0.0,0.0,0.0,0.0,1.0,0.0,0.0,1
0.0,-0.6666666666666666,0.5759729231387049,-0.6200449125808695,0.0,2.0,1.0,0.0,0.0,0.0,1.0,0.0,0.0,1
-0.49122807017543857,0.125,-0.2276010089972816,0.05616745976581296,0.5,0.0,0.0,0.0,0.0,1.0,0.0,0.0,1.0,1
0.0,-0.4166666666666667,0.6482393651143551,-0.30378548895899055,-0.5,0.0,0.0,1.0,0.0,0.0,1.0,0.0,1.0,0
1.1228070175438596,1.9583333333333333,-0.8063062098436029,0.9307009570657115,-0.5,1.0,0.0,1.0,0.0,1.0,0.0,1.0,0.0,0
-0.42105263157894735,-0.5416666666666666,-0.4435128920080739,-0.5442977062503342,0.5,0.0,1.0,0.0,0.0,1.0,0.0,0.0,0.0,1
-0.3508771929824561,-0.5833333333333334,0.6230187984297584,-0.5143452921991125,-0.5,0.0,0.0,1.0,0.0,1.0,0.0,0.0,1.0,0
1.1929824561403508,0.3333333333333333,1.5925802019240953,1.033256696786612,0.0,0.0,1.0,0.0,0.0,0.0,0.0,0.0,1.0,1
-0.7719298245614035,-0.16666666666666666,-0.3975217235482666,-0.2426348714110036,0.0,0.0,0.0,0.0,1.0,0.0,0.0,0.0,0.0,1
-0.7017543859649122,-0.625,-0.4639839140088475,-0.6032668555846656,0.0,0.0,1.0,0.0,0.0,0.0,0.0,0.0,1.0,1
-0.49122807017543857,0.0,-0.6477155692618335,0.0,0.5,0.0,1.0,0.0,0.0,0.0,0.0,1.0,0.0,0
0.49122807017543857,0.2916666666666667,0.36421702421725505,0.5121424370421859,1.5,1.0,0.0,1.0,0.0,1.0,0.0,1.0,0.0,0
1.543859649122807,-0.08333333333333333,0.08517429841142048,0.01703470031545736,0.0,0.0,0.0,0.0,0.0,0.0,0.0,1.0,0.0,1
-1.1228070175438596,-0.08333333333333333,-0.18444327103096014,-0.09413463080789176,-0.5,0.0,0.0,0.0,1.0,1.0,0.0,0.0,1.0,1
0.07017543859649122,0.7083333333333334,-0.49210575363934955,0.34808854194514255,-0.5,0.0,0.0,1.0,0.0,0.0,0.0,0.0,1.0,0
-0.2807017543859649,-0.375,0.011559019734487114,-0.3477516975886222,-0.5,0.0,0.0,0.0,1.0,1.0,0.0,0.0,0.0,1
0.631578947368421,0.0,-0.26509120421781196,0.0,0.5,0.0,0.0,0.0,1.0,1.0,0.0,0.0,0.0,1
0.0,1.6666666666666667,-0.25349066706083595,1.312463241191253,0.0,0.0,0.0,0.0,0.0,0.0,0.0,0.0,1.0,0
1.3333333333333333,-0.3333333333333333,-0.001065157952146636,-0.26898358552103946,-0.5,0.0,1.0,0.0,0.0,0.0,0.0,0.0,1.0,0
-0.14035087719298245,-0.20833333333333334,-0.6384493820422591,-0.28127038443030533,0.0,1.0,0.0,0.0,0.0,1.0,0.0,0.0,1.0,0
0.8421052631578947,-0.5833333333333334,0.2704887478796836,-0.5281505640806289,0.5,0.0,0.0,0.0,0.0,0.0,0.0,1.0,0.0,0
-0.5614035087719298,1.25,0.16027666539290453,1.3281291771373578,0.0,0.0,0.0,0.0,0.0,0.0,0.0,0.0,0.0,1
0.8421052631578947,-0.5,0.1410110975868068,-0.4392290006950757,0.0,0.0,0.0,0.0,1.0,0.0,0.0,0.0,0.0,0
0.21052631578947367,-0.5833333333333334,-0.9556933365040704,-0.6000908945089024,1.0,0.0,0.0,0.0,1.0,1.0,0.0,0.0,0.0,0
-0.2807017543859649,0.8333333333333334,0.6080130925336612,1.2601561246858795,-0.5,1.0,0.0,0.0,0.0,0.0,0.0,0.0,0.0,0
-0.07017543859649122,-0.3333333333333333,-0.2505677100774596,-0.337913703683901,0.0,1.0,0.0,0.0,1.0,1.0,0.0,0.0,1.0,0
-1.3333333333333333,0.4166666666666667,-1.0403058905328315,-0.010698818371384266,-0.5,1.0,1.0,0.0,0.0,0.0,0.0,0.0,1.0,0
0.49122807017543857,2.125,-0.26983504779868644,1.8299470673154044,1.0,1.0,0.0,0.0,0.0,1.0,0.0,0.0,0.0,0
0.21052631578947367,2.3333333333333335,0.5749180635626324,3.35827407367802,-0.5,0.0,0.0,0.0,0.0,1.0,0.0,0.0,0.0,0
0.631578947368421,1.125,1.7039842771448075,2.4022884029300116,0.0,0.0,0.0,1.0,0.0,0.0,0.0,0.0,1.0,0
0.21052631578947367,-0.3333333333333333,-0.23095688831243677,-0.3296690370528793,0.5,0.0,0.0,0.0,1.0,1.0,0.0,1.0,0.0,1
-1.1929824561403508,-0.625,0.5205574733629312,-0.5630112816125756,-0.5,1.0,0.0,0.0,0.0,1.0,0.0,0.0,0.0,0
-1.4736842105263157,-0.25,-1.3442919440632006,-0.47510559803240127,0.5,1.0,0.0,0.0,1.0,1.0,0.0,0.0,0.0,0
2.175438596491228,-0.5416666666666666,1.3426665569897398,-0.3895738651553227,-0.5,0.0,0.0,0.0,1.0,1.0,0.0,0.0,1.0,0
0.2807017543859649,-0.625,1.8149225732439955,-0.5142490509543924,1.0,0.0,0.0,1.0,0.0,0.0,1.0,0.0,0.0,1
-0.5614035087719298,0.7083333333333334,-0.20023897134892785,0.5929102283056196,0.0,2.0,1.0,0.0,0.0,0.0,0.0,1.0,0.0,0
0.0,-0.4583333333333333,1.9578041371911012,-0.1937924397155537,-0.5,1.0,0.0,1.0,0.0,0.0,0.0,0.0,0.0,0
0.0,0.9166666666666666,-0.9968753402344461,0.32730043308560136,-0.5,0.0,0.0,0.0,1.0,0.0,0.0,0.0,0.0,1
-1.4736842105263157,0.9583333333333334,0.956565636256897,1.598224883708496,-0.5,0.0,0.0,0.0,1.0,1.0,0.0,0.0,0.0,1
0.631578947368421,1.3333333333333333,1.1870685584731766,2.4356359942255255,0.0,2.0,1.0,0.0,0.0,0.0,0.0,1.0,0.0,0
-0.3508771929824561,-0.2916666666666667,-0.38866694533590557,-0.3387852216221997,2.0,1.0,0.0,1.0,0.0,1.0,0.0,0.0,0.0,0
0.8421052631578947,0.6666666666666666,-0.13603678850601766,0.5170293535796397,1.0,1.0,0.0,0.0,1.0,0.0,0.0,1.0,0.0,0
0.631578947368421,0.5,2.3205654456947284,1.7225685718868635,1.0,0.0,0.0,0.0,1.0,1.0,0.0,1.0,0.0,0
-0.49122807017543857,0.0,-0.2861331584801203,-0.08147356039138114,0.0,1.0,0.0,1.0,0.0,1.0,0.0,0.0,1.0,0
1.894736842105263,0.5,0.042860961508945306,0.597144843073304,1.5,0.0,0.0,1.0,0.0,1.0,0.0,1.0,0.0,0
0.21052631578947367,-0.2916666666666667,-0.0210936898336716,-0.29900550713789237,-0.5,2.0,0.0,1.0,0.0,1.0,0.0,0.0,0.0,0
-0.49122807017543857,0.5416666666666666,-0.5576878243977058,0.2276426241779394,0.5,2.0,1.0,0.0,0.0,0.0,1.0,0.0,0.0,0
0.0,0.25,-1.0961194312484503,-0.18285836496818694,0.5,0.0,0.0,0.0,1.0,0.0,0.0,0.0,0.0,1
-1.4035087719298245,0.875,0.34900792105882245,1.1772549858311503,-0.5,1.0,1.0,0.0,0.0,0.0,0.0,0.0,1.0,0
0.49122807017543857,0.4583333333333333,0.32781136536931843,0.7635138747794472,0.0,2.0,0.0,1.0,0.0,1.0,0.0,1.0,0.0,0
0.07017543859649122,0.0,-0.580019366902148,-0.15627439448216865,0.0,0.0,0.0,0.0,1.0,0.0,0.0,0.0,0.0,1
-0.21052631578947367,-0.5416666666666666,0.047446569876033254,-0.510238999091055,-0.5,0.0,0.0,0.0,1.0,0.0,0.0,0.0,1.0,0
0.21052631578947367,1.0833333333333333,-0.10922894731958906,0.9650858151098756,0.0,2.0,0.0,0.0,0.0,1.0,0.0,0.0,0.0,0
1.1929824561403508,-0.041666666666666664,-0.9776637116611216,-0.272250441105705,-0.5,1.0,0.0,0.0,1.0,0.0,0.0,0.0,0.0,0
1.3333333333333333,-0.125,0.4587883358306525,-0.04959097470993959,0.0,0.0,0.0,0.0,1.0,0.0,0.0,0.0,1.0,0
-0.21052631578947367,0.0,-0.3196323443305551,0.0,-0.5,0.0,1.0,0.0,0.0,1.0,0.0,0.0,1.0,0
0.49122807017543857,-0.20833333333333334,-0.22173186569841583,-0.22657327701438273,0.5,0.0,0.0,0.0,0.0,1.0,0.0,1.0,0.0,0
1.7543859649122806,-0.2916666666666667,0.08080906361141431,-0.22557878415227506,0.5,0.0,0.0,1.0,0.0,1.0,0.0,0.0,0.0,0
0.9122807017543859,0.08333333333333333,-0.6023724071137527,-0.14381115329091593,0.5,1.0,0.0,0.0,0.0,0.0,0.0,1.0,0.0,0
-0.2807017543859649,0.5416666666666666,1.440540903857118,1.1969577073196815,0.5,1.0,0.0,1.0,0.0,1.0,0.0,0.0,0.0,1
-0.631578947368421,1.7916666666666667,0.20357663875707524,2.148206170133134,0.5,2.0,0.0,1.0,0.0,0.0,1.0,0.0,0.0,0
0.3508771929824561,-0.041666666666666664,-0.33112603963922504,-0.1407528204031439,0.0,0.0,0.0,1.0,0.0,0.0,0.0,0.0,1.0,0
0.14035087719298245,2.3333333333333335,0.29562401666346544,2.9871892209805915,0.5,1.0,0.0,1.0,0.0,1.0,0.0,0.0,0.0,0
0.14035087719298245,0.0,2.2003236237435844,0.6122012511361814,0.5,1.0,0.0,0.0,1.0,1.0,0.0,1.0,0.0,0
-0.21052631578947367,-0.4166666666666667,0.20236234894050295,-0.3656525691065605,-0.5,0.0,0.0,0.0,0.0,1.0,0.0,1.0,0.0,1
0.7017543859649122,-0.20833333333333334,-0.38102577353915457,-0.2824680532534888,0.5,0.0,0.0,1.0,0.0,0.0,0.0,0.0,0.0,0
1.4736842105263157,-0.375,0.696320568220216,-0.2210340587071593,0.0,0.0,0.0,0.0,1.0,0.0,0.0,0.0,0.0,1
0.0,-0.5833333333333334,-0.6938529645635451,-0.577185478265519,0.5,0.0,0.0,1.0,0.0,1.0,0.0,0.0,0.0,0
0.42105263157894735,-0.5416666666666666,-0.3116944385686769,-0.5200609527883229,-0.5,2.0,0.0,1.0,0.0,1.0,0.0,1.0,0.0,0
0.21052631578947367,-0.4583333333333333,0.9543168966498271,-0.3505747741004117,-0.5,0.0,0.0,1.0,0.0,0.0,0.0,0.0,0.0,0
-1.1929824561403508,-0.5,-0.3275801224686313,-0.49104421750521315,0.5,1.0,0.0,1.0,0.0,0.0,0.0,0.0,0.0,0
-0.5614035087719298,0.3333333333333333,-0.40057924186458493,0.220424530823932,-0.5,0.0,0.0,0.0,1.0,1.0,0.0,0.0,0.0,0
-0.49122807017543857,1.5833333333333333,-0.017826446499908655,1.3767844730791854,0.0,0.0,0.0,0.0,1.0,0.0,0.0,1.0,0.0,1
-0.8421052631578947,0.0,-0.6061325388259924,-0.17216489333262047,0.5,0.0,0.0,1.0,0.0,0.0,0.0,0.0,0.0,0
0.3508771929824561,0.3333333333333333,-1.0281405932402676,-0.09338074105758441,-0.5,0.0,0.0,1.0,0.0,0.0,0.0,0.0,0.0,0
-0.9824561403508771,0.5416666666666666,1.0818684778266714,1.241768700208523,0.0,0.0,0.0,1.0,0.0,0.0,0.0,1.0,0.0,0
0.2807017543859649,-0.6666666666666666,0.256608419399354,-0.6191947815858418,-0.5,1.0,0.0,1.0,0.0,1.0,0.0,0.0,0.0,1
0.0,-0.16666666666666666,-0.37666673841626147,-0.2116344971394964,-0.5,0.0,0.0,1.0,0.0,1.0,0.0,0.0,0.0,0
0.0,-0.2916666666666667,-0.05621646218883953,-0.25123776934181685,1.5,0.0,1.0,0.0,0.0,0.0,1.0,0.0,0.0,0
-0.14035087719298245,1.375,0.2562253541711978,1.7867294017002624,0.0,0.0,0.0,0.0,1.0,0.0,0.0,0.0,0.0,0
0.42105263157894735,0.125,0.3719783881862364,0.260386034326044,1.0,0.0,1.0,0.0,0.0,0.0,0.0,0.0,0.0,1
1.0526315789473684,-0.20833333333333334,0.37153943220159047,-0.05078329679730526,-0.5,0.0,1.0,0.0,0.0,0.0,0.0,0.0,1.0,0
0.21052631578947367,-0.2916666666666667,-0.5487258047775557,-0.3234775169758863,0.0,2.0,0.0,0.0,1.0,1.0,0.0,0.0,0.0,1
0.7017543859649122,-0.5,0.7679402779207404,-0.4188258568144148,0.0,0.0,1.0,0.0,0.0,0.0,1.0,0.0,0.0,1
1.263157894736842,2.3333333333333335,-0.898005723296137,1.3046035395391116,0.5,2.0,0.0,0.0,1.0,0.0,1.0,0.0,0.0,0
0.14035087719298245,-0.5833333333333334,-0.2358228469686718,-0.5541891675132332,0.0,2.0,1.0,0.0,0.0,0.0,1.0,0.0,1.0,0
0.0,2.3333333333333335,2.0390421310823714,4.896594129284073,0.0,2.0,0.0,0.0,1.0,0.0,1.0,0.0,1.0,0
-0.07017543859649122,-0.625,-0.8484426635857945,-0.6147623375928996,0.0,2.0,0.0,1.0,0.0,0.0,1.0,0.0,0.0,0
0.14035087719298245,0.16666666666666666,-1.2523049165360032,-0.23258300807357113,1.0,1.0,0.0,0.0,1.0,1.0,0.0,0.0,0.0,0
-1.263157894736842,-0.125,0.0790484289638398,-0.11199807517510563,-0.5,0.0,0.0,1.0,0.0,0.0,0.0,0.0,0.0,0
-1.263157894736842,0.875,0.3658388771168944,1.0234454365609797,0.5,0.0,0.0,0.0,1.0,0.0,1.0,0.0,0.0,1
0.7017543859649122,-0.3333333333333333,0.015694184804257976,-0.3038389563171684,0.0,0.0,0.0,1.0,0.0,1.0,0.0,0.0,0.0,0
0.0,1.7083333333333333,-0.6037431242543729,1.2450302090573706,0.0,0.0,0.0,0.0,0.0,0.0,0.0,0.0,0.0,0
0.3508771929824561,-0.625,-0.4562170245492401,-0.6084585360637332,-0.5,1.0,1.0,0.0,0.0,0.0,0.0,0.0,0.0,0
-0.3508771929824561,-0.4166666666666667,0.48129444652346753,-0.31753729348232906,-0.5,2.0,1.0,0.0,0.0,0.0,0.0,0.0,0.0,1
0.0,0.0,1.6080405388203642,0.0,0.5,0.0,0.0,0.0,1.0,0.0,0.0,0.0,1.0,1
0.0,0.25,0.43418209829161636,0.5119446078169277,1.0,0.0,0.0,1.0,0.0,0.0,0.0,0.0,0.0,1
0.2807017543859649,-0.041666666666666664,0.25478187318341483,0.034898144682671224,0.0,2.0,0.0,0.0,0.0,0.0,0.0,0.0,1.0,0
0.14035087719298245,-0.625,-1.0754772321166317,-0.621290702026413,-0.5,0.0,0.0,0.0,0.0,0.0,1.0,0.0,1.0,0
0.49122807017543857,0.0,1.067808857907704,0.0,0.5,0.0,1.0,0.0,0.0,0.0,1.0,0.0,1.0,0
0.3508771929824561,0.0,-0.7567615163558881,-0.21249532160615944,-0.5,2.0,0.0,1.0,0.0,0.0,1.0,0.0,0.0,1
-0.631578947368421,0.041666666666666664,-0.7166833489673897,-0.15085815109875422,-0.5,0.0,1.0,0.0,0.0,0.0,0.0,0.0,1.0,0
0.5614035087719298,-0.25,0.5485605547235879,-0.09202267015986736,0.0,0.0,0.0,1.0,0.0,0.0,1.0,0.0,0.0,0
-1.543859649122807,0.3333333333333333,-1.0525503067555841,-0.13055124846281346,0.0,1.0,0.0,1.0,0.0,0.0,0.0,0.0,1.0,0
-0.21052631578947367,-0.20833333333333334,-1.5361577058030786,-0.49133828797519125,0.0,0.0,0.0,1.0,0.0,0.0,0.0,0.0,1.0,0
0.0,0.041666666666666664,0.18318740417680038,0.19692562690477464,-0.5,1.0,0.0,0.0,0.0,1.0,0.0,0.0,0.0,0
0.3508771929824561,-0.5,0.2575832055807665,-0.4309469069133295,-0.5,0.0,0.0,0.0,0.0,1.0,0.0,0.0,0.0,0
0.0,0.9583333333333334,0.8091496194260488,1.3484948938672943,-0.5,2.0,0.0,0.0,0.0,1.0,0.0,0.0,0.0,0
0.14035087719298245,0.4583333333333333,1.7923366882077545,1.4510613270598303,0.0,0.0,1.0,0.0,0.0,1.0,0.0,0.0,1.0,0
-0.49122807017543857,0.3333333333333333,0.0,0.0,0.5,0.0,0.0,0.0,0.0,0.0,0.0,0.0,0.0,0
-0.9122807017543859,0.9166666666666666,0.7243624836649758,1.3801368764369355,0.0,0.0,1.0,0.0,0.0,0.0,0.0,1.0,0.0,0
-0.9824561403508771,2.3333333333333335,-0.6474979149226701,1.3866812810779023,0.0,0.0,1.0,0.0,0.0,0.0,1.0,0.0,1.0,0
-0.7017543859649122,-0.5,0.0,5.81833395711918,0.0,2.0,0.0,0.0,0.0,1.0,0.0,0.0,0.0,1
1.3333333333333333,0.5,0.5321748007402117,0.6581831791691174,-0.5,2.0,0.0,1.0,0.0,1.0,0.0,0.0,1.0,0
-0.07017543859649122,1.0833333333333333,-0.8543926717076364,0.40761375180452336,-0.5,1.0,1.0,0.0,0.0,1.0,0.0,0.0,0.0,0
-1.4035087719298245,0.0,1.87826509968147,0.0,0.5,0.0,0.0,0.0,0.0,0.0,0.0,0.0,1.0,0
-0.3508771929824561,-0.625,2.140417372776056,-0.5150777950061488,-0.5,0.0,0.0,0.0,0.0,0.0,1.0,0.0,1.0,1
1.3333333333333333,0.16666666666666666,0.43528358261669015,0.37476340694006316,-0.5,1.0,0.0,0.0,1.0,1.0,0.0,0.0,0.0,0
0.631578947368421,-0.3333333333333333,-0.692986847435224,-0.41515264930759777,0.5,0.0,0.0,1.0,0.0,1.0,0.0,0.0,0.0,0
-1.3333333333333333,1.5416666666666667,0.2081179047186103,1.9649735336577023,-0.5,0.0,0.0,0.0,0.0,1.0,0.0,0.0,0.0,0
3.1578947368421053,-0.5833333333333334,0.015827431142095057,-0.5451692241886329,0.0,2.0,0.0,0.0,1.0,0.0,0.0,0.0,1.0,0
0.5614035087719298,-0.2916666666666667,-0.06301618245310654,-0.28979308132385184,0.5,0.0,0.0,1.0,0.0,0.0,1.0,1.0,0.0,0
-0.9824561403508771,0.5,-0.18119590393754959,0.4492594770892371,0.0,1.0,1.0,0.0,0.0,0.0,1.0,0.0,0.0,1
0.2807017543859649,1.4583333333333333,-0.3506609990667316,0.9741752660001071,1.5,1.0,1.0,0.0,0.0,0.0,0.0,0.0,1.0,0
0.42105263157894735,1.0833333333333333,-0.35253901660399717,0.7967117574720635,-0.5,0.0,1.0,0.0,0.0,0.0,0.0,0.0,0.0,1
1.7543859649122806,0.125,0.3911954075862629,0.1927177458161793,1.0,1.0,0.0,0.0,1.0,0.0,0.0,0.0,0.0,0
-0.631578947368421,-0.16666666666666666,-0.3485973124277318,-0.21544137304175806,1.5,0.0,0.0,0.0,1.0,0.0,1.0,0.0,1.0,0
-0.14035087719298245,-0.5416666666666666,-1.0145859710283862,-0.5734053360423462,0.0,0.0,0.0,0.0,1.0,0.0,1.0,0.0,1.0,1
-1.0526315789473684,0.875,-0.46450840284246403,0.578516815484147,2.0,0.0,0.0,1.0,0.0,0.0,0.0,0.0,0.0,0
-0.21052631578947367,0.2916666666666667,0.32041184494734254,0.4918996952360585,0.5,0.0,0.0,0.0,1.0,0.0,0.0,0.0,1.0,0
0.9122807017543859,-0.2916666666666667,0.7902622091722298,-0.10302090573704759,-0.5,0.0,1.0,0.0,0.0,0.0,0.0,0.0,1.0,1
-1.0526315789473684,0.4583333333333333,0.8460889926335007,0.9044377907287603,0.5,2.0,0.0,0.0,1.0,0.0,0.0,0.0,0.0,1
0.5614035087719298,-0.3333333333333333,0.34004054310738224,-0.2534192375554724,0.5,1.0,0.0,1.0,0.0,0.0,0.0,0.0,0.0,0
-0.3508771929824561,-0.4583333333333333,-0.12774229867673526,-0.4550072180933541,0.5,1.0,1.0,0.0,0.0,0.0,0.0,0.0,0.0,0
0.07017543859649122,-0.5833333333333334,-0.27366994612283646,-0.5555258514676791,-0.5,1.0,0.0,0.0,1.0,0.0,0.0,0.0,1.0,0
0.0,0.7916666666666666,0.273687197837132,1.0110677431428114,0.0,0.0,1.0,0.0,0.0,1.0,0.0,0.0,1.0,1
0.0,0.0,-0.013817961107371135,0.0,0.0,0.0,0.0,1.0,0.0,0.0,0.0,0.0,1.0,0
-0.21052631578947367,0.08333333333333333,-0.364023739413219,0.008859541250066801,-0.5,0.0,0.0,0.0,1.0,0.0,0.0,0.0,0.0,1
-0.7017543859649122,-0.4583333333333333,-0.791758105358242,-0.4960113350799338,0.5,2.0,0.0,1.0,0.0,1.0,0.0,0.0,1.0,0
0.49122807017543857,-0.041666666666666664,-0.18241799584966314,-0.06652943378067694,0.5,0.0,0.0,1.0,0.0,1.0,0.0,0.0,0.0,0
0.7719298245614035,0.375,-0.4910831236705517,0.19355183660375344,0.5,0.0,0.0,0.0,1.0,1.0,0.0,0.0,1.0,0
-0.14035087719298245,0.0,0.6423120846686804,0.0,-0.5,2.0,1.0,0.0,0.0,0.0,0.0,1.0,0.0,0
0.14035087719298245,1.5833333333333333,-0.1073392007052783,1.654814735603914,-0.5,0.0,0.0,0.0,1.0,1.0,0.0,0.0,1.0,0
-0.21052631578947367,0.0,-0.43714398762834683,0.0,-0.5,1.0,0.0,1.0,0.0,1.0,0.0,1.0,0.0,0
0.0,1.2916666666666667,-0.24881529619970558,1.2449125808693795,-0.5,0.0,1.0,0.0,0.0,0.0,1.0,0.0,0.0,1
-0.42105263157894735,-0.6666666666666666,-1.178604624855135,-0.6464203603699942,0.0,0.0,1.0,0.0,0.0,0.0,0.0,0.0,1.0,0
0.14035087719298245,-0.08333333333333333,0.0,0.0,0.0,2.0,0.0,0.0,0.0,0.0,0.0,1.0,0.0,0
0.14035087719298245,-0.125,0.20903026658863613,-0.04361867080147567,0.0,0.0,1.0,0.0,0.0,0.0,0.0,0.0,1.0,1
0.07017543859649122,1.5416666666666667,-0.5624118817135705,1.1714698176763088,0.5,1.0,0.0,1.0,0.0,0.0,0.0,0.0,0.0,0
0.2807017543859649,-0.08333333333333333,-0.1628091364005779,-0.10809495802812388,-0.5,0.0,0.0,1.0,0.0,0.0,1.0,0.0,0.0,0
1.6842105263157894,-0.4166666666666667,-0.3716642425532579,-0.43885472918783086,0.0,0.0,1.0,0.0,0.0,1.0,0.0,0.0,1.0,0
0.49122807017543857,-0.375,0.9113511892611259,-0.20189274447949532,0.0,0.0,0.0,0.0,0.0,1.0,0.0,0.0,1.0,1
-0.7017543859649122,-0.5416666666666666,-1.1506783921649422,-0.5876062663743785,0.5,2.0,0.0,0.0,0.0,1.0,0.0,1.0,0.0,0
0.7719298245614035,-0.08333333333333333,-0.49053265156270315,-0.224076351387478,0.0,2.0,0.0,1.0,0.0,1.0,0.0,0.0,0.0,0
-1.263157894736842,1.625,-0.3311895082314539,1.2254718494359196,0.0,1.0,0.0,0.0,1.0,0.0,0.0,0.0,0.0,0
-0.9122807017543859,1.5833333333333333,-0.18399195356807774,1.4832059027963431,-0.5,1.0,0.0,0.0,1.0,0.0,0.0,1.0,0.0,0
-1.1929824561403508,0.625,-0.42457909905131846,0.4694434048013688,1.0,1.0,0.0,0.0,0.0,0.0,0.0,0.0,1.0,0
0.0,0.6666666666666666,0.38404138219516804,1.0009089450890234,0.5,0.0,1.0,0.0,0.0,0.0,1.0,0.0,0.0,0
0.0,-0.625,0.6280925504015643,-0.5659305993690853,-0.5,0.0,1.0,0.0,0.0,1.0,0.0,0.0,0.0,1
-1.263157894736842,-0.5416666666666666,-0.5276489898682631,-0.5446024701919479,0.5,0.0,0.0,0.0,1.0,0.0,0.0,1.0,0.0,1
-1.263157894736842,-0.3333333333333333,1.136766567556396,-0.11762818799123137,0.5,2.0,0.0,1.0,0.0,1.0,0.0,0.0,0.0,1
-0.9122807017543859,0.5833333333333334,1.5044728634412141,1.490536277602524,0.5,0.0,0.0,1.0,0.0,1.0,0.0,0.0,1.0,1
-0.9824561403508771,-0.4583333333333333,0.41511623360151895,-0.40318130781158107,0.0,1.0,0.0,0.0,1.0,0.0,1.0,0.0,0.0,0
0.21052631578947367,0.3333333333333333,-1.115048442456811,-0.16954499278190668,-0.5,0.0,0.0,1.0,0.0,1.0,0.0,0.0,0.0,1
1.4035087719298245,1.4166666666666667,1.6203757649157358,2.766695182591029,0.5,1.0,0.0,1.0,0.0,0.0,0.0,0.0,1.0,0
0.7719298245614035,-0.20833333333333334,0.5239062753247375,-0.04927017056087264,-0.5,0.0,1.0,0.0,0.0,0.0,0.0,0.0,0.0,0
-0.14035087719298245,2.3333333333333335,-0.5000399177874277,1.8457573651285892,1.0,0.0,0.0,0.0,0.0,0.0,0.0,0.0,0.0,0
0.5614035087719298,0.4583333333333333,0.0025037369414314253,0.5416243383414426,0.5,1.0,0.0,0.0,0.0,1.0,0.0,0.0,1.0,0
-1.1929824561403508,-0.375,-1.1623542389461174,-0.4949794150671016,0.5,0.0,0.0,0.0,0.0,0.0,0.0,1.0,0.0,0
-0.631578947368421,-0.5416666666666666,0.0,0.0,0.0,1.0,0.0,0.0,1.0,0.0,0.0,1.0,0.0,0
-0.42105263157894735,1.25,-0.6211051943280693,0.7972945516762017,0.0,0.0,1.0,0.0,0.0,1.0,0.0,0.0,1.0,0
0.0,1.5,0.4354704173910687,1.7519916590921245,0.0,0.0,0.0,1.0,0.0,1.0,0.0,0.0,1.0,0
-0.14035087719298245,-0.5416666666666666,0.2851846986780884,-0.4832593701545207,1.0,0.0,0.0,1.0,0.0,0.0,1.0,0.0,0.0,0
0.3508771929824561,0.5,0.24992295558446145,0.7538950970432553,-0.5,0.0,0.0,0.0,0.0,0.0,0.0,1.0,0.0,1
-0.3508771929824561,-0.375,1.015386795400697,-0.15840774207346417,-0.5,0.0,0.0,0.0,1.0,1.0,0.0,0.0,0.0,0
0.42105263157894735,0.4583333333333333,0.19301333779545612,0.46764155483077596,-0.5,0.0,0.0,1.0,0.0,1.0,0.0,0.0,0.0,1
0.07017543859649122,2.3333333333333335,0.6758688358784339,2.8366465272950867,0.5,0.0,0.0,0.0,0.0,0.0,0.0,1.0,0.0,0
-0.9122807017543859,-0.041666666666666664,1.2562131027742724,0.3953483398385287,0.0,2.0,0.0,0.0,1.0,0.0,1.0,0.0,0.0,0
-1.4035087719298245,-0.625,0.4922841140839233,-0.5710313853392505,0.0,2.0,0.0,1.0,0.0,0.0,1.0,0.0,0.0,0
0.7719298245614035,-0.4166666666666667,-0.6364076591309982,-0.4407635138747795,0.0,0.0,1.0,0.0,0.0,0.0,1.0,1.0,0.0,0
-0.14035087719298245,-0.25,-0.7339660581203977,-0.37708389028498107,0.0,2.0,0.0,0.0,1.0,1.0,0.0,0.0,0.0,0
-0.9122807017543859,1.6666666666666667,-0.44708214317742934,1.351654814735604,1.0,1.0,0.0,0.0,1.0,1.0,0.0,0.0,0.0,0
1.1929824561403508,0.08333333333333333,0.405605692884922,0.15647757044324448,0.5,0.0,0.0,1.0,0.0,1.0,0.0,0.0,0.0,0
-0.7719298245614035,-0.2916666666666667,-0.8855292322674762,-0.40035823129979153,1.0,0.0,0.0,0.0,1.0,0.0,0.0,0.0,1.0,0
1.4035087719298245,0.7083333333333334,-1.204558974983588,0.05186333743249747,0.0,1.0,0.0,1.0,0.0,0.0,0.0,0.0,0.0,0
-1.3333333333333333,0.75,-0.4186780545036936,0.4090413302678715,0.5,2.0,0.0,0.0,1.0,0.0,1.0,0.0,1.0,0
0.0,-0.4583333333333333,1.0829805895722826,-0.2828423247607336,0.0,0.0,0.0,0.0,0.0,1.0,0.0,0.0,0.0,1
0.42105263157894735,-0.4583333333333333,0.0953687332006733,-0.38826926161578357,0.0,0.0,0.0,1.0,0.0,0.0,0.0,1.0,0.0,1
0.3508771929824561,-0.5,0.0,26.07475806020425,0.5,0.0,1.0,0.0,0.0,1.0,0.0,0.0,0.0,0
0.0,0.5833333333333334,-0.7068556209015341,0.1867561353793509,-0.5,0.0,0.0,0.0,0.0,0.0,0.0,1.0,0.0,1
-0.21052631578947367,0.0,1.1830098417009276,0.479602202855157,0.5,0.0,1.0,0.0,0.0,0.0,0.0,1.0,0.0,1
-1.3333333333333333,2.3333333333333335,-1.0212751150858774,1.1871945677164093,-0.5,2.0,1.0,0.0,0.0,1.0,0.0,0.0,1.0,0
0.49122807017543857,-0.16666666666666666,0.10385340380196222,-0.10833556113992403,-0.5,0.0,0.0,0.0,1.0,0.0,0.0,0.0,0.0,0
-0.5614035087719298,0.9166666666666666,0.02861250839503159,1.0004437790728762,1.0,1.0,0.0,1.0,0.0,1.0,0.0,0.0,0.0,0
1.263157894736842,-0.6666666666666666,0.7380126203920653,-0.6145538148960061,0.5,0.0,0.0,1.0,0.0,1.0,0.0,0.0,1.0,0
0.8421052631578947,2.1666666666666665,-0.8159423899558554,1.119071806662033,1.5,0.0,0.0,1.0,0.0,0.0,1.0,0.0,1.0,0
-0.8421052631578947,-0.5,-0.7843382525322752,-0.5403464684809924,-0.5,0.0,0.0,1.0,0.0,1.0,0.0,0.0,0.0,0
1.1929824561403508,1.2916666666666667,0.03305751222550944,1.3780837298829065,1.0,0.0,0.0,0.0,0.0,0.0,0.0,0.0,0.0,1
1.7543859649122806,0.5416666666666666,-0.3591100226334388,0.3027535689461584,0.0,0.0,0.0,1.0,0.0,0.0,0.0,0.0,0.0,1
-0.2807017543859649,0.9166666666666666,0.0,0.9884403571619527,0.0,0.0,1.0,0.0,0.0,1.0,0.0,0.0,1.0,0
0.0,0.75,-1.150726658889447,0.01662834839330584,0.5,1.0,0.0,1.0,0.0,1.0,0.0,0.0,0.0,0
-1.263157894736842,-0.125,-0.5394598389635211,-0.19986633160455541,-0.5,1.0,1.0,0.0,0.0,0.0,0.0,0.0,0.0,0
0.0,-0.25,0.039786015233040865,-0.16574881035128056,0.0,1.0,1.0,0.0,0.0,1.0,0.0,0.0,0.0,1
0.07017543859649122,2.2083333333333335,-0.7050586027571946,1.1681067208469231,1.0,1.0,0.0,0.0,0.0,1.0,0.0,1.0,0.0,0
1.6842105263157894,0.375,0.46344708158918985,0.5315831684756456,-0.5,0.0,0.0,1.0,0.0,1.0,0.0,0.0,1.0,0
-0.9824561403508771,-0.6666666666666666,-0.7599350664938612,-0.639469603806876,-0.5,0.0,0.0,0.0,1.0,0.0,0.0,1.0,0.0,0
-0.14035087719298245,-0.5416666666666666,0.7045263642806673,-0.46485590546971084,-0.5,1.0,1.0,0.0,0.0,1.0,0.0,0.0,1.0,0
-0.5614035087719298,0.375,-0.6383839339477916,0.15364380045981926,0.0,2.0,0.0,1.0,0.0,0.0,0.0,0.0,0.0,1
-1.1228070175438596,-0.20833333333333334,0.9458089658321954,0.06449767416991933,0.5,1.0,0.0,1.0,0.0,1.0,0.0,0.0,0.0,0
-0.21052631578947367,-0.2916666666666667,1.1610248840195903,-0.02299096401646795,0.0,2.0,0.0,1.0,0.0,0.0,0.0,0.0,1.0,0
0.2807017543859649,1.4583333333333333,1.2490279655268972,2.881243650751217,0.0,2.0,0.0,1.0,0.0,0.0,0.0,0.0,0.0,0
-0.5614035087719298,-0.5416666666666666,0.7390032494887181,-0.432390525584131,1.0,2.0,0.0,0.0,1.0,1.0,0.0,1.0,0.0,1
1.4035087719298245,-0.25,-0.46452854772778623,-0.32561621130299956,0.0,1.0,1.0,0.0,0.0,1.0,0.0,0.0,0.0,1
0.0,-0.08333333333333333,-0.5230926194793996,-0.23258300807357113,0.5,0.0,0.0,0.0,1.0,1.0,0.0,1.0,0.0,1
0.07017543859649122,0.08333333333333333,0.0,0.0,-0.5,0.0,0.0,0.0,1.0,0.0,0.0,0.0,0.0,1
0.21052631578947367,1.2916666666666667,-0.7651895792125766,0.6838849382452015,-0.5,2.0,1.0,0.0,0.0,0.0,0.0,0.0,0.0,0
-0.7017543859649122,0.8333333333333334,-1.1610205048991042,0.16196332139229008,0.5,1.0,0.0,1.0,0.0,0.0,0.0,0.0,0.0,0
-0.5614035087719298,-0.375,1.6363892544586,-0.15665935946104906,1.5,0.0,0.0,0.0,0.0,0.0,1.0,0.0,0.0,0
-1.263157894736842,0.7083333333333334,-0.2886416770892079,0.6058814093995616,-0.5,2.0,0.0,0.0,0.0,1.0,0.0,0.0,1.0,0
0.5614035087719298,0.7916666666666666,0.5671928726300269,1.141859594717425,0.5,0.0,0.0,0.0,0.0,1.0,0.0,0.0,0.0,1
-0.07017543859649122,0.5416666666666666,-0.2977895432340803,0.44110570496711765,0.5,1.0,0.0,0.0,1.0,1.0,0.0,0.0,0.0,0
-0.7719298245614035,-0.2916666666666667,0.9782350558687496,-0.054135700155055345,0.0,0.0,0.0,1.0,0.0,1.0,0.0,0.0,0.0,1
-0.9122807017543859,0.5,-0.2598687441004189,0.41437202587820143,-0.5,0.0,0.0,0.0,1.0,0.0,0.0,0.0,0.0,1
0.0,1.2083333333333333,-0.47481560399956674,0.8367962358979844,-0.5,1.0,0.0,1.0,0.0,0.0,0.0,0.0,0.0,0
-0.14035087719298245,-0.3333333333333333,1.0031240808044235,-0.173779607549591,2.0,0.0,0.0,0.0,1.0,0.0,1.0,0.0,0.0,0
0.7719298245614035,-0.4166666666666667,0.8833499268154947,-0.24804042132278245,2.0,0.0,0.0,0.0,1.0,1.0,0.0,1.0,0.0,0
0.3508771929824561,1.5,0.013398410071304963,1.4414799764743627,1.0,0.0,1.0,0.0,0.0,1.0,0.0,0.0,1.0,0
-0.7719298245614035,0.3333333333333333,0.5424582302855236,0.5998182109821956,0.5,1.0,0.0,0.0,1.0,1.0,0.0,0.0,1.0,0
-0.07017543859649122,-0.25,0.11075479981654981,-0.2199112441854248,0.0,0.0,0.0,0.0,1.0,0.0,0.0,0.0,1.0,0
-1.1228070175438596,1.8333333333333333,0.1540181527893647,1.9226808533390367,-0.5,1.0,0.0,1.0,0.0,0.0,0.0,0.0,1.0,0
-0.9824561403508771,2.3333333333333335,-0.6573874523439401,1.3767844730791854,0.0,0.0,0.0,1.0,0.0,0.0,0.0,0.0,0.0,0
0.0,-0.20833333333333334,1.7847745411451712,0.15869646580762445,0.0,2.0,0.0,0.0,1.0,0.0,1.0,0.0,0.0,0
0.3508771929824561,2.1666666666666665,0.0,0.0,0.0,2.0,0.0,0.0,1.0,1.0,0.0,0.0,1.0,0
-1.0526315789473684,0.625,0.5541275027930854,1.0112709191038873,0.0,0.0,0.0,1.0,0.0,0.0,1.0,0.0,0.0,1
0.14035087719298245,-0.2916666666666667,-0.282311067809731,-0.3429556755600706,0.5,0.0,0.0,0.0,0.0,0.0,0.0,0.0,1.0,0
-0.5614035087719298,-0.08333333333333333,0.31673900669712923,0.06512858899641767,0.5,0.0,1.0,0.0,0.0,1.0,0.0,0.0,1.0,1
-0.9122807017543859,0.0,-0.1300073374151554,0.0,1.0,0.0,0.0,0.0,0.0,1.0,0.0,0.0,0.0,1
0.0,1.3333333333333333,0.5126152887693446,1.8524407849008182,-0.5,0.0,1.0,0.0,0.0,1.0,0.0,0.0,0.0,0
-1.4736842105263157,0.25,-0.5422916275997024,0.08180505801208364,1.0,0.0,0.0,0.0,1.0,1.0,0.0,0.0,1.0,0
-1.0526315789473684,0.5,-0.20130432766416997,0.48769716088328074,0.0,1.0,0.0,0.0,1.0,1.0,0.0,0.0,1.0,0
1.4736842105263157,0.5833333333333334,-0.20379530421719907,0.5541998609848688,1.5,0.0,0.0,0.0,0.0,0.0,0.0,0.0,0.0,1
-0.9122807017543859,1.0416666666666667,0.17183321928342735,1.089028498101909,-0.5,0.0,0.0,0.0,1.0,0.0,0.0,0.0,1.0,0
-0.7017543859649122,-0.5416666666666666,-0.4193351731076952,-0.5240816981232959,0.0,1.0,0.0,0.0,0.0,0.0,0.0,1.0,0.0,0
-1.263157894736842,0.16666666666666666,-0.5708709119923114,0.0368390097845266,-0.5,2.0,1.0,0.0,0.0,1.0,0.0,0.0,1.0,0
-0.9122807017543859,-0.4166666666666667,-1.055114457718844,-0.514136769502219,1.5,0.0,0.0,0.0,0.0,1.0,0.0,0.0,0.0,0
0.5614035087719298,-0.4583333333333333,-0.6499800775346319,-0.49646046088862755,0.0,0.0,1.0,0.0,0.0,0.0,0.0,1.0,0.0,0
0.631578947368421,0.041666666666666664,0.04625754484217138,0.09474415869111912,0.0,0.0,0.0,0.0,1.0,0.0,0.0,0.0,0.0,0
-0.5614035087719298,0.2916666666666667,1.3700522170939446,0.9049296904239962,0.0,1.0,0.0,0.0,0.0,1.0,0.0,0.0,0.0,0
0.07017543859649122,2.3333333333333335,0.9976609142728413,3.4725177778965945,0.0,1.0,1.0,0.0,0.0,1.0,0.0,0.0,1.0,0
0.5614035087719298,-0.4166666666666667,0.233533659802034,-0.33388761161311026,-0.5,0.0,0.0,1.0,0.0,0.0,0.0,1.0,0.0,1
-0.21052631578947367,0.9166666666666666,0.0809622536428257,1.0780088755814576,0.5,1.0,0.0,0.0,0.0,1.0,0.0,0.0,0.0,0
-0.07017543859649122,0.0,-0.6785924468466358,-0.18294391274127147,-0.5,0.0,0.0,1.0,0.0,1.0,0.0,0.0,0.0,1
0.631578947368421,0.20833333333333334,-0.701016544404727,-0.07687536758808747,0.5,0.0,1.0,0.0,0.0,0.0,0.0,0.0,0.0,1
-0.631578947368421,0.5833333333333334,0.0,0.0,0.5,1.0,0.0,0.0,1.0,1.0,0.0,0.0,0.0,0
-0.07017543859649122,0.125,0.4109772094394486,0.2971662300165749,0.0,0.0,1.0,0.0,0.0,0.0,0.0,0.0,1.0,0
0.0,-0.625,-0.7804555284176424,-0.6136395230711652,1.0,1.0,0.0,0.0,1.0,0.0,0.0,0.0,1.0,0
0.42105263157894735,0.5416666666666666,0.3013604385303386,0.615639202267016,0.5,0.0,0.0,1.0,0.0,0.0,0.0,0.0,1.0,0
0.2807017543859649,0.3333333333333333,-0.08395625721703184,0.30506335881944074,0.5,0.0,1.0,0.0,0.0,0.0,0.0,0.0,1.0,0
0.8421052631578947,-0.625,0.22646941857783273,-0.5737047532481421,-0.5,1.0,0.0,1.0,0.0,1.0,0.0,0.0,0.0,0
-0.9122807017543859,0.2916666666666667,-1.0680605781370125,-0.14942522589958834,1.0,1.0,0.0,0.0,1.0,0.0,0.0,1.0,0.0,0
0.2807017543859649,1.5833333333333333,1.2295182637808992,2.4815911885793724,0.0,0.0,0.0,1.0,0.0,0.0,1.0,0.0,1.0,0
0.0,1.7916666666666667,-0.40422790088893124,1.4505694273645942,0.5,1.0,0.0,0.0,0.0,1.0,0.0,0.0,0.0,0
0.42105263157894735,-0.5416666666666666,0.32149885308808246,-0.48142009303320327,0.0,0.0,0.0,0.0,1.0,0.0,1.0,0.0,0.0,1
-0.7017543859649122,0.8333333333333334,0.7666392954420882,1.4910656044484842,0.0,1.0,0.0,0.0,1.0,1.0,0.0,0.0,1.0,0
0.07017543859649122,0.9583333333333334,-1.1228795355543144,0.2281077901940866,0.5,1.0,0.0,1.0,0.0,1.0,0.0,0.0,0.0,0
1.1228070175438596,-0.5416666666666666,-0.11726309532241819,-0.5172271828048977,0.0,0.0,0.0,0.0,1.0,0.0,0.0,0.0,0.0,1
-0.07017543859649122,0.16666666666666666,-0.3950462214832023,0.0,0.0,0.0,0.0,1.0,0.0,1.0,0.0,0.0,0.0,0
0.8421052631578947,0.625,-0.7465401344818918,0.2811153290915896,0.0,0.0,0.0,0.0,0.0,0.0,0.0,0.0,0.0,0
-0.7719298245614035,0.7916666666666666,0.29191964606614185,0.9190825001336685,1.0,0.0,0.0,1.0,0.0,0.0,0.0,0.0,0.0,1
0.7719298245614035,2.3333333333333335,-0.8796263574774207,1.2408383681762285,-0.5,2.0,0.0,0.0,0.0,0.0,1.0,0.0,0.0,0
0.0,-0.4166666666666667,0.31055381802197163,-0.37449607014917397,0.5,0.0,0.0,1.0,0.0,0.0,0.0,0.0,0.0,1
-0.631578947368421,-0.5416666666666666,0.0,0.0,0.0,0.0,0.0,0.0,0.0,1.0,0.0,0.0,1.0,0
0.49122807017543857,-0.5833333333333334,0.11885203318610428,-0.5405603379137037,0.5,1.0,0.0,1.0,0.0,0.0,0.0,0.0,0.0,1
-0.9122807017543859,0.7916666666666666,0.5946371056497566,1.2587499331658023,0.0,0.0,0.0,1.0,0.0,0.0,0.0,0.0,1.0,0
0.21052631578947367,1.625,1.7179765629325605,3.677249639095333,0.5,0.0,1.0,0.0,0.0,1.0,0.0,0.0,1.0,1
0.07017543859649122,1.0833333333333333,0.01108159867507947,1.1569855103459339,0.5,0.0,0.0,0.0,0.0,0.0,0.0,1.0,0.0,0
0.0,2.3333333333333335,-0.679885302254903,1.3412874939849224,0.5,1.0,0.0,0.0,1.0,1.0,0.0,0.0,0.0,0
0.7017543859649122,-0.5416666666666666,2.4363576085162437,-0.31261829652996853,1.5,2.0,0.0,1.0,0.0,0.0,0.0,0.0,0.0,1
-1.543859649122807,-0.5416666666666666,0.6831256928309387,-0.45329091589584564,-0.5,2.0,0.0,0.0,1.0,0.0,0.0,1.0,0.0,1
-0.5614035087719298,-0.4166666666666667,-0.8276808163922081,-0.499385125380955,0.5,1.0,0.0,0.0,0.0,1.0,0.0,0.0,0.0,0
-0.14035087719298245,-0.125,-0.18735579520418086,-0.08849917125594825,0.0,0.0,0.0,0.0,0.0,0.0,1.0,0.0,1.0,0
-0.49122807017543857,-0.08333333333333333,-0.3846462624714875,-0.15470780088755817,-0.5,2.0,0.0,1.0,0.0,0.0,1.0,1.0,0.0,0
0.21052631578947367,1.5416666666666667,1.1763444520336686,2.706442816660429,1.5,0.0,0.0,1.0,0.0,0.0,0.0,1.0,0.0,1
-1.4035087719298245,-0.25,-0.4309281641680081,-0.2970753355076726,-0.5,0.0,0.0,0.0,1.0,0.0,0.0,0.0,0.0,0
0.21052631578947367,0.5416666666666666,0.5271599728209688,0.7405389509704328,0.0,2.0,0.0,0.0,0.0,0.0,0.0,0.0,0.0,1
0.0,1.0416666666666667,-0.6985630648772702,0.6110356627279048,0.5,1.0,0.0,0.0,1.0,1.0,0.0,0.0,0.0,0
-0.7017543859649122,0.0,0.1973070796718473,0.0636261562316206,0.5,0.0,1.0,0.0,0.0,0.0,0.0,0.0,0.0,1
0.631578947368421,0.041666666666666664,-0.08294170766936557,0.0838742447735657,-0.5,0.0,0.0,0.0,0.0,0.0,1.0,0.0,0.0,1
-0.2807017543859649,-0.375,-1.1005284039092034,-0.49823023044431375,-0.5,0.0,0.0,1.0,0.0,0.0,0.0,0.0,0.0,0
1.0526315789473684,0.7083333333333334,-0.023451344493481015,0.6915788910869916,0.0,1.0,0.0,0.0,1.0,0.0,0.0,0.0,0.0,0
-0.3508771929824561,1.25,0.3747923609915888,1.7430358765973375,1.0,0.0,0.0,1.0,0.0,0.0,0.0,0.0,0.0,1
0.42105263157894735,-0.16666666666666666,-0.4703164848624619,-0.2431267711062397,0.0,0.0,0.0,1.0,0.0,1.0,0.0,0.0,0.0,1
-1.4035087719298245,0.9166666666666666,1.0033489646385687,1.6299363738437687,-0.5,1.0,0.0,0.0,1.0,0.0,0.0,1.0,0.0,0
1.8245614035087718,0.5416666666666666,0.19036374040551954,0.6560498315778219,1.5,1.0,0.0,0.0,0.0,1.0,0.0,0.0,0.0,1
-0.49122807017543857,-0.5833333333333334,-0.6567170602136153,-0.5704967117574722,-0.5,0.0,0.0,0.0,1.0,1.0,0.0,0.0,0.0,0
-0.49122807017543857,0.9583333333333334,0.3305320093494337,1.0209805913489816,0.0,0.0,0.0,1.0,0.0,0.0,0.0,0.0,0.0,0
0.0,-0.25,0.5704359071457781,-0.11349516120408491,14.5,2.0,1.0,0.0,0.0,0.0,1.0,0.0,0.0,0
0.631578947368421,1.4166666666666667,-0.07855675445144254,1.4034326043950172,0.0,2.0,0.0,1.0,0.0,0.0,0.0,1.0,0.0,0
-1.4736842105263157,0.041666666666666664,-0.6666378865145492,-0.18446238571352191,0.0,0.0,0.0,1.0,0.0,0.0,0.0,0.0,0.0,1
1.543859649122807,1.8333333333333333,1.77586580253492,3.9765866438539277,-0.5,0.0,1.0,0.0,0.0,1.0,0.0,0.0,0.0,1
-1.3333333333333333,-0.2916666666666667,-0.3656493487285943,-0.32035502325830084,-0.5,2.0,0.0,1.0,0.0,1.0,0.0,0.0,0.0,0
0.3508771929824561,1.5416666666666667,0.222883101651737,1.758487943110731,0.0,0.0,0.0,0.0,0.0,1.0,0.0,0.0,0.0,1
-0.3508771929824561,-0.041666666666666664,0.6304386251501736,0.183152435438165,0.0,2.0,0.0,0.0,0.0,0.0,0.0,0.0,0.0,1
0.2807017543859649,2.0,-0.13085522200652128,1.9176068010479606,0.0,1.0,0.0,0.0,1.0,0.0,1.0,1.0,0.0,0
0.0,-0.375,-1.064070443538012,-0.4844142650911619,0.0,0.0,0.0,1.0,0.0,1.0,0.0,0.0,0.0,0
0.2807017543859649,0.5416666666666666,-0.5329342745769441,0.36473293054590183,0.0,1.0,0.0,0.0,0.0,0.0,1.0,0.0,1.0,0
0.0,2.3333333333333335,3.2590119906935997,6.664492327434103,0.5,0.0,0.0,0.0,1.0,1.0,0.0,1.0,0.0,0
0.9122807017543859,1.75,-0.5656737233675606,1.328669197454954,0.0,0.0,1.0,0.0,0.0,0.0,0.0,0.0,0.0,0
0.21052631578947367,2.3333333333333335,-0.7514741674437223,1.2212318879324175,0.0,0.0,0.0,0.0,0.0,1.0,0.0,0.0,0.0,0
-0.7017543859649122,-0.08333333333333333,0.0,11.572106079238628,1.0,1.0,0.0,1.0,0.0,0.0,0.0,1.0,0.0,0
0.42105263157894735,0.9583333333333334,-0.22152449007202013,0.7062129070202642,0.5,0.0,0.0,1.0,0.0,1.0,0.0,1.0,0.0,0
-0.3508771929824561,2.3333333333333335,0.41929748808721584,2.952772282521521,0.0,1.0,0.0,0.0,0.0,1.0,0.0,0.0,0.0,0
0.21052631578947367,-0.16666666666666666,0.5764875142676604,-0.011875100251296605,0.5,0.0,1.0,0.0,0.0,1.0,0.0,0.0,0.0,0
0.5614035087719298,-0.5,-0.053272943686738884,-0.48175693738972364,0.5,1.0,1.0,0.0,0.0,0.0,0.0,0.0,1.0,0
0.2807017543859649,0.2916666666666667,-0.38512399071828063,0.1874298240923916,-0.5,0.0,1.0,0.0,0.0,0.0,0.0,0.0,1.0,1
0.07017543859649122,0.5416666666666666,0.6838122701027562,0.7714270437897666,0.5,2.0,1.0,0.0,0.0,0.0,1.0,0.0,0.0,0
-0.42105263157894735,2.1666666666666665,-0.978318569300652,0.929775971769235,0.5,0.0,1.0,0.0,0.0,1.0,0.0,0.0,0.0,1
-0.631578947368421,-0.20833333333333334,-0.7197661736690572,-0.318130781158103,-0.5,0.0,0.0,0.0,1.0,1.0,0.0,0.0,0.0,1
-0.8421052631578947,0.20833333333333334,-1.0210496491360876,-0.19248248944019677,-0.5,2.0,0.0,1.0,0.0,1.0,0.0,0.0,1.0,0
0.21052631578947367,2.3333333333333335,0.3142863841026645,2.8894241565524252,-0.5,1.0,0.0,0.0,1.0,0.0,0.0,0.0,1.0,0
-0.3508771929824561,-0.20833333333333334,-0.14090731389808175,-0.21497620702561093,-0.5,0.0,1.0,0.0,0.0,1.0,0.0,0.0,1.0,0
0.5614035087719298,-0.041666666666666664,0.06348857321325374,0.004346896219857836,0.0,1.0,0.0,1.0,0.0,0.0,0.0,0.0,0.0,1
0.7719298245614035,-0.25,-0.7543049353464809,-0.332363791905042,-0.5,0.0,0.0,0.0,0.0,1.0,0.0,1.0,0.0,0
1.7543859649122806,-0.20833333333333334,0.0,0.0,0.0,1.0,0.0,1.0,0.0,1.0,0.0,1.0,0.0,0
-1.263157894736842,0.3333333333333333,0.5427550012775744,0.6068545153183982,0.0,0.0,0.0,1.0,0.0,0.0,0.0,0.0,0.0,1
0.7719298245614035,-0.5416666666666666,-0.2921088010468181,-0.5313479120996633,0.5,0.0,0.0,1.0,0.0,1.0,0.0,0.0,0.0,0
0.3508771929824561,0.3333333333333333,-1.0749748572864515,-0.16111319039726252,0.0,0.0,0.0,0.0,1.0,1.0,0.0,0.0,1.0,0
0.8421052631578947,-0.2916666666666667,1.223207774369001,-0.04894936641180558,2.0,0.0,0.0,0.0,0.0,1.0,0.0,0.0,0.0,1
-0.631578947368421,-0.625,-0.27242235135657744,-0.5966850237929745,0.0,0.0,0.0,0.0,0.0,0.0,1.0,1.0,0.0,0
-0.07017543859649122,1.2916666666666667,-0.4967669398975892,1.0089183553440626,-0.5,0.0,0.0,1.0,0.0,0.0,1.0,0.0,0.0,1
-0.5614035087719298,-0.375,-0.45436805233010347,-0.3871036732075069,-0.5,1.0,0.0,1.0,0.0,0.0,1.0,0.0,0.0,0
0.7017543859649122,0.9583333333333334,0.9663886403155828,1.5572956210233653,0.5,0.0,0.0,1.0,0.0,1.0,0.0,1.0,0.0,0
1.3333333333333333,-0.5,0.0,3.6770464631342574,0.5,1.0,0.0,0.0,0.0,1.0,0.0,0.0,1.0,1
-0.07017543859649122,2.3333333333333335,-0.6396046812875632,1.4112441854247983,0.0,0.0,1.0,0.0,0.0,0.0,0.0,0.0,0.0,0
-0.14035087719298245,-0.6666666666666666,0.24320002242112435,-0.6271239908036146,0.5,2.0,0.0,0.0,1.0,1.0,0.0,0.0,1.0,0
-0.07017543859649122,-0.6666666666666666,-0.19310710909438103,-0.6330535208255361,-0.5,0.0,1.0,0.0,0.0,0.0,1.0,0.0,0.0,0
-0.14035087719298245,1.2916666666666667,-0.7774717648528976,0.7565791584237825,-0.5,0.0,0.0,0.0,0.0,1.0,0.0,0.0,0.0,1
0.42105263157894735,-0.08333333333333333,-0.36764038845746205,-0.0985884617441053,1.0,1.0,0.0,1.0,0.0,1.0,0.0,0.0,0.0,1
0.631578947368421,-0.3333333333333333,0.3848062255033969,-0.2812383040153986,-0.5,2.0,0.0,1.0,0.0,0.0,0.0,1.0,0.0,0
-0.2807017543859649,-0.375,0.5244800881857387,-0.2549002833769984,-0.5,0.0,0.0,1.0,0.0,0.0,1.0,0.0,0.0,0
-0.42105263157894735,0.16666666666666666,2.9340050961178976,1.123883868898038,0.0,0.0,0.0,1.0,0.0,0.0,0.0,1.0,0.0,0
0.8421052631578947,-0.5833333333333334,0.2698636667218182,-0.5307544244238893,1.0,0.0,0.0,0.0,1.0,0.0,0.0,0.0,0.0,1
0.0,-0.125,0.30418073285462777,0.023290381222263783,1.0,1.0,0.0,1.0,0.0,1.0,0.0,1.0,0.0,0
0.49122807017543857,-0.4583333333333333,-1.0637973127914284,-0.5239801101427579,0.0,1.0,0.0,1.0,0.0,1.0,0.0,1.0,0.0,0
0.5614035087719298,0.0,-0.41439371475507525,0.0,0.0,0.0,0.0,1.0,0.0,0.0,0.0,0.0,1.0,0
-0.9122807017543859,1.9166666666666667,-0.49742057565624415,1.3261936587713203,-0.5,0.0,0.0,1.0,0.0,0.0,1.0,0.0,0.0,0
0.21052631578947367,0.041666666666666664,-0.45838952538945504,-0.08715179382986687,-0.5,1.0,0.0,0.0,0.0,0.0,0.0,0.0,0.0,0
-0.3508771929824561,-0.08333333333333333,-0.1486526573715087,-0.09160562476608028,-0.5,0.0,0.0,0.0,0.0,0.0,0.0,1.0,0.0,1
0.9824561403508771,-0.08333333333333333,0.33494848777959013,-0.020659787199914507,0.0,0.0,0.0,1.0,0.0,0.0,1.0,0.0,1.0,1
-0.9122807017543859,0.16666666666666666,0.22460662158013173,0.248815698016361,0.5,0.0,0.0,0.0,1.0,1.0,0.0,0.0,1.0,0
0.8421052631578947,0.125,-1.1576161664160014,-0.28953109126878046,0.5,2.0,0.0,1.0,0.0,1.0,0.0,0.0,0.0,0
0.9122807017543859,-0.5833333333333334,0.77877912603568,-0.5136341763353474,0.5,0.0,0.0,1.0,0.0,0.0,0.0,0.0,1.0,0
0.2807017543859649,-0.5833333333333334,0.29232221255633867,-0.5270010158798054,0.0,0.0,0.0,1.0,0.0,1.0,0.0,0.0,1.0,0
0.8421052631578947,-0.375,0.29041718813134154,-0.31652676041276806,0.5,0.0,1.0,0.0,0.0,1.0,0.0,0.0,0.0,1
2.526315789473684,0.875,0.7471810664853308,1.2840774207346417,0.5,0.0,1.0,0.0,0.0,0.0,1.0,0.0,0.0,1
-0.7017543859649122,0.3333333333333333,-0.20491186935249892,0.306389349302251,0.0,2.0,0.0,1.0,0.0,1.0,0.0,0.0,0.0,0
1.1929824561403508,1.9583333333333333,-0.6727370931965422,1.2423408009410257,1.0,2.0,0.0,0.0,0.0,1.0,0.0,0.0,1.0,0
0.0,0.4166666666666667,-0.06004195706473488,0.3195530128856334,0.0,1.0,0.0,1.0,0.0,1.0,0.0,0.0,0.0,0
1.9649122807017543,-0.08333333333333333,-0.49622039106292537,-0.1840827674704593,0.0,0.0,0.0,1.0,0.0,0.0,0.0,0.0,0.0,1
-0.49122807017543857,0.875,0.7290523901054683,1.508292787253382,-0.5,2.0,1.0,0.0,0.0,0.0,0.0,0.0,0.0,0
1.1228070175438596,-0.625,-0.4272612839891322,-0.5988344115917233,0.0,2.0,0.0,0.0,1.0,1.0,0.0,0.0,1.0,0
-0.07017543859649122,0.08333333333333333,-0.1990332922469665,0.024242100197829186,0.5,1.0,1.0,0.0,0.0,0.0,0.0,1.0,0.0,0
-0.07017543859649122,-0.041666666666666664,-0.10725308050148316,-0.02263807945249421,-0.5,1.0,0.0,0.0,1.0,0.0,0.0,0.0,1.0,0
0.0,2.2916666666666665,0.04521539702875981,2.1708442495856284,0.0,0.0,1.0,0.0,0.0,0.0,1.0,1.0,0.0,0
0.631578947368421,0.8333333333333334,-1.1306674360951654,0.12272897396139656,0.0,0.0,0.0,0.0,0.0,0.0,0.0,0.0,0.0,0
0.21052631578947367,0.20833333333333334,1.8597217822087446,1.0510506335881946,1.0,2.0,0.0,1.0,0.0,1.0,0.0,0.0,1.0,0
0.7017543859649122,1.0416666666666667,0.5613426487007973,1.3012297492380904,0.0,0.0,0.0,0.0,1.0,1.0,0.0,0.0,0.0,1
-0.3508771929824561,0.6666666666666666,-0.6626171820505534,0.24360263059402232,0.0,1.0,0.0,0.0,1.0,1.0,0.0,0.0,0.0,1
-0.2807017543859649,-0.041666666666666664,-1.1655729289491679,-0.32915575041437206,1.5,1.0,0.0,0.0,1.0,0.0,1.0,0.0,1.0,0
0.3508771929824561,-0.4166666666666667,-0.1765569646002442,-0.41810404747901414,-0.5,0.0,0.0,1.0,0.0,1.0,0.0,0.0,0.0,1
-0.07017543859649122,0.75,0.4098327944496277,1.1645190611131906,0.0,0.0,0.0,1.0,0.0,1.0,0.0,0.0,0.0,1
1.0526315789473684,0.125,-0.03520248188023708,0.17662407100465163,1.0,2.0,0.0,0.0,1.0,0.0,0.0,0.0,1.0,0
-0.8421052631578947,0.25,-0.9833493290706778,-0.13661444688017965,-0.5,1.0,0.0,1.0,0.0,1.0,0.0,0.0,1.0,0
-0.14035087719298245,-0.5,0.0,0.0,-0.5,1.0,0.0,0.0,1.0,1.0,0.0,0.0,1.0,0
-0.07017543859649122,-0.4583333333333333,0.31474946006652427,-0.37693418168208315,-0.5,2.0,0.0,0.0,1.0,1.0,0.0,0.0,0.0,1
-1.1228070175438596,-0.16666666666666666,-0.7295280600279255,-0.29436988718387425,0.0,2.0,0.0,1.0,0.0,1.0,0.0,0.0,0.0,0
0.0,-0.3333333333333333,0.12014480812681484,-0.2726033256696787,-0.5,2.0,0.0,0.0,1.0,1.0,0.0,0.0,1.0,0
-0.5614035087719298,0.16666666666666666,1.6921493179568434,0.9083890284981021,-0.5,0.0,0.0,1.0,0.0,0.0,0.0,0.0,0.0,1
0.0,-0.3333333333333333,-0.49052766216545834,-0.3935999572261135,-0.5,0.0,0.0,0.0,0.0,0.0,0.0,0.0,1.0,1
0.2807017543859649,-0.20833333333333334,1.0001204279278497,0.0721809335400738,0.5,0.0,0.0,0.0,0.0,0.0,1.0,0.0,0.0,1
0.42105263157894735,-0.6666666666666666,0.26904725604966073,-0.6218253756081913,0.0,0.0,0.0,0.0,1.0,0.0,0.0,1.0,0.0,0
-0.49122807017543857,1.0416666666666667,-0.19233144517782488,0.9942629524675188,-0.5,1.0,0.0,1.0,0.0,1.0,0.0,1.0,0.0,0
-0.07017543859649122,-0.6666666666666666,-0.2210993777959234,-0.6299577607870396,-0.5,0.0,0.0,1.0,0.0,0.0,0.0,0.0,0.0,1
-0.7719298245614035,2.2916666666666665,-0.1902249782611392,2.024038924236754,0.0,0.0,1.0,0.0,0.0,1.0,0.0,0.0,0.0,0
-0.07017543859649122,-0.625,-1.3122013192895776,-0.6325241939795756,0.0,1.0,0.0,1.0,0.0,1.0,0.0,0.0,0.0,0
0.21052631578947367,1.25,-0.039970980898362915,1.376522483024114,0.0,0.0,0.0,1.0,0.0,1.0,0.0,1.0,0.0,0
0.0,-0.125,0.3786964165340849,-0.029749238090146023,0.0,0.0,0.0,1.0,0.0,1.0,0.0,0.0,0.0,1
0.42105263157894735,1.1666666666666667,0.23272190041431215,1.3391808800727159,0.5,2.0,0.0,1.0,0.0,0.0,0.0,0.0,1.0,0
-0.3508771929824561,2.3333333333333335,0.179409207385678,2.4312463241191256,-0.5,0.0,0.0,0.0,1.0,1.0,0.0,0.0,1.0,0
-0.5614035087719298,2.3333333333333335,0.6742795032632463,3.240934609420949,0.5,0.0,0.0,0.0,1.0,1.0,0.0,0.0,0.0,0
1.1228070175438596,0.2916666666666667,-0.9368644819519452,-0.01855317328770788,0.0,0.0,1.0,0.0,0.0,0.0,0.0,0.0,1.0,1
-1.4736842105263157,0.0,0.4090158658433921,0.0,1.0,2.0,0.0,1.0,0.0,0.0,1.0,0.0,0.0,0
0.0,-0.4583333333333333,-0.4730340430470258,-0.4542586750788644,0.0,1.0,0.0,0.0,1.0,0.0,0.0,0.0,1.0,0
1.8245614035087718,-0.6666666666666666,-0.08435871496804599,-0.6275249959899483,0.5,0.0,0.0,0.0,1.0,0.0,0.0,1.0,0.0,1
-0.3508771929824561,1.0833333333333333,-1.1052098793864016,0.3571619526279207,0.5,0.0,0.0,1.0,0.0,0.0,0.0,0.0,1.0,0
0.8421052631578947,0.0,-0.35216904321976855,-0.10332566967866119,0.0,0.0,0.0,0.0,0.0,0.0,1.0,0.0,1.0,1
1.263157894736842,-0.625,-0.8087954754046066,-0.6191894348500241,1.0,0.0,1.0,0.0,0.0,0.0,0.0,0.0,0.0,1
-0.42105263157894735,1.7083333333333333,1.6900639761865435,3.672833235309844,0.0,0.0,0.0,0.0,1.0,1.0,0.0,0.0,1.0,0
0.49122807017543857,0.8333333333333334,-0.07730295626074397,0.7806234293963537,0.0,0.0,0.0,0.0,1.0,1.0,0.0,0.0,0.0,1
0.5614035087719298,-0.5833333333333334,0.1731439659712497,-0.5338769181414748,1.0,0.0,0.0,1.0,0.0,1.0,0.0,0.0,1.0,0
1.263157894736842,0.3333333333333333,0.46797479767966993,0.5240282307651181,0.0,1.0,0.0,0.0,0.0,1.0,0.0,0.0,1.0,0
1.0526315789473684,0.5833333333333334,1.5208294513601737,1.5612468587927073,0.5,0.0,0.0,0.0,1.0,0.0,0.0,0.0,1.0,0
0.07017543859649122,0.8333333333333334,-0.17616457353305245,0.7163770518098702,2.5,0.0,0.0,1.0,0.0,1.0,0.0,0.0,1.0,0
-0.5614035087719298,-0.5833333333333334,-1.1285521138091614,-0.5982676575950383,0.0,0.0,0.0,0.0,1.0,1.0,0.0,0.0,0.0,1
1.1929824561403508,-0.5416666666666666,0.2908916452281165,-0.4695770731968134,0.0,0.0,0.0,1.0,0.0,1.0,0.0,0.0,1.0,1
1.263157894736842,1.7083333333333333,0.7827602422535119,2.6446826712292153,1.0,2.0,0.0,0.0,0.0,1.0,0.0,0.0,0.0,1
0.0,-0.4583333333333333,0.12648049685125534,-0.42613484467732454,-0.5,1.0,0.0,0.0,1.0,0.0,0.0,0.0,0.0,0
-0.2807017543859649,-0.125,2.0703484473486506,0.3820884350104261,0.0,1.0,0.0,1.0,0.0,1.0,0.0,0.0,0.0,0
0.49122807017543857,-0.041666666666666664,-0.7024758418763071,-0.1783136395230712,0.5,1.0,1.0,0.0,0.0,1.0,0.0,0.0,0.0,0
-0.07017543859649122,-0.25,0.691366106947109,-0.05524782120515422,-0.5,2.0,0.0,1.0,0.0,1.0,0.0,0.0,1.0,0
0.49122807017543857,1.0833333333333333,0.11068390917093213,1.2040849061647865,0.5,1.0,0.0,1.0,0.0,1.0,0.0,0.0,1.0,0
0.0,-0.4166666666666667,0.4936490219173649,-0.3117146981767631,0.5,0.0,0.0,1.0,0.0,0.0,0.0,0.0,1.0,0
-0.14035087719298245,0.5,-0.5084802203413031,0.17231460193551837,1.0,0.0,0.0,0.0,0.0,0.0,0.0,0.0,1.0,1
0.0,1.5833333333333333,0.1317642560384395,1.927140031011068,0.0,2.0,1.0,0.0,0.0,0.0,0.0,1.0,0.0,0
0.2807017543859649,0.125,-0.5601941978313331,-0.024060311180024597,0.0,0.0,0.0,1.0,0.0,0.0,0.0,0.0,0.0,0
-0.49122807017543857,0.08333333333333333,-0.4365532479061023,0.0027375287387049626,-0.5,0.0,0.0,0.0,1.0,1.0,0.0,1.0,0.0,0
-0.21052631578947367,1.1666666666666667,0.43547411021969107,1.5970592953002192,0.0,1.0,1.0,0.0,0.0,1.0,0.0,0.0,0.0,0
0.7719298245614035,0.4583333333333333,-0.14158416716800273,0.3248569748168743,0.5,1.0,0.0,0.0,0.0,0.0,1.0,1.0,0.0,0
-1.263157894736842,0.0,0.5806539706207536,0.0,0.0,0.0,0.0,0.0,0.0,0.0,0.0,0.0,0.0,0
0.21052631578947367,-0.16666666666666666,0.04452760151511652,-0.08737100999839603,-0.5,0.0,0.0,0.0,1.0,0.0,0.0,0.0,1.0,0
-0.07017543859649122,2.2083333333333335,-0.8150842750590419,1.198572421536652,0.0,0.0,0.0,1.0,0.0,1.0,0.0,1.0,0.0,0
-0.07017543859649122,-0.5833333333333334,0.2504268461036694,-0.5207774153879058,1.0,1.0,1.0,0.0,0.0,0.0,0.0,0.0,0.0,1
-1.3333333333333333,-0.08333333333333333,0.11413749129835041,0.015505533871571407,-0.5,0.0,0.0,1.0,0.0,0.0,0.0,0.0,0.0,0
-0.49122807017543857,-0.125,0.6241694605078972,-0.001336683954445811,0.0,1.0,0.0,0.0,1.0,0.0,0.0,0.0,0.0,0
-0.5614035087719298,0.041666666666666664,0.5238233933790307,0.185521039405443,-0.5,0.0,0.0,0.0,1.0,0.0,1.0,0.0,1.0,1
0.14035087719298245,-0.2916666666666667,-0.6612700924419873,-0.38817302037106355,0.5,2.0,0.0,0.0,1.0,0.0,0.0,1.0,0.0,0
-0.14035087719298245,-0.5416666666666666,-0.7470026378224012,-0.562262738598086,1.0,2.0,0.0,1.0,0.0,0.0,1.0,0.0,0.0,0
0.7719298245614035,0.5416666666666666,0.5310545542972837,0.7132866385071914,0.5,0.0,0.0,1.0,0.0,0.0,1.0,0.0,1.0,0
-0.07017543859649122,0.041666666666666664,0.34032713361460415,0.2341870288189061,-0.5,0.0,0.0,0.0,0.0,0.0,0.0,0.0,1.0,1
-0.21052631578947367,0.16666666666666666,0.13564760019992017,0.2239640699353046,1.5,0.0,0.0,1.0,0.0,1.0,0.0,0.0,0.0,1
0.42105263157894735,-0.2916666666666667,-0.42061197824593327,-0.3447896059455703,-0.5,0.0,0.0,0.0,1.0,0.0,0.0,0.0,0.0,1
1.1228070175438596,0.4583333333333333,-0.4348668547246473,0.18713575362241355,0.5,0.0,0.0,1.0,0.0,1.0,0.0,1.0,0.0,0
-0.5614035087719298,0.0,-0.6336982281316403,-0.16625675025397,1.5,1.0,0.0,0.0,1.0,0.0,0.0,1.0,0.0,0
-1.1929824561403508,-0.375,1.265628916166002,-0.11824840934609428,0.0,1.0,0.0,0.0,1.0,1.0,0.0,1.0,0.0,0
0.14035087719298245,0.4583333333333333,-0.22589710830815435,0.3815644549002835,0.0,0.0,0.0,1.0,0.0,1.0,0.0,0.0,1.0,0
0.0,1.75,1.7769037682939732,3.8259477089237026,-0.5,1.0,0.0,0.0,0.0,0.0,0.0,0.0,0.0,0
0.5614035087719298,-0.625,-1.0039496123554834,-0.6240549644442069,1.5,0.0,0.0,0.0,0.0,1.0,0.0,0.0,0.0,0
-0.7017543859649122,0.16666666666666666,0.0,0.0,2.0,1.0,0.0,0.0,1.0,0.0,0.0,0.0,0.0,0
-0.14035087719298245,-0.2916666666666667,0.4061184672581325,-0.2325455809228466,1.5,0.0,0.0,1.0,0.0,0.0,0.0,0.0,1.0,0
0.8421052631578947,1.3333333333333333,-0.9164628825163148,0.6191627011709352,-0.5,0.0,0.0,0.0,1.0,0.0,1.0,0.0,0.0,0
-0.07017543859649122,-0.16666666666666666,-0.1902701762121384,-0.1671656953429931,0.5,0.0,0.0,0.0,0.0,0.0,0.0,1.0,0.0,0
0.5614035087719298,0.5833333333333334,-0.6492116024967051,0.17644228198684705,-0.5,0.0,0.0,1.0,0.0,0.0,0.0,0.0,0.0,1
-0.9122807017543859,-0.5833333333333334,-1.0238826487893657,-0.5946532641822169,-0.5,2.0,0.0,0.0,1.0,1.0,0.0,0.0,0.0,1
-0.2807017543859649,-0.041666666666666664,0.00890254458840159,0.007485430144896541,0.0,2.0,0.0,0.0,1.0,1.0,0.0,0.0,0.0,0
1.0526315789473684,-0.4583333333333333,0.6018744778096867,-0.33605303961931243,-0.5,0.0,0.0,1.0,0.0,1.0,0.0,0.0,1.0,0
0.0,2.1666666666666665,1.3688207035316953,4.103036945944502,0.0,0.0,0.0,1.0,0.0,0.0,0.0,0.0,0.0,1
-0.8421052631578947,0.25,-0.7653071386945076,-0.06662032828957917,0.0,2.0,0.0,0.0,1.0,0.0,1.0,0.0,0.0,0
0.14035087719298245,0.125,-0.7790930637635366,-0.07259797893386087,0.5,0.0,0.0,1.0,0.0,0.0,0.0,0.0,1.0,0
-1.6140350877192982,-0.2916666666666667,0.2786945887012573,-0.1795861626477036,0.5,0.0,1.0,0.0,0.0,1.0,0.0,1.0,0.0,1
0.0,-0.5833333333333334,-0.16564417700584624,-0.5533497299898413,0.0,1.0,0.0,0.0,1.0,0.0,1.0,0.0,0.0,0
-1.6140350877192982,1.0833333333333333,-0.7922906200556084,0.5772977597176924,0.0,0.0,0.0,0.0,1.0,0.0,1.0,0.0,0.0,1
-0.9122807017543859,-0.3333333333333333,0.03197441251706391,-0.2710099983959793,0.5,1.0,0.0,1.0,0.0,0.0,0.0,0.0,0.0,0
1.543859649122807,-0.4583333333333333,1.596008744553352,-0.2643426188312036,0.0,0.0,0.0,0.0,1.0,0.0,0.0,0.0,0.0,1
0.8421052631578947,0.5416666666666666,0.8314355847349401,1.0190076458322195,-0.5,2.0,0.0,1.0,0.0,0.0,0.0,0.0,0.0,1
-0.14035087719298245,-0.25,0.066525509142844,-0.2508314174196653,0.0,2.0,0.0,0.0,0.0,0.0,0.0,0.0,1.0,0
-0.5614035087719298,0.9166666666666666,-0.20473327575085734,0.7967277976795167,0.0,0.0,0.0,1.0,0.0,1.0,0.0,1.0,0.0,0
0.0,-0.125,1.319174823027481,0.30797198310431484,-0.5,1.0,0.0,0.0,0.0,0.0,0.0,0.0,0.0,1
0.8421052631578947,0.125,0.09694020266045593,0.10085013099502749,-0.5,0.0,0.0,0.0,1.0,1.0,0.0,0.0,1.0,1
0.0,-0.2916666666666667,0.6521708859339309,-0.12972785114687485,0.0,2.0,0.0,1.0,0.0,0.0,1.0,0.0,0.0,0
1.1228070175438596,0.4166666666666667,-0.7074228340847266,0.09267497192963693,0.5,2.0,0.0,0.0,1.0,1.0,0.0,0.0,1.0,0
0.5614035087719298,0.16666666666666666,-0.5173210679422864,0.007485430144896541,0.5,0.0,1.0,0.0,0.0,0.0,0.0,0.0,1.0,0
-1.0526315789473684,-0.4583333333333333,0.48303322864046466,-0.3543067957012244,1.0,1.0,0.0,1.0,0.0,1.0,0.0,0.0,1.0,0
0.0,-0.5,-0.08655411971930968,-0.4704539378709299,1.0,0.0,0.0,0.0,0.0,0.0,0.0,0.0,0.0,1
-0.7017543859649122,2.3333333333333335,-1.1104308814451225,0.7939795754691762,0.5,1.0,0.0,1.0,0.0,1.0,0.0,0.0,1.0,0
-0.7719298245614035,2.2083333333333335,0.07386606889676965,2.5487248035074592,1.5,1.0,0.0,1.0,0.0,1.0,0.0,0.0,1.0,0
0.49122807017543857,0.8333333333333334,0.579647982311942,1.29872213013955,0.0,0.0,1.0,0.0,0.0,1.0,0.0,1.0,0.0,0
-0.631578947368421,-0.16666666666666666,-0.40724728168954394,-0.26469015665935947,-0.5,2.0,0.0,1.0,0.0,0.0,0.0,0.0,0.0,1
-0.5614035087719298,0.3333333333333333,0.5365027002471503,0.6639950810030477,0.0,1.0,0.0,1.0,0.0,1.0,0.0,0.0,1.0,0
0.14035087719298245,0.0,-0.3630161604723112,0.0,-0.5,1.0,0.0,1.0,0.0,1.0,0.0,0.0,1.0,0
0.49122807017543857,-0.5833333333333334,-0.4848234656803327,-0.576271186440678,1.0,0.0,1.0,0.0,0.0,0.0,1.0,0.0,1.0,0
0.0,2.1666666666666665,0.0,0.0,0.0,1.0,0.0,1.0,0.0,1.0,0.0,0.0,0.0,0
0.631578947368421,-0.2916666666666667,-0.22649451475605387,-0.2937229321499225,0.0,0.0,0.0,0.0,0.0,1.0,0.0,0.0,0.0,0
0.42105263157894735,-0.2916666666666667,-0.3062482108921974,-0.2996096882853019,0.0,1.0,0.0,0.0,1.0,1.0,0.0,0.0,0.0,1
0.14035087719298245,0.0,-0.6887614175123997,-0.1783403732021601,-0.5,1.0,0.0,0.0,1.0,1.0,0.0,0.0,0.0,0
0.7719298245614035,-0.375,0.9067855670961763,-0.2523873175426402,0.0,0.0,0.0,1.0,0.0,1.0,0.0,0.0,0.0,0
0.0,0.6666666666666666,0.11168657220381473,0.6234293963535262,1.0,0.0,1.0,0.0,0.0,1.0,0.0,0.0,0.0,1
0.0,0.75,0.42615965526974525,0.8610169491525426,0.0,0.0,0.0,0.0,1.0,0.0,0.0,1.0,0.0,0
0.5614035087719298,0.20833333333333334,3.479607263274443,1.618697535154788,1.0,0.0,0.0,0.0,0.0,1.0,0.0,0.0,0.0,1
-1.4736842105263157,0.0,-0.6442681459161663,-0.12832165962679787,0.0,0.0,1.0,0.0,0.0,0.0,0.0,0.0,0.0,0
1.3333333333333333,0.0,-0.2225150046050264,0.0,0.5,2.0,0.0,1.0,0.0,1.0,0.0,0.0,0.0,0
0.07017543859649122,-0.25,-0.04472551114066066,-0.2275143025183126,-0.5,0.0,0.0,0.0,0.0,1.0,0.0,0.0,0.0,1
-0.07017543859649122,-0.5833333333333334,0.4147753756088408,-0.5129979147730311,0.5,1.0,1.0,0.0,0.0,0.0,0.0,0.0,1.0,0
-1.1228070175438596,-0.16666666666666666,-0.5978139193216974,-0.2935357963963001,-0.5,0.0,0.0,0.0,1.0,1.0,0.0,0.0,0.0,1
-0.2807017543859649,1.0,0.19600022839643313,1.2874886381863873,0.0,0.0,0.0,1.0,0.0,1.0,0.0,1.0,0.0,0
-0.5614035087719298,-0.5,-0.9811392943257647,-0.5421590119232209,0.5,0.0,0.0,0.0,0.0,1.0,0.0,0.0,0.0,0
0.0,-0.625,0.753015435222267,-0.5567074800834092,-0.5,0.0,1.0,0.0,0.0,1.0,0.0,0.0,0.0,0
-0.14035087719298245,-0.6666666666666666,0.07583945993921068,-0.6287600919638562,0.5,1.0,0.0,0.0,1.0,0.0,0.0,0.0,0.0,0
1.4736842105263157,0.2916666666666667,0.0738325604563957,0.43255092765866443,0.0,0.0,1.0,0.0,0.0,1.0,0.0,0.0,1.0,1
0.07017543859649122,0.041666666666666664,0.1303813159351921,0.13058332887772017,1.0,2.0,0.0,0.0,1.0,1.0,0.0,0.0,0.0,1
1.3333333333333333,-0.5,0.7882347753728409,-0.37590226166925095,-0.5,0.0,0.0,1.0,0.0,1.0,0.0,1.0,0.0,0
0.0,0.4583333333333333,-0.5029679872967825,0.19194781585841847,-0.5,1.0,0.0,0.0,0.0,1.0,0.0,0.0,1.0,0
0.3508771929824561,2.3333333333333335,-0.5313856826186311,1.478051649468,-0.5,1.0,0.0,1.0,0.0,1.0,0.0,0.0,0.0,0
0.7719298245614035,-0.3333333333333333,0.07343587890260189,-0.2694273645939154,-0.5,0.0,0.0,1.0,0.0,0.0,1.0,0.0,0.0,0
-0.49122807017543857,-0.5416666666666666,-0.21356410908612344,-0.5321766561514196,-0.5,0.0,0.0,1.0,0.0,0.0,1.0,0.0,0.0,0
-0.49122807017543857,-0.125,-0.562856340240103,-0.2342084157621772,-0.5,1.0,0.0,0.0,1.0,0.0,0.0,0.0,1.0,0
0.21052631578947367,-0.3333333333333333,-0.2601709268420213,-0.3075121638239855,-0.5,0.0,0.0,0.0,1.0,1.0,0.0,0.0,0.0,0
-0.07017543859649122,1.7916666666666667,-0.12490578203020683,1.7237608939742288,-0.5,0.0,0.0,0.0,0.0,0.0,0.0,0.0,1.0,1
-0.631578947368421,0.20833333333333334,-0.8286025822024595,-0.07982141902368603,-0.5,1.0,0.0,0.0,1.0,1.0,0.0,0.0,0.0,0
-0.8421052631578947,-0.25,-0.19676152690098922,-0.23275945035555798,-0.5,1.0,0.0,0.0,1.0,1.0,0.0,0.0,1.0,0
-0.3508771929824561,-0.4583333333333333,-0.18910540926248715,-0.438234507832968,0.5,2.0,0.0,0.0,0.0,0.0,1.0,0.0,1.0,0
-0.21052631578947367,1.5416666666666667,0.11382793633568654,1.477677377960755,-0.5,0.0,0.0,1.0,0.0,0.0,1.0,0.0,1.0,0
-1.0526315789473684,-0.041666666666666664,0.24982169785127156,0.10638400256643323,-0.5,1.0,0.0,0.0,1.0,0.0,0.0,0.0,1.0,0
-0.2807017543859649,0.0,-0.6880657337970694,0.0,0.5,2.0,0.0,1.0,0.0,1.0,0.0,1.0,0.0,0
1.7543859649122806,-0.041666666666666664,-0.6645922000160028,-0.16949152542372883,1.0,0.0,0.0,1.0,0.0,0.0,0.0,0.0,1.0,0
0.14035087719298245,-0.4583333333333333,-0.36386217165854334,-0.456835801743036,-0.5,2.0,0.0,1.0,0.0,0.0,1.0,0.0,1.0,1
0.2807017543859649,0.4166666666666667,0.692826229298086,0.8685077260332568,-0.5,0.0,0.0,0.0,1.0,1.0,0.0,0.0,0.0,1
-0.21052631578947367,-0.5416666666666666,1.1014436939856047,-0.42158477249639104,-0.5,0.0,0.0,1.0,0.0,1.0,0.0,0.0,1.0,0
0.0,0.2916666666666667,-0.034031844189820526,0.25770197294551683,0.5,0.0,0.0,1.0,0.0,1.0,0.0,0.0,1.0,0
1.1228070175438596,2.3333333333333335,-0.3235942120310921,1.8259102817729778,2.5,2.0,0.0,0.0,1.0,1.0,0.0,0.0,0.0,0
-0.49122807017543857,0.7916666666666666,-1.0692521551906984,0.13901513126236434,1.0,0.0,0.0,0.0,1.0,1.0,0.0,0.0,1.0,0
0.14035087719298245,-0.2916666666666667,-0.2025668903970002,-0.30268940811634504,0.5,0.0,1.0,0.0,0.0,0.0,0.0,0.0,1.0,0
-0.42105263157894735,1.2083333333333333,-1.1071234581449736,0.3908517350157729,-0.5,2.0,0.0,0.0,0.0,1.0,0.0,0.0,1.0,0
1.543859649122807,1.125,-0.7908733145269565,0.5606159439662087,0.5,2.0,1.0,0.0,0.0,0.0,0.0,0.0,0.0,0
-0.8421052631578947,0.2916666666666667,-0.6827100951447673,0.048120622360049194,0.0,0.0,0.0,1.0,0.0,0.0,1.0,0.0,0.0,0
0.0,1.9583333333333333,-0.055570216923844916,1.7772549858311504,-0.5,0.0,1.0,0.0,0.0,0.0,0.0,0.0,1.0,0
0.0,0.7083333333333334,1.818686233406324,1.828278885740256,7.0,0.0,0.0,0.0,0.0,1.0,0.0,0.0,1.0,1
0.7017543859649122,-0.5,-0.2738364802938638,-0.48064481633962475,-0.5,0.0,0.0,0.0,0.0,0.0,1.0,0.0,1.0,0
1.263157894736842,-0.041666666666666664,1.0840870133484832,0.28215794257605736,2.0,2.0,0.0,1.0,0.0,0.0,1.0,0.0,1.0,0
-0.7017543859649122,0.7083333333333334,-0.6216777279199719,0.2900390311714699,-0.5,0.0,0.0,1.0,0.0,0.0,0.0,0.0,1.0,0
0.0,0.9583333333333334,0.5787907630191669,1.377901940865102,0.0,0.0,1.0,0.0,0.0,0.0,0.0,0.0,1.0,0
-0.9122807017543859,0.20833333333333334,-0.5834608778677296,-0.0415762177190825,0.5,0.0,0.0,1.0,0.0,0.0,0.0,0.0,0.0,1
0.0,-0.2916666666666667,0.5065460320058927,-0.17858097631396036,1.0,1.0,0.0,1.0,0.0,1.0,0.0,0.0,0.0,0
0.21052631578947367,-0.125,-0.8461463995650774,-0.2866117735122708,0.0,0.0,1.0,0.0,0.0,1.0,0.0,0.0,1.0,0
1.1228070175438596,-0.5,1.0888525633517692,-0.3464684809923542,-0.5,1.0,0.0,0.0,1.0,1.0,0.0,0.0,1.0,0
-0.42105263157894735,-0.2916666666666667,0.2708999984311014,-0.2338020638400257,-0.5,0.0,1.0,0.0,0.0,1.0,0.0,0.0,1.0,0
0.7719298245614035,-0.3333333333333333,0.002843143054419032,-0.3017002619900551,-0.5,2.0,0.0,0.0,0.0,0.0,0.0,0.0,0.0,1
-1.1228070175438596,-0.5833333333333334,0.18723552489647127,-0.5293268459605411,-0.5,0.0,0.0,0.0,1.0,0.0,1.0,0.0,1.0,1
0.42105263157894735,-0.4583333333333333,-0.9662348167585514,-0.5327006362615624,0.0,0.0,0.0,1.0,0.0,0.0,0.0,0.0,0.0,1
-0.9824561403508771,-0.041666666666666664,-0.47955265313417655,-0.11453777468855267,1.5,0.0,0.0,0.0,1.0,1.0,0.0,0.0,1.0,0
-0.5614035087719298,-0.625,1.8809227442285368,-0.5107897128802866,0.0,0.0,0.0,0.0,1.0,1.0,0.0,0.0,0.0,0
0.7017543859649122,-0.625,-0.17962019092052425,-0.5849810190878469,-0.5,0.0,1.0,0.0,0.0,0.0,0.0,0.0,0.0,0
-0.8421052631578947,0.4166666666666667,-0.35012575316702504,0.2843928781478908,-0.5,2.0,0.0,1.0,0.0,0.0,0.0,0.0,0.0,0
-0.9824561403508771,0.2916666666666667,0.7430708807727908,0.561941934449019,0.5,0.0,0.0,0.0,1.0,0.0,0.0,0.0,1.0,1
0.07017543859649122,-0.08333333333333333,-0.71400464708374,-0.22940704699780784,-0.5,2.0,0.0,0.0,0.0,0.0,0.0,1.0,0.0,0
0.0,-0.5,0.31150593901192103,-0.4162754638293322,0.0,0.0,0.0,1.0,0.0,0.0,0.0,0.0,0.0,0
0.5614035087719298,-0.4583333333333333,-0.7234629948914165,-0.5056408062877614,0.5,0.0,0.0,1.0,0.0,0.0,0.0,0.0,0.0,0
0.5614035087719298,0.625,-0.08989732167709051,0.521558038817302,0.0,0.0,0.0,0.0,1.0,0.0,1.0,0.0,0.0,1
-0.7719298245614035,-0.08333333333333333,1.071882913660763,0.1647650109608085,0.0,2.0,0.0,0.0,1.0,1.0,0.0,0.0,1.0,0
-1.1228070175438596,0.125,-0.6558356855226602,-0.030524514783724498,0.0,0.0,1.0,0.0,0.0,0.0,0.0,0.0,0.0,0
0.7719298245614035,0.0,0.0,0.0,0.0,1.0,0.0,1.0,0.0,0.0,0.0,1.0,0.0,0
-0.2807017543859649,-0.375,0.0,0.0,0.0,0.0,1.0,0.0,0.0,0.0,0.0,1.0,0.0,1
-0.7017543859649122,-0.5833333333333334,1.1841343295991955,-0.4910014436186708,0.5,0.0,1.0,0.0,0.0,0.0,0.0,0.0,0.0,0
-0.42105263157894735,2.0416666666666665,0.09519894696072315,2.304747901406192,-0.5,1.0,1.0,0.0,0.0,0.0,1.0,0.0,0.0,0
1.4736842105263157,-0.4583333333333333,0.30406305020709556,-0.38672405496444423,0.5,0.0,0.0,0.0,1.0,1.0,0.0,0.0,1.0,0
-0.7719298245614035,-0.125,0.4941059693782352,0.05240335775009357,0.0,2.0,1.0,0.0,0.0,1.0,0.0,1.0,0.0,0
-0.2807017543859649,-0.2916666666666667,1.6510596250864202,0.002138694327113298,-0.5,1.0,0.0,0.0,1.0,1.0,0.0,0.0,0.0,1
-1.4736842105263157,-0.4166666666666667,0.06292573169060528,-0.3641875634924879,0.0,1.0,0.0,1.0,0.0,1.0,0.0,0.0,1.0,0
0.21052631578947367,1.6666666666666667,-0.15899517757467332,1.4868042560017112,-0.5,0.0,0.0,0.0,1.0,1.0,0.0,0.0,0.0,1
0.3508771929824561,2.0416666666666665,0.1846212491217066,2.109581350585468,-0.5,0.0,0.0,1.0,0.0,0.0,0.0,0.0,1.0,0
0.21052631578947367,-0.5416666666666666,2.2790178906351564,-0.32989359995722617,0.5,0.0,0.0,1.0,0.0,0.0,0.0,1.0,0.0,0
0.07017543859649122,-0.08333333333333333,2.3631266797241226,0.5563920226701599,-0.5,0.0,0.0,1.0,0.0,1.0,0.0,0.0,1.0,0
-0.14035087719298245,0.5416666666666666,-0.39249021321401295,0.26859327380634124,0.0,0.0,0.0,1.0,0.0,1.0,0.0,0.0,1.0,1
-1.543859649122807,-0.6666666666666666,0.04620950474468743,-0.6298989466930439,1.0,2.0,0.0,0.0,1.0,0.0,0.0,1.0,0.0,0
0.5614035087719298,2.3333333333333335,1.776127166867122,4.924728653157248,0.0,0.0,0.0,1.0,0.0,1.0,0.0,0.0,0.0,0
0.21052631578947367,-0.041666666666666664,1.3767788458576817,0.38085333903651825,-0.5,0.0,0.0,0.0,1.0,0.0,1.0,0.0,0.0,1
-0.2807017543859649,-0.5,-1.3083964581766008,-0.5829492594770893,1.5,2.0,0.0,0.0,1.0,0.0,0.0,0.0,0.0,0
-0.21052631578947367,-0.6666666666666666,2.7904007089460503,-0.5763781211570337,0.0,1.0,0.0,0.0,0.0,1.0,0.0,0.0,1.0,0
-1.1929824561403508,0.625,0.33422112541097365,0.6835106667379566,-0.5,0.0,0.0,0.0,0.0,1.0,0.0,0.0,1.0,0
0.0,2.3333333333333335,-0.9854618404828211,1.1634657541570874,0.0,1.0,0.0,0.0,0.0,0.0,1.0,0.0,1.0,0
0.0,1.375,-0.5611434409844215,0.819119927284393,0.0,0.0,0.0,1.0,0.0,1.0,0.0,0.0,0.0,1
-0.49122807017543857,1.0,-0.85487200627785,0.35180452333850193,-0.5,2.0,0.0,0.0,1.0,1.0,0.0,0.0,0.0,0
-1.1929824561403508,0.7083333333333334,0.11426745488797255,0.8555525851467679,0.0,0.0,0.0,1.0,0.0,1.0,0.0,0.0,1.0,0
-1.1228070175438596,2.1666666666666665,0.2643300160848115,2.326712292145645,0.5,2.0,0.0,1.0,0.0,0.0,0.0,0.0,0.0,1
-1.6842105263157894,0.75,0.18379660707652426,0.7369459445008822,0.0,0.0,0.0,0.0,0.0,0.0,0.0,0.0,0.0,1
-0.3508771929824561,-0.5416666666666666,-0.8710054492324549,-0.5740202106613913,-0.5,0.0,0.0,0.0,0.0,1.0,0.0,1.0,0.0,0
-0.2807017543859649,-0.5,-0.20227322942867007,-0.49322033898305095,-0.5,1.0,0.0,1.0,0.0,1.0,0.0,0.0,0.0,0
0.0,0.25,-0.7359398912548648,-0.004828102443458255,-0.5,0.0,0.0,1.0,0.0,1.0,0.0,0.0,0.0,0
0.42105263157894735,0.16666666666666666,0.11151688244073946,0.2645351013206438,-0.5,2.0,0.0,1.0,0.0,1.0,0.0,0.0,0.0,0
-1.1929824561403508,-0.25,-0.20931670844647718,-0.2742715072448271,0.0,2.0,0.0,0.0,1.0,0.0,0.0,0.0,1.0,0
0.631578947368421,-0.25,0.22343032109502628,-0.22091643051916807,1.0,0.0,0.0,0.0,0.0,0.0,0.0,1.0,0.0,1
0.07017543859649122,1.375,-0.21183077694320976,1.285478265518901,0.0,1.0,1.0,0.0,0.0,1.0,0.0,0.0,0.0,1
0.21052631578947367,0.125,-0.30297013485663926,0.09430572635406091,-0.5,0.0,1.0,0.0,0.0,1.0,0.0,0.0,1.0,0
1.543859649122807,0.5,0.1386293525426315,0.6709993049243437,0.5,0.0,0.0,0.0,0.0,1.0,0.0,0.0,1.0,1
0.0,2.3333333333333335,2.0152854204437443,4.813666256750254,-0.5,0.0,0.0,0.0,0.0,0.0,0.0,1.0,0.0,0
0.8421052631578947,0.08333333333333333,-0.3374951335712999,-0.019782922525798004,1.0,0.0,1.0,0.0,0.0,1.0,0.0,0.0,1.0,1
0.2807017543859649,0.16666666666666666,-0.5324048349788834,0.0,-0.5,2.0,0.0,0.0,0.0,1.0,0.0,0.0,0.0,0
0.14035087719298245,-0.5833333333333334,1.0800171970471282,-0.4916216649735337,0.0,0.0,1.0,0.0,0.0,0.0,0.0,0.0,1.0,1
2.0350877192982457,-0.125,-1.018595734655005,-0.3672031224937176,1.0,0.0,0.0,0.0,1.0,0.0,0.0,0.0,1.0,0
-0.21052631578947367,-0.041666666666666664,-0.07320577861069406,-0.04368283163128913,1.0,0.0,0.0,1.0,0.0,0.0,0.0,0.0,0.0,1
-0.07017543859649122,0.5416666666666666,-0.2988710118503923,0.3709725712452548,1.0,2.0,0.0,0.0,0.0,0.0,0.0,0.0,1.0,0
-0.49122807017543857,-0.5416666666666666,1.3576083904259473,-0.4246484521199808,0.5,2.0,1.0,0.0,0.0,1.0,0.0,0.0,0.0,0
-0.5614035087719298,-0.2916666666666667,-0.7614490752801194,-0.368673474843608,0.5,1.0,0.0,1.0,0.0,0.0,1.0,0.0,1.0,0
0.07017543859649122,0.375,0.7376446489026074,0.7097257124525479,0.5,1.0,0.0,1.0,0.0,0.0,0.0,1.0,0.0,0
-0.42105263157894735,0.5,-0.27323680343811385,0.3890284981019088,0.0,0.0,0.0,1.0,0.0,0.0,0.0,0.0,0.0,0
-0.5614035087719298,-0.4166666666666667,0.11956998789887865,-0.3817569373897236,-0.5,2.0,0.0,1.0,0.0,1.0,0.0,0.0,1.0,0
-0.2807017543859649,-0.2916666666666667,-0.4475033145701636,-0.35823129979147733,0.0,0.0,0.0,0.0,0.0,0.0,0.0,0.0,0.0,0
-1.1929824561403508,0.375,-0.27933624589135797,0.32951932844998133,1.0,0.0,0.0,1.0,0.0,0.0,0.0,0.0,0.0,0
-1.0526315789473684,0.3333333333333333,-0.7523749685821363,0.07259797893386087,0.0,0.0,1.0,0.0,0.0,0.0,0.0,0.0,1.0,0
0.49122807017543857,-0.4166666666666667,1.786270158088711,-0.13259904828102445,1.5,0.0,0.0,1.0,0.0,0.0,1.0,0.0,0.0,1
0.5614035087719298,-0.08333333333333333,-0.2853205515790017,-0.08893760359300644,0.0,2.0,1.0,0.0,0.0,1.0,0.0,0.0,0.0,0
0.14035087719298245,-0.3333333333333333,-0.6259191932460794,-0.3769448751537187,1.0,0.0,0.0,0.0,1.0,1.0,0.0,0.0,0.0,0
0.07017543859649122,0.08333333333333333,0.561504556890079,0.2891300860824467,0.5,1.0,0.0,0.0,0.0,1.0,0.0,0.0,1.0,0
-0.5614035087719298,2.3333333333333335,-0.6319232411222295,1.5389777041116404,0.0,1.0,0.0,0.0,0.0,0.0,0.0,0.0,1.0,0
0.8421052631578947,-0.08333333333333333,-0.5643395397772166,-0.20402609207079084,-0.5,0.0,0.0,1.0,0.0,0.0,0.0,0.0,1.0,0
0.9122807017543859,0.08333333333333333,0.03865788875523365,0.07958616264770355,0.0,0.0,0.0,1.0,0.0,1.0,0.0,0.0,0.0,1
0.3508771929824561,0.4583333333333333,0.44369233311563333,0.7870395123776935,1.5,1.0,1.0,0.0,0.0,0.0,0.0,0.0,0.0,0
2.1052631578947367,-0.20833333333333334,-0.43740907951945673,-0.29086242848740845,0.0,0.0,0.0,0.0,1.0,1.0,0.0,0.0,0.0,0
-0.14035087719298245,-0.5416666666666666,0.921773931011469,-0.42209805913489823,-0.5,0.0,0.0,0.0,0.0,1.0,0.0,0.0,1.0,1
-1.543859649122807,0.4583333333333333,-0.0836714514501684,0.366898358552104,0.5,0.0,0.0,0.0,1.0,0.0,0.0,0.0,0.0,0
-0.42105263157894735,1.1666666666666667,-0.18741989132459203,1.0533497299898413,0.5,0.0,0.0,0.0,0.0,1.0,0.0,0.0,0.0,0
0.14035087719298245,-0.4583333333333333,1.3957756387987448,-0.2814200930332033,0.0,0.0,1.0,0.0,0.0,0.0,0.0,0.0,0.0,0
2.1052631578947367,-0.20833333333333334,0.07725259989930512,-0.2088916216649736,0.5,0.0,0.0,0.0,0.0,0.0,0.0,1.0,0.0,0
0.0,-0.5833333333333334,0.2783919417631309,-0.5425814040528258,-0.5,0.0,0.0,0.0,0.0,1.0,0.0,0.0,1.0,1
0.0,0.9166666666666666,-0.3069624128758818,0.8501791156498959,-0.5,0.0,0.0,0.0,1.0,0.0,0.0,0.0,0.0,0
-0.2807017543859649,0.20833333333333334,-0.9468982433436345,-0.14484842003956586,0.5,0.0,0.0,1.0,0.0,0.0,1.0,0.0,1.0,0
-0.49122807017543857,-0.08333333333333333,0.15508171719208272,0.016040207453349734,0.0,2.0,0.0,1.0,0.0,0.0,0.0,0.0,0.0,0
1.263157894736842,-0.5416666666666666,-0.42606394673700165,-0.5268192268620008,0.5,0.0,0.0,1.0,0.0,1.0,0.0,0.0,1.0,0
-0.5614035087719298,-0.375,0.6641630821593437,-0.23792974389135435,-0.5,0.0,1.0,0.0,0.0,1.0,0.0,0.0,1.0,1
1.0526315789473684,-0.625,0.7684080170536715,-0.5589370689194249,0.0,1.0,0.0,0.0,0.0,0.0,0.0,0.0,0.0,0
1.3333333333333333,0.75,-0.22055284155085444,0.6995187937763996,0.0,0.0,1.0,0.0,0.0,0.0,1.0,1.0,0.0,0
0.14035087719298245,0.2916666666666667,-0.2065600504524857,0.1625995829546062,1.0,0.0,0.0,0.0,0.0,1.0,0.0,0.0,0.0,0
-1.4736842105263157,0.041666666666666664,-0.00046459973365019474,0.10393519756188854,0.0,0.0,0.0,0.0,0.0,1.0,0.0,0.0,0.0,0
-0.49122807017543857,-0.5,-0.5054662185212784,-0.520772068652088,0.0,0.0,0.0,1.0,0.0,1.0,0.0,0.0,0.0,0
-0.9122807017543859,-0.4583333333333333,-0.24201978610791464,-0.4694434048013688,-0.5,1.0,0.0,1.0,0.0,1.0,0.0,0.0,1.0,0
-0.7017543859649122,-0.5833333333333334,0.721733559972859,-0.5074052291076299,0.0,0.0,0.0,1.0,0.0,1.0,0.0,0.0,0.0,0
0.42105263157894735,0.08333333333333333,0.8063987724347826,0.47853285569160037,0.0,0.0,1.0,0.0,0.0,0.0,0.0,0.0,1.0,0
-0.2807017543859649,-0.20833333333333334,-0.7319200656532866,-0.3557022937496659,0.0,2.0,0.0,0.0,0.0,0.0,1.0,0.0,1.0,0
1.263157894736842,0.4583333333333333,-0.7900882750878475,0.06892477142704384,0.5,0.0,0.0,1.0,0.0,0.0,0.0,0.0,1.0,1
-0.49122807017543857,-0.3333333333333333,0.5384083766281907,-0.17366197936159974,-0.5,2.0,0.0,0.0,0.0,1.0,0.0,0.0,1.0,1
1.263157894736842,-0.25,0.24080205078279168,-0.12951398171416353,-0.5,0.0,0.0,0.0,0.0,1.0,0.0,0.0,0.0,0
0.7719298245614035,-0.2916666666666667,-0.898773980359651,-0.4345238731754265,0.0,0.0,0.0,0.0,1.0,1.0,0.0,0.0,0.0,1
0.9824561403508771,-0.375,-1.0035390937370627,-0.48006736887130413,1.0,2.0,0.0,0.0,1.0,1.0,0.0,0.0,0.0,0
-0.2807017543859649,0.125,0.49738659615955244,0.4043094690691334,-0.5,2.0,0.0,1.0,0.0,0.0,1.0,0.0,1.0,0
0.0,-0.375,0.521738477016933,-0.2957119178741379,0.0,0.0,0.0,1.0,0.0,0.0,1.0,1.0,0.0,0
0.0,-0.4166666666666667,0.13403085121666833,-0.3418809816606962,10.5,1.0,0.0,0.0,1.0,0.0,0.0,0.0,0.0,1
0.42105263157894735,-0.2916666666666667,0.25884895009373426,0.0,0.0,1.0,0.0,1.0,0.0,0.0,1.0,0.0,0.0,0
0.631578947368421,-0.5,-0.12632241965657975,-0.4892263273271668,1.0,0.0,0.0,1.0,0.0,0.0,0.0,0.0,1.0,0
-1.6140350877192982,0.25,-1.0952390756300723,-0.21331337218628033,1.0,1.0,0.0,1.0,0.0,0.0,0.0,0.0,1.0,0
0.49122807017543857,-0.5833333333333334,0.0,0.0,-0.5,1.0,0.0,1.0,0.0,0.0,1.0,0.0,0.0,0
0.42105263157894735,0.16666666666666666,-0.018148720541758354,0.2678714644709405,-0.5,0.0,0.0,0.0,0.0,1.0,0.0,0.0,1.0,1
0.07017543859649122,-0.2916666666666667,1.9301100350943594,0.048842431695449884,-0.5,1.0,0.0,0.0,1.0,1.0,0.0,0.0,1.0,0
1.894736842105263,-0.6666666666666666,-0.035356795437265325,-0.6303801529166445,0.5,0.0,0.0,0.0,1.0,1.0,0.0,0.0,1.0,0
0.0,-0.6666666666666666,0.6447131794373382,-0.619413997754371,0.0,1.0,0.0,0.0,1.0,0.0,1.0,0.0,0.0,1
-1.263157894736842,1.375,0.981991974236855,2.0514676789819815,-0.5,0.0,0.0,0.0,0.0,1.0,0.0,0.0,0.0,0
-0.07017543859649122,-0.375,-1.0887580891430197,-0.48870769395284186,0.0,0.0,0.0,0.0,1.0,1.0,0.0,0.0,1.0,1
0.631578947368421,-0.4166666666666667,0.04198260787004653,-0.3575683045500722,-0.5,0.0,0.0,1.0,0.0,0.0,1.0,0.0,1.0,0
-0.7017543859649122,-0.5833333333333334,2.0457550309877304,0.0,-0.5,1.0,0.0,0.0,0.0,0.0,0.0,0.0,0.0,0
0.0,-0.4583333333333333,-0.743169294530999,-0.49403838956317175,0.0,2.0,0.0,0.0,1.0,1.0,0.0,0.0,1.0,0
-0.49122807017543857,-0.25,-0.6233012825992141,-0.35876597337325566,0.0,1.0,0.0,0.0,1.0,0.0,0.0,0.0,1.0,0
-0.7017543859649122,1.125,-0.028649019502574043,1.133796717104208,0.5,2.0,0.0,1.0,0.0,1.0,0.0,0.0,0.0,0
-0.5614035087719298,-0.6666666666666666,0.7648947002000641,-0.6135807089771695,0.5,0.0,0.0,1.0,0.0,1.0,0.0,0.0,0.0,1
0.3508771929824561,-0.3333333333333333,-0.7667225330476117,-0.42346147676843293,0.0,2.0,0.0,1.0,0.0,0.0,0.0,0.0,0.0,0
0.07017543859649122,-0.16666666666666666,-0.058958740659992764,-0.130193017163022,0.0,0.0,1.0,0.0,0.0,0.0,0.0,0.0,0.0,1
0.07017543859649122,0.25,1.1783856684221876,0.851997005827942,0.0,1.0,0.0,1.0,0.0,0.0,0.0,0.0,0.0,0
-0.42105263157894735,-0.4166666666666667,-0.8917106430847634,-0.5053146554028766,0.0,0.0,0.0,0.0,1.0,1.0,0.0,0.0,0.0,1
-0.49122807017543857,0.9583333333333334,0.0,0.0,0.0,0.0,1.0,0.0,0.0,0.0,0.0,0.0,0.0,1
-1.263157894736842,0.25,-0.1554169190180185,0.1438432337058226,0.0,2.0,0.0,0.0,1.0,0.0,1.0,0.0,0.0,0
0.7017543859649122,0.0,-0.41890089853052764,0.0,0.0,2.0,1.0,0.0,0.0,1.0,0.0,0.0,0.0,0
0.2807017543859649,0.20833333333333334,0.46069208354325303,0.4256001710955462,1.5,0.0,0.0,1.0,0.0,0.0,1.0,0.0,1.0,1
0.07017543859649122,0.2916666666666667,0.7412892388736717,0.50098914612629,0.0,1.0,0.0,0.0,0.0,0.0,0.0,1.0,0.0,0
-0.5614035087719298,0.75,-0.6940862809486844,0.4266855584665562,0.0,0.0,0.0,1.0,0.0,0.0,0.0,0.0,0.0,0
-0.14035087719298245,2.3333333333333335,-1.1704117706129362,0.6886595733304819,-0.5,0.0,0.0,1.0,0.0,0.0,0.0,0.0,1.0,0
-1.543859649122807,0.875,0.37274658545844136,0.9791744639897344,0.0,1.0,0.0,1.0,0.0,0.0,0.0,0.0,1.0,0
0.3508771929824561,2.125,0.12336872786703253,2.1087472597978936,-0.5,0.0,0.0,0.0,0.0,1.0,0.0,0.0,1.0,0
0.14035087719298245,0.08333333333333333,0.4807488568359156,0.2149387798748864,-0.5,1.0,0.0,1.0,0.0,1.0,0.0,0.0,0.0,0
0.7017543859649122,-0.2916666666666667,-0.08806237502221907,-0.27200983799390477,0.0,0.0,0.0,0.0,1.0,1.0,0.0,0.0,0.0,0
-0.7719298245614035,-0.20833333333333334,2.2588246693894716,0.35046783938405607,1.0,0.0,0.0,0.0,0.0,1.0,0.0,0.0,0.0,1
-0.42105263157894735,0.16666666666666666,-0.14682394142650365,0.17352831096615517,0.0,0.0,1.0,0.0,0.0,0.0,0.0,0.0,1.0,1
0.14035087719298245,-0.125,-0.15301877500527328,-0.08235042506549752,0.0,0.0,0.0,0.0,0.0,0.0,1.0,1.0,0.0,0
-0.14035087719298245,-0.041666666666666664,0.0,19.81758541410469,-0.5,0.0,1.0,0.0,0.0,0.0,0.0,1.0,0.0,0
1.6842105263157894,-0.6666666666666666,0.3355110593896167,-0.6164893332620436,0.0,0.0,0.0,1.0,0.0,0.0,0.0,0.0,0.0,1
-1.543859649122807,0.2916666666666667,0.1959516093831309,0.34295032882425286,-0.5,0.0,0.0,0.0,1.0,0.0,0.0,0.0,0.0,1
0.07017543859649122,-0.041666666666666664,-0.7421377616556513,-0.19317221836069082,0.0,0.0,1.0,0.0,0.0,1.0,0.0,0.0,0.0,0
-0.8421052631578947,-0.4166666666666667,2.4351463227880843,-0.06897289204940385,0.5,2.0,0.0,0.0,1.0,1.0,0.0,0.0,0.0,0
0.631578947368421,-0.4166666666666667,1.6468277530279276,-0.20317596107576327,-0.5,1.0,1.0,0.0,0.0,1.0,0.0,0.0,1.0,0
-0.7719298245614035,-0.4583333333333333,-0.017330682029524862,-0.4241565524247447,-0.5,0.0,0.0,0.0,0.0,0.0,1.0,0.0,1.0,0
-1.263157894736842,0.0,0.17395470763879747,0.0,-0.5,1.0,0.0,1.0,0.0,0.0,0.0,0.0,1.0,0
0.7017543859649122,-0.5833333333333334,-0.8808393701942795,-0.5982997380099451,0.5,0.0,0.0,0.0,0.0,1.0,0.0,0.0,1.0,0
0.14035087719298245,-0.2916666666666667,1.1804616566174624,0.003699941185906044,-0.5,0.0,0.0,1.0,0.0,0.0,0.0,0.0,1.0,1
0.2807017543859649,-0.5416666666666666,0.0003086305507999924,-0.4993316580227772,-0.5,1.0,0.0,0.0,1.0,1.0,0.0,0.0,0.0,0
-0.07017543859649122,-0.5,-0.6495246974015925,-0.5328931187510025,0.5,0.0,0.0,0.0,1.0,0.0,0.0,0.0,1.0,0
-0.9824561403508771,0.25,-0.22498730906408504,0.1660214938779875,-0.5,1.0,0.0,0.0,1.0,0.0,0.0,0.0,0.0,0
0.0,1.3333333333333333,0.15802777815591557,1.566737956477571,-0.5,1.0,0.0,1.0,0.0,1.0,0.0,1.0,0.0,0
-0.07017543859649122,0.625,0.15344287437906437,0.5972303908463884,0.0,2.0,1.0,0.0,0.0,0.0,1.0,0.0,1.0,0
-1.4035087719298245,1.6666666666666667,0.8646798237674475,2.6518633374324976,-0.5,2.0,0.0,0.0,1.0,0.0,0.0,1.0,0.0,1
0.2807017543859649,0.2916666666666667,-0.7939453647471086,0.04580013901513131,0.0,0.0,1.0,0.0,0.0,0.0,0.0,0.0,0.0,0
-0.7719298245614035,0.041666666666666664,0.0,0.0,-0.5,1.0,0.0,1.0,0.0,0.0,1.0,0.0,1.0,0
0.0,-0.2916666666666667,1.0608915796450178,-0.12564829171790623,0.0,1.0,1.0,0.0,0.0,1.0,0.0,1.0,0.0,0
0.631578947368421,2.3333333333333335,0.29430818572209244,2.689258407742074,0.5,1.0,0.0,0.0,1.0,1.0,0.0,1.0,0.0,0
0.14035087719298245,-0.625,-0.11472897170714658,-0.5954392343474311,0.0,1.0,0.0,0.0,0.0,0.0,0.0,0.0,1.0,0
0.14035087719298245,0.125,0.9544204832788094,0.37480618082660544,0.5,2.0,1.0,0.0,0.0,0.0,0.0,1.0,0.0,0
0.0,0.0,0.6927142352892632,0.0,0.0,1.0,0.0,0.0,1.0,1.0,0.0,0.0,1.0,0
-0.49122807017543857,1.5,0.3076649768519463,1.5880019248248947,2.0,2.0,0.0,1.0,0.0,1.0,0.0,0.0,1.0,0
-1.0526315789473684,1.25,-0.04067720576672111,1.2072715607121853,0.5,0.0,0.0,1.0,0.0,1.0,0.0,0.0,0.0,1
0.21052631578947367,-0.20833333333333334,0.5118041528609825,-0.012564829171790623,1.5,0.0,0.0,0.0,0.0,1.0,0.0,0.0,0.0,0
-1.543859649122807,-0.4583333333333333,0.14394865392731104,-0.4105384162968508,-0.5,2.0,0.0,0.0,1.0,1.0,0.0,0.0,0.0,0
0.0,0.16666666666666666,2.2886339888212923,0.9399561567662943,-0.5,0.0,1.0,0.0,0.0,0.0,0.0,0.0,0.0,1
0.7017543859649122,0.4166666666666667,-0.0760894160132079,0.5074052291076299,0.0,0.0,0.0,0.0,0.0,0.0,0.0,1.0,0.0,0
0.42105263157894735,-0.4166666666666667,1.1863000174804703,-0.2230230444313747,0.0,0.0,0.0,1.0,0.0,0.0,0.0,0.0,0.0,1
0.5614035087719298,-0.625,-0.3340953072513953,-0.5947013848045769,0.0,0.0,0.0,0.0,1.0,0.0,0.0,0.0,1.0,1
-0.9122807017543859,1.0833333333333333,0.021318204930405867,1.0508741913062076,0.5,2.0,0.0,0.0,1.0,1.0,0.0,0.0,1.0,0
-1.3333333333333333,0.8333333333333334,-0.3736380184088138,0.5371865476126825,1.0,2.0,0.0,1.0,0.0,1.0,0.0,0.0,0.0,1
-0.7017543859649122,0.375,-0.7514482774742122,0.06193124097738328,-0.5,0.0,0.0,0.0,0.0,1.0,0.0,1.0,0.0,0
0.0,-0.5833333333333334,0.0,0.0,-0.5,1.0,0.0,0.0,1.0,1.0,0.0,0.0,1.0,0
0.0,1.375,-0.2961040060282393,1.187649040260921,0.0,0.0,0.0,1.0,0.0,1.0,0.0,0.0,1.0,0
0.7017543859649122,0.9166666666666666,0.005698761952481897,0.9650537346949689,0.0,0.0,0.0,0.0,0.0,1.0,0.0,0.0,0.0,0
0.0,-0.5416666666666666,0.40263962981625945,-0.47413249211356473,0.0,2.0,1.0,0.0,0.0,1.0,0.0,1.0,0.0,1
0.8421052631578947,2.3333333333333335,-0.2628002352701356,1.80291931775651,1.0,1.0,0.0,0.0,0.0,0.0,0.0,0.0,0.0,0
0.49122807017543857,0.25,0.9839261013252046,0.5376998342511896,-0.5,1.0,1.0,0.0,0.0,1.0,0.0,0.0,1.0,0
0.3508771929824561,-0.375,-0.8489530538379779,-0.46623536331069887,0.0,0.0,1.0,0.0,0.0,0.0,1.0,0.0,0.0,0
0.21052631578947367,-0.08333333333333333,-0.6391423993323373,-0.263198417366198,0.0,1.0,0.0,0.0,1.0,1.0,0.0,0.0,0.0,0
-0.7017543859649122,2.3333333333333335,-0.6535511359922582,1.4345292199112445,1.0,0.0,0.0,0.0,0.0,0.0,0.0,0.0,0.0,0
-0.49122807017543857,-0.4583333333333333,0.9680771380049779,-0.3246217184408919,0.0,0.0,1.0,0.0,0.0,1.0,0.0,0.0,0.0,1
0.21052631578947367,1.5833333333333333,0.6424731531229768,2.483558787360317,0.0,2.0,0.0,0.0,1.0,1.0,0.0,0.0,1.0,0
0.0,0.4583333333333333,-0.8022236530321145,0.12658931722183608,1.0,0.0,0.0,0.0,1.0,0.0,0.0,0.0,0.0,1
0.3508771929824561,1.8333333333333333,0.9647966036411079,3.0019515585734915,2.0,0.0,0.0,1.0,0.0,0.0,0.0,0.0,0.0,1
-0.14035087719298245,0.25,-0.6013132496127457,0.07335186868416836,2.0,1.0,1.0,0.0,0.0,1.0,0.0,0.0,0.0,0
0.42105263157894735,-0.2916666666666667,-0.07767225560596858,-0.3039886649200663,1.0,0.0,1.0,0.0,0.0,1.0,0.0,0.0,1.0,1
0.0,-0.5833333333333334,1.2284403665108734,-0.47593968881997545,0.5,0.0,0.0,0.0,0.0,0.0,0.0,0.0,0.0,0
-0.9122807017543859,0.2916666666666667,0.1648874558544894,0.47397743677484905,-0.5,2.0,0.0,1.0,0.0,1.0,0.0,0.0,0.0,1
1.4736842105263157,-0.2916666666666667,1.244199192867106,-0.06659359461049028,1.0,0.0,0.0,0.0,1.0,0.0,1.0,0.0,0.0,0
0.42105263157894735,0.08333333333333333,-0.6152167782848823,-0.038325402341870325,0.5,1.0,0.0,1.0,0.0,0.0,1.0,1.0,0.0,0
0.0,2.0833333333333335,1.160901402596264,3.2657915842378236,1.5,0.0,0.0,0.0,0.0,0.0,1.0,0.0,1.0,0
0.3508771929824561,0.5,-0.5815105974914488,0.23654493931454854,0.5,0.0,1.0,0.0,0.0,0.0,0.0,0.0,0.0,1
0.5614035087719298,0.875,2.1672744540318116,2.208736566326258,-0.5,0.0,0.0,1.0,0.0,1.0,0.0,0.0,1.0,1
-0.07017543859649122,-0.20833333333333334,-0.43650272826789044,-0.28320590279634283,0.5,2.0,1.0,0.0,0.0,1.0,0.0,0.0,0.0,1
-0.2807017543859649,0.16666666666666666,-0.3324568883104176,0.10068972892049402,0.0,0.0,0.0,0.0,1.0,0.0,1.0,0.0,1.0,0
-0.49122807017543857,1.6666666666666667,0.20616553938909027,2.0513553975298082,1.0,1.0,1.0,0.0,0.0,1.0,0.0,0.0,1.0,0
-0.49122807017543857,-0.125,0.16380295359415667,-0.08393840560337916,0.5,1.0,0.0,1.0,0.0,1.0,0.0,0.0,0.0,0
0.49122807017543857,1.0416666666666667,2.2628028616261617,2.3743410148104585,0.0,0.0,0.0,0.0,1.0,1.0,0.0,0.0,0.0,1
-0.8421052631578947,0.041666666666666664,0.8240614841915794,0.23566272790461426,-0.5,0.0,0.0,1.0,0.0,0.0,0.0,0.0,1.0,0
0.8421052631578947,-0.6666666666666666,-0.998661472818441,-0.6447414853232102,0.0,0.0,0.0,0.0,0.0,0.0,1.0,0.0,1.0,0
0.42105263157894735,-0.4166666666666667,1.477933294353076,-0.16583970486018287,-0.5,0.0,0.0,1.0,0.0,1.0,0.0,0.0,0.0,1
0.49122807017543857,0.4166666666666667,-1.4488650349389778,-0.22768539806448168,1.0,1.0,0.0,0.0,0.0,1.0,0.0,0.0,1.0,0
-0.3508771929824561,-0.2916666666666667,0.8401947982649991,-0.15796930973640597,0.5,0.0,0.0,1.0,0.0,0.0,1.0,0.0,0.0,1
-0.07017543859649122,1.5416666666666667,3.281371469801427,4.839089985563813,-0.5,0.0,0.0,1.0,0.0,1.0,0.0,0.0,0.0,1
-0.631578947368421,-0.5416666666666666,0.1379405446782399,-0.4989734267229857,-0.5,0.0,0.0,0.0,1.0,1.0,0.0,0.0,0.0,1
0.49122807017543857,2.25,1.622401624559732,4.522932149922473,-0.5,2.0,0.0,1.0,0.0,0.0,0.0,1.0,0.0,0
-1.263157894736842,-0.4166666666666667,-0.4734209220875948,-0.41760145431214246,0.0,1.0,0.0,0.0,0.0,1.0,0.0,0.0,0.0,0
-0.2807017543859649,-0.3333333333333333,-0.034444842969308824,-0.3010212265411966,0.0,0.0,1.0,0.0,0.0,1.0,0.0,1.0,0.0,1
-0.14035087719298245,-0.4583333333333333,-0.5801823922783687,-0.4666203282895793,0.0,1.0,1.0,0.0,0.0,0.0,0.0,0.0,1.0,0
0.7719298245614035,-0.041666666666666664,-0.3518686964001569,-0.10203175961075761,0.0,0.0,0.0,1.0,0.0,0.0,1.0,0.0,1.0,0
0.0,0.375,-0.13210450189345974,0.277998182109822,0.5,1.0,0.0,1.0,0.0,1.0,0.0,0.0,1.0,0
1.4736842105263157,0.375,3.0801987869928835,1.5786611773512271,0.0,0.0,0.0,0.0,0.0,0.0,0.0,0.0,0.0,0
0.3508771929824561,-0.625,0.08865450041527304,-0.5799283537400417,0.0,0.0,0.0,1.0,0.0,1.0,0.0,1.0,0.0,0
0.3508771929824561,1.625,1.5132309414372918,3.207506817088168,0.5,0.0,0.0,1.0,0.0,1.0,0.0,0.0,1.0,0
-1.263157894736842,0.8333333333333334,5.658046723418439,4.245842912901674,0.0,0.0,0.0,0.0,1.0,0.0,0.0,0.0,1.0,0
0.42105263157894735,-0.4166666666666667,0.22001621574219296,-0.34763406940063096,0.5,0.0,1.0,0.0,0.0,0.0,0.0,0.0,0.0,1
0.2807017543859649,0.125,-0.5246862574422171,0.005737047532481431,0.0,0.0,0.0,0.0,1.0,1.0,0.0,0.0,1.0,0
0.49122807017543857,0.08333333333333333,0.9945182344343407,0.37644762872266485,0.5,0.0,1.0,0.0,0.0,0.0,0.0,0.0,0.0,1
2.0350877192982457,0.8333333333333334,0.3321729606572533,1.111821632893119,1.0,1.0,1.0,0.0,0.0,1.0,0.0,0.0,0.0,0
0.0,2.3333333333333335,0.2055827035513419,2.90193017163022,0.5,0.0,0.0,0.0,0.0,0.0,0.0,0.0,0.0,0
-0.631578947368421,-0.25,-0.6155568912915004,-0.3049136502165428,0.5,2.0,0.0,0.0,0.0,1.0,0.0,0.0,0.0,1
0.9824561403508771,-0.5833333333333334,2.1424677858124803,-0.4346789285141422,0.0,0.0,0.0,0.0,1.0,0.0,0.0,0.0,0.0,0
0.0,2.0833333333333335,-0.8531146367353812,0.9629364273111267,0.0,1.0,0.0,0.0,1.0,1.0,0.0,1.0,0.0,0
-0.5614035087719298,-0.25,-1.1075454281150094,-0.43786023632572324,0.0,0.0,0.0,1.0,0.0,1.0,0.0,0.0,1.0,0
-0.5614035087719298,-0.5833333333333334,0.34593320177108866,-0.5407474736673262,-0.5,1.0,0.0,0.0,0.0,0.0,0.0,0.0,1.0,0
0.0,-0.041666666666666664,-0.8151558853343362,-0.25590012297492387,0.5,1.0,1.0,0.0,0.0,0.0,0.0,1.0,0.0,0
-0.3508771929824561,0.0,-0.05046412960943281,0.0,-0.5,0.0,1.0,0.0,0.0,1.0,0.0,0.0,0.0,1
0.0,1.75,0.6030346975166104,2.235197561888467,0.0,0.0,0.0,0.0,0.0,0.0,0.0,0.0,1.0,0
-0.8421052631578947,2.3333333333333335,0.33029824563558297,2.856744907234134,-0.5,1.0,0.0,0.0,1.0,1.0,0.0,0.0,0.0,0
0.8421052631578947,-0.5416666666666666,-0.11832291709486208,-0.5277709458375662,1.0,0.0,0.0,0.0,0.0,1.0,0.0,0.0,0.0,1
1.4035087719298245,-0.2916666666666667,0.6269174637743385,-0.19952414051221729,0.5,0.0,1.0,0.0,0.0,0.0,0.0,0.0,1.0,0
-0.7719298245614035,-0.625,1.2563768239901147,-0.5393680158263381,-0.5,0.0,0.0,1.0,0.0,1.0,0.0,0.0,1.0,1
-0.49122807017543857,0.7916666666666666,0.5509394586267854,1.2825429075549377,-0.5,0.0,0.0,1.0,0.0,0.0,0.0,0.0,1.0,0
-0.49122807017543857,0.08333333333333333,-0.5810012522023144,-0.03322996310752291,0.0,1.0,0.0,1.0,0.0,0.0,1.0,0.0,1.0,0
0.14035087719298245,0.5416666666666666,0.42286583712636155,0.9105491097684865,2.0,0.0,1.0,0.0,0.0,1.0,0.0,1.0,0.0,0
0.0,0.8333333333333334,-0.15059154089402768,0.8713040688659575,0.5,0.0,0.0,0.0,1.0,1.0,0.0,0.0,0.0,0
-0.2807017543859649,-0.20833333333333334,0.5343844196958586,-0.038496497888039355,0.0,0.0,0.0,1.0,0.0,1.0,0.0,0.0,0.0,1
0.49122807017543857,-0.5,0.6097141351452193,-0.3851948885205582,0.5,1.0,0.0,0.0,0.0,0.0,0.0,0.0,0.0,0
-0.631578947368421,0.16666666666666666,-0.47750141108769323,0.07634069400630915,-0.5,0.0,0.0,1.0,0.0,0.0,0.0,0.0,0.0,0
0.14035087719298245,-0.5,1.201800128683188,-0.37609474415869115,-0.5,2.0,0.0,1.0,0.0,0.0,0.0,0.0,1.0,0
0.21052631578947367,2.2916666666666665,-0.6278698284031469,1.5761963321392292,1.0,0.0,0.0,0.0,1.0,1.0,0.0,0.0,0.0,1
-0.07017543859649122,0.08333333333333333,-0.7683291374912847,-0.15321071485857884,0.5,0.0,0.0,1.0,0.0,0.0,0.0,0.0,0.0,0
-0.9122807017543859,-0.125,-0.5626550595435208,-0.2279206544404641,1.5,0.0,0.0,1.0,0.0,1.0,0.0,1.0,0.0,0
0.49122807017543857,-0.6666666666666666,-0.02472922788409769,-0.6307063038015293,-0.5,0.0,1.0,0.0,0.0,0.0,1.0,0.0,0.0,0
1.263157894736842,1.5416666666666667,0.20102273576370616,1.5082553601026574,-0.5,2.0,0.0,0.0,1.0,0.0,0.0,0.0,0.0,0
-0.3508771929824561,-0.4583333333333333,0.14418393305360014,-0.38536598406672734,0.5,1.0,1.0,0.0,0.0,1.0,0.0,0.0,1.0,0
0.0,1.2916666666666667,-0.5006170227489838,0.9429182484093462,1.0,0.0,1.0,0.0,0.0,0.0,1.0,0.0,0.0,0
-0.2807017543859649,1.2083333333333333,0.014446114173030336,1.3200395658450517,-0.5,1.0,0.0,0.0,1.0,0.0,0.0,0.0,0.0,0
-1.3333333333333333,0.0,-0.920423223435851,0.0,-0.5,0.0,0.0,0.0,1.0,1.0,0.0,1.0,0.0,0
-0.7719298245614035,1.0833333333333333,0.12973996428688786,1.1253542212479284,0.0,0.0,0.0,1.0,0.0,0.0,1.0,0.0,1.0,1
1.6140350877192982,0.20833333333333334,0.30642156392557013,0.4175800673688714,0.0,0.0,1.0,0.0,0.0,0.0,1.0,0.0,1.0,1
0.7017543859649122,2.3333333333333335,0.46972908806454106,2.700630914826499,-0.5,2.0,0.0,1.0,0.0,1.0,0.0,0.0,0.0,0
-1.4035087719298245,0.0,0.09127491953968529,0.02120515425332839,1.0,0.0,0.0,0.0,0.0,0.0,0.0,0.0,0.0,1
-0.21052631578947367,-0.5,-1.0031369799992333,-0.5501791156498959,0.0,0.0,0.0,0.0,0.0,0.0,1.0,0.0,1.0,0
0.9122807017543859,0.3333333333333333,0.7930001995123301,0.7034005239801103,1.0,0.0,0.0,0.0,1.0,1.0,0.0,0.0,0.0,0
-0.5614035087719298,-0.5,-0.8741733432618335,-0.5436079773298402,0.5,1.0,0.0,1.0,0.0,0.0,0.0,0.0,1.0,0
1.543859649122807,0.125,0.2552902852433663,0.2883868898037748,1.0,0.0,0.0,0.0,0.0,0.0,1.0,0.0,1.0,0
-0.14035087719298245,1.125,-1.1691109528261656,0.2787520718601294,-0.5,1.0,0.0,1.0,0.0,0.0,1.0,0.0,0.0,0
0.7719298245614035,-0.20833333333333334,-0.25073890775019947,-0.24033042827353904,-0.5,0.0,0.0,0.0,1.0,0.0,0.0,0.0,1.0,1
-1.4736842105263157,-0.2916666666666667,-0.678301220062761,-0.3979201197668824,-0.5,0.0,0.0,1.0,0.0,1.0,0.0,1.0,0.0,0
-0.07017543859649122,1.125,-0.1917822298237886,0.0,0.0,0.0,0.0,0.0,0.0,1.0,0.0,0.0,1.0,0
1.0526315789473684,0.875,-1.1233566607382153,0.07913169010319202,-0.5,1.0,0.0,0.0,1.0,0.0,0.0,1.0,0.0,0
1.4736842105263157,2.1666666666666665,-0.7560294066362947,1.4286371170400474,-0.5,2.0,0.0,0.0,0.0,1.0,0.0,0.0,0.0,0
0.49122807017543857,0.0,-0.13061018908474223,0.0,0.5,0.0,0.0,0.0,1.0,1.0,0.0,1.0,0.0,0
-0.3508771929824561,-0.08333333333333333,0.7100521570944441,0.11802919317756512,-0.5,2.0,0.0,1.0,0.0,1.0,0.0,0.0,0.0,1
-1.1929824561403508,0.041666666666666664,0.8057816516377633,0.27587018125434426,0.5,0.0,0.0,1.0,0.0,1.0,0.0,0.0,1.0,1
-1.6842105263157894,0.041666666666666664,-0.6784860106059274,-0.18489012457894455,-0.5,0.0,0.0,0.0,1.0,0.0,0.0,0.0,0.0,1
-0.3508771929824561,1.6666666666666667,0.9470637413403651,2.508688445703898,-0.5,0.0,1.0,0.0,0.0,0.0,1.0,0.0,0.0,1
-0.7017543859649122,-0.3333333333333333,0.5932619721944395,-0.17864513714377375,-0.5,2.0,0.0,1.0,0.0,0.0,0.0,0.0,0.0,0
0.9824561403508771,-0.625,0.7596656262467131,-0.559498476180292,-0.5,0.0,1.0,0.0,0.0,0.0,0.0,0.0,1.0,0
-0.631578947368421,1.4166666666666667,-0.8155618417382285,0.810238999091055,-0.5,0.0,1.0,0.0,0.0,0.0,0.0,0.0,1.0,0
-0.7719298245614035,0.6666666666666666,-1.2053957860294222,-0.0700422392129605,0.5,2.0,1.0,0.0,0.0,1.0,0.0,0.0,0.0,1
-0.49122807017543857,1.0416666666666667,-0.40766197182429526,0.7326952895257447,2.0,0.0,0.0,0.0,1.0,0.0,0.0,0.0,1.0,0
1.1929824561403508,-0.5833333333333334,0.0,0.0,-0.5,0.0,0.0,0.0,0.0,1.0,0.0,0.0,1.0,0
0.8421052631578947,-0.3333333333333333,2.1728903931858854,0.07142704378976632,0.0,2.0,0.0,1.0,0.0,0.0,0.0,0.0,1.0,1
0.7017543859649122,1.9166666666666667,0.0,0.0,1.0,2.0,0.0,0.0,0.0,0.0,0.0,0.0,0.0,0
0.9122807017543859,0.6666666666666666,0.32642360042725677,0.9928888413623485,0.0,0.0,0.0,0.0,1.0,1.0,0.0,0.0,1.0,0
-0.631578947368421,-0.6666666666666666,0.4817137155866454,0.0,0.0,0.0,0.0,0.0,1.0,1.0,0.0,0.0,0.0,1
0.07017543859649122,-0.25,0.5903562877582345,-0.061305672886702724,0.0,0.0,1.0,0.0,0.0,0.0,0.0,1.0,0.0,1
0.21052631578947367,0.20833333333333334,-0.7068294407586074,-0.04561300326150883,0.0,0.0,0.0,0.0,1.0,1.0,0.0,0.0,0.0,0
0.631578947368421,-0.5833333333333334,1.4509666415652585,-0.46619258942415664,0.0,2.0,0.0,0.0,0.0,1.0,0.0,0.0,1.0,0
0.9122807017543859,0.875,1.1105674356287483,1.6061327059829975,-0.5,0.0,1.0,0.0,0.0,0.0,1.0,0.0,1.0,0
0.3508771929824561,0.0,-0.6317384946481397,0.0,-0.5,0.0,1.0,0.0,0.0,0.0,1.0,0.0,1.0,1
-0.631578947368421,0.08333333333333333,-1.0949319003774072,-0.2497567235202909,0.0,0.0,0.0,0.0,1.0,0.0,0.0,0.0,0.0,0
-0.631578947368421,-0.6666666666666666,0.5507532229364559,-0.6183446505908144,0.5,0.0,0.0,1.0,0.0,1.0,0.0,0.0,0.0,0
-1.1228070175438596,0.9583333333333334,-0.10673547977867437,0.9336523552371279,-0.5,2.0,1.0,0.0,0.0,0.0,0.0,0.0,1.0,0
1.263157894736842,0.16666666666666666,0.030450641311049482,0.14319627867187082,0.0,0.0,0.0,0.0,0.0,1.0,0.0,1.0,0.0,0
0.3508771929824561,2.125,-0.49019427042843544,1.59527348553708,0.5,0.0,0.0,0.0,0.0,0.0,0.0,0.0,0.0,0
0.14035087719298245,2.3333333333333335,-1.1072682034053907,1.03661444688018,-0.5,1.0,0.0,1.0,0.0,0.0,1.0,0.0,1.0,0
0.5614035087719298,0.75,0.9708830309107699,1.4944447414853235,-0.5,0.0,0.0,1.0,0.0,1.0,0.0,0.0,1.0,0
-0.7017543859649122,0.0,-0.39552744474974466,0.0,-0.5,0.0,0.0,1.0,0.0,1.0,0.0,0.0,1.0,0
0.5614035087719298,2.2083333333333335,-0.40077259223713946,1.4869272309255201,0.0,0.0,0.0,0.0,1.0,1.0,0.0,0.0,1.0,0
0.42105263157894735,0.125,-0.2661143094550471,0.12404427097257126,1.5,2.0,1.0,0.0,0.0,1.0,0.0,0.0,0.0,0
0.8421052631578947,0.7083333333333334,-0.628070920081152,0.30767256589851905,0.0,0.0,0.0,0.0,0.0,0.0,0.0,0.0,0.0,0
0.42105263157894735,-0.4583333333333333,-0.43781617949997764,-0.4620060952788323,-0.5,2.0,0.0,0.0,0.0,0.0,0.0,0.0,0.0,0
1.4736842105263157,0.875,-0.38883839086646926,0.5603860343260441,-0.5,0.0,0.0,1.0,0.0,1.0,0.0,0.0,0.0,0
0.5614035087719298,0.9583333333333334,0.11935556710562466,1.201753729348233,1.5,0.0,0.0,0.0,1.0,0.0,0.0,1.0,0.0,0
0.14035087719298245,-0.5,0.3202055074122606,-0.42332780837298833,0.0,1.0,0.0,1.0,0.0,1.0,0.0,0.0,1.0,1
-0.631578947368421,2.3333333333333335,-0.7180753362884069,1.498796984440999,0.0,1.0,0.0,1.0,0.0,0.0,0.0,0.0,1.0,0
-1.3333333333333333,-0.08333333333333333,0.19464760929809122,-0.04060845853606376,0.0,0.0,1.0,0.0,0.0,1.0,0.0,0.0,1.0,0
1.9649122807017543,1.0,0.16744954021626493,0.9505640806287764,1.0,0.0,0.0,0.0,1.0,0.0,0.0,0.0,0.0,0
-0.5614035087719298,-0.4583333333333333,-0.503122291954981,-0.4666631021761215,-0.5,0.0,0.0,0.0,1.0,1.0,0.0,0.0,1.0,0
1.263157894736842,-0.625,0.705577587175408,-0.5601614714216971,0.5,0.0,0.0,1.0,0.0,1.0,0.0,0.0,1.0,1
-0.2807017543859649,0.375,0.9647651644223362,0.8083783350264664,1.0,1.0,0.0,0.0,1.0,0.0,0.0,1.0,0.0,1
1.6842105263157894,2.2083333333333335,1.4890805635178526,4.127311126557237,0.0,1.0,0.0,1.0,0.0,1.0,0.0,0.0,1.0,0
1.7543859649122806,-0.3333333333333333,0.1839166952226475,-0.2830134203069027,0.5,1.0,1.0,0.0,0.0,1.0,0.0,1.0,0.0,1
-0.9122807017543859,0.6666666666666666,0.8395523885621841,1.2384537240014974,-0.5,0.0,1.0,0.0,0.0,1.0,0.0,0.0,0.0,0
-0.21052631578947367,2.0833333333333335,-0.08249827744486533,1.7282628455328024,-0.5,0.0,1.0,0.0,0.0,1.0,0.0,0.0,0.0,0
0.07017543859649122,-0.4166666666666667,1.7081688698555682,-0.16681815751483722,-0.5,0.0,0.0,0.0,0.0,1.0,0.0,0.0,0.0,1
-0.42105263157894735,1.9166666666666667,1.2513061860469537,3.262743944821687,0.0,0.0,0.0,1.0,0.0,0.0,1.0,0.0,1.0,0
0.8421052631578947,-0.25,-0.26915996669201026,-0.2965887825482543,0.0,0.0,0.0,0.0,1.0,1.0,0.0,0.0,0.0,0
0.7017543859649122,2.3333333333333335,-0.1452433697635086,2.377784312677111,-0.5,2.0,0.0,0.0,1.0,1.0,0.0,0.0,1.0,0
-0.8421052631578947,1.7916666666666667,-0.28704806825512863,1.3949633748596484,-0.5,0.0,0.0,0.0,1.0,0.0,1.0,0.0,0.0,0
-0.14035087719298245,-0.5416666666666666,-0.7533863813646862,-0.5481206223600493,-0.5,0.0,0.0,1.0,0.0,0.0,0.0,0.0,1.0,0
1.4035087719298245,-0.625,0.0,0.0,0.5,0.0,0.0,1.0,0.0,1.0,0.0,1.0,0.0,0
-0.8421052631578947,2.1666666666666665,1.0522673582775877,3.219141314227665,0.0,0.0,0.0,0.0,1.0,1.0,0.0,0.0,0.0,1
-0.2807017543859649,-0.125,-0.4321244477455046,-0.24167245896380263,0.0,0.0,0.0,0.0,1.0,0.0,0.0,0.0,0.0,1
-0.14035087719298245,0.25,0.17436237337195704,0.24454900283377007,0.5,0.0,0.0,1.0,0.0,0.0,0.0,1.0,0.0,1
-0.631578947368421,-0.041666666666666664,0.8995178899604441,0.17333582847671503,0.5,2.0,1.0,0.0,0.0,1.0,0.0,0.0,0.0,1
-0.49122807017543857,-0.25,-0.2835371026140242,-0.28167138961663907,-0.5,0.0,0.0,1.0,0.0,0.0,0.0,1.0,0.0,1
0.0,-0.5416666666666666,0.64807403549655,-0.44066727263005945,0.0,0.0,0.0,0.0,0.0,0.0,0.0,0.0,1.0,1
-0.21052631578947367,0.041666666666666664,-0.39647419359824665,-0.06421429717157671,-0.5,0.0,0.0,0.0,1.0,0.0,1.0,0.0,0.0,0
-1.3333333333333333,-0.6666666666666666,1.2905906392003086,-0.6002406031118004,1.5,0.0,0.0,1.0,0.0,1.0,0.0,0.0,0.0,1
0.631578947368421,-0.08333333333333333,-0.5526628311181762,-0.18930118162861573,0.0,0.0,0.0,1.0,0.0,1.0,0.0,0.0,0.0,0
0.5614035087719298,-0.5,-0.5914862239228443,-0.5138106186173342,0.5,0.0,0.0,1.0,0.0,1.0,0.0,0.0,1.0,0
0.2807017543859649,-0.20833333333333334,0.016536774370518214,-0.2008127038443031,0.0,0.0,1.0,0.0,0.0,1.0,0.0,0.0,0.0,1
-0.49122807017543857,0.20833333333333334,1.2450279223355114,0.5870715927926002,-0.5,2.0,0.0,1.0,0.0,1.0,0.0,0.0,0.0,0
-0.07017543859649122,0.625,1.0859694759786458,1.1236753462011444,0.5,0.0,0.0,0.0,0.0,0.0,1.0,0.0,0.0,1
0.7017543859649122,-0.25,-0.055181767823229526,-0.22516173875848797,1.0,1.0,0.0,0.0,1.0,0.0,0.0,0.0,0.0,0
1.6140350877192982,0.5,0.38635360724594414,0.6476126824573599,0.0,1.0,0.0,1.0,0.0,0.0,0.0,0.0,0.0,0
-0.3508771929824561,1.125,0.4351043275054043,1.374175266000107,-0.5,0.0,0.0,1.0,0.0,1.0,0.0,0.0,0.0,0
-0.3508771929824561,0.5833333333333334,0.5658242451638157,0.8355611399240764,0.0,0.0,0.0,1.0,0.0,1.0,0.0,0.0,1.0,0
0.8421052631578947,-0.25,-0.2935308610728159,-0.27270491365021654,-0.5,0.0,1.0,0.0,0.0,0.0,1.0,0.0,1.0,0
-0.631578947368421,1.4166666666666667,-0.7552863272978283,0.6111693311233494,0.5,0.0,1.0,0.0,0.0,0.0,0.0,0.0,0.0,0
-0.21052631578947367,0.625,-0.7359210061411524,0.20317596107576327,0.5,1.0,0.0,1.0,0.0,1.0,0.0,1.0,0.0,0
0.0,-0.625,0.2096932871251107,-0.5713308025450463,0.5,0.0,0.0,1.0,0.0,1.0,0.0,0.0,1.0,0
-0.21052631578947367,0.7083333333333334,0.205277278193327,0.7483344917927607,-0.5,2.0,0.0,0.0,0.0,0.0,0.0,0.0,0.0,0
0.9824561403508771,-0.3333333333333333,0.003863845081585827,-0.2748970753355077,-0.5,0.0,1.0,0.0,0.0,0.0,0.0,0.0,1.0,0
-0.9824561403508771,1.625,1.3748591637630942,2.8994760198898577,-0.5,0.0,0.0,1.0,0.0,1.0,0.0,0.0,0.0,0
-0.7017543859649122,-0.3333333333333333,-0.3711535338921478,-0.34807250173768917,0.0,0.0,0.0,0.0,0.0,0.0,1.0,0.0,0.0,0
0.9122807017543859,0.0,0.021203791774142628,0.06417687002085226,0.5,1.0,0.0,1.0,0.0,1.0,0.0,0.0,1.0,0
0.0,-0.4166666666666667,-0.7059470569009841,-0.4720419184088115,0.5,0.0,0.0,1.0,0.0,1.0,0.0,0.0,0.0,0
-0.3508771929824561,-0.041666666666666664,0.6312128387464998,0.2184997059295301,0.5,0.0,0.0,0.0,1.0,0.0,0.0,0.0,0.0,1
0.0,-0.5833333333333334,-1.1421837077669814,-0.6061327059829975,0.0,0.0,0.0,1.0,0.0,0.0,0.0,1.0,0.0,0
0.631578947368421,0.0,-0.6327390514496595,0.0,0.0,2.0,0.0,0.0,0.0,1.0,0.0,0.0,1.0,0
1.0526315789473684,0.3333333333333333,-0.6894136566338732,0.020044912580869385,0.0,0.0,0.0,0.0,0.0,0.0,1.0,0.0,0.0,1
-0.07017543859649122,0.3333333333333333,-0.13999345387859327,0.28038282628455335,0.0,0.0,1.0,0.0,0.0,1.0,0.0,0.0,1.0,1
0.07017543859649122,-0.5833333333333334,1.064765274388621,-0.47963963000588145,0.5,1.0,0.0,1.0,0.0,0.0,0.0,0.0,0.0,0
0.42105263157894735,-0.5833333333333334,1.433022520792223,-0.45602309789873285,-0.5,1.0,0.0,0.0,0.0,0.0,1.0,0.0,0.0,0
0.42105263157894735,-0.625,-0.11597142225410309,-0.589664759664225,0.0,1.0,0.0,0.0,0.0,1.0,0.0,0.0,0.0,1
1.1929824561403508,1.875,-0.24508604535070666,1.5891835534406247,0.5,0.0,1.0,0.0,0.0,0.0,0.0,0.0,0.0,0
1.0526315789473684,1.2916666666666667,-0.6420270301093018,0.7635138747794472,0.0,0.0,0.0,1.0,0.0,0.0,0.0,0.0,1.0,0
-0.631578947368421,0.125,1.35045758674532,0.6481259690958671,1.0,0.0,1.0,0.0,0.0,0.0,0.0,0.0,1.0,0
0.2807017543859649,-0.625,0.3536110819816478,-0.5773191466609635,1.0,0.0,0.0,0.0,1.0,0.0,1.0,0.0,0.0,1
1.1228070175438596,-0.041666666666666664,-1.3092179042132726,-0.39458910335240344,0.0,0.0,0.0,1.0,0.0,1.0,0.0,0.0,0.0,0
-0.7719298245614035,0.7916666666666666,-0.9015849929557312,0.1836657220766722,0.0,0.0,0.0,0.0,1.0,0.0,0.0,0.0,0.0,1
-0.42105263157894735,0.041666666666666664,-0.32996046654592714,-0.00745869646580765,0.0,0.0,0.0,0.0,1.0,1.0,0.0,0.0,1.0,0
0.3508771929824561,-0.4583333333333333,0.5794347544529983,-0.33182911832326367,1.0,2.0,0.0,0.0,0.0,1.0,0.0,0.0,0.0,0
1.3333333333333333,-0.041666666666666664,0.6208932605819735,0.15393787092979744,0.5,0.0,0.0,1.0,0.0,0.0,0.0,0.0,0.0,1
0.21052631578947367,0.375,1.3562335070152949,0.9504624926482385,0.0,1.0,0.0,0.0,1.0,0.0,0.0,1.0,0.0,0
1.1929824561403508,-0.4166666666666667,0.15429707742990972,-0.33674276853980645,0.0,0.0,0.0,0.0,1.0,0.0,1.0,0.0,0.0,1
-0.14035087719298245,-0.08333333333333333,1.4095762612823672,0.3291343634711009,0.0,1.0,0.0,1.0,0.0,1.0,0.0,0.0,1.0,0
0.14035087719298245,1.2916666666666667,0.16702657041582142,1.349195316259424,0.0,0.0,1.0,0.0,0.0,0.0,1.0,0.0,0.0,0
-0.7719298245614035,0.16666666666666666,0.6639623902381189,0.4245308239319896,0.5,2.0,0.0,1.0,0.0,1.0,0.0,0.0,1.0,0
-0.3508771929824561,-0.5416666666666666,-0.3172936696543379,-0.5170293535796397,0.0,2.0,0.0,0.0,0.0,1.0,0.0,0.0,0.0,0
-1.1228070175438596,0.125,-0.17274975911133916,0.05685718868630697,-0.5,0.0,0.0,1.0,0.0,0.0,0.0,1.0,0.0,0
0.2807017543859649,0.4166666666666667,2.112333735408476,1.5214297171576756,0.0,0.0,0.0,0.0,0.0,1.0,0.0,0.0,0.0,1
-0.42105263157894735,0.0,-0.6713174716977259,0.0,0.0,0.0,1.0,0.0,0.0,1.0,0.0,0.0,1.0,1
0.0,-0.3333333333333333,-0.04262898494811664,-0.3241832861038337,0.5,0.0,0.0,0.0,0.0,0.0,0.0,0.0,0.0,0
-0.21052631578947367,2.3333333333333335,0.11908232239790714,2.2552424744693367,0.0,1.0,0.0,0.0,1.0,1.0,0.0,0.0,0.0,0
-0.14035087719298245,0.7083333333333334,-0.544879580146304,0.36817088167673634,0.5,0.0,0.0,0.0,0.0,0.0,1.0,0.0,1.0,0
0.07017543859649122,0.20833333333333334,-0.46704833217514574,0.017820670480671513,1.0,0.0,0.0,1.0,0.0,0.0,0.0,0.0,0.0,1
0.9122807017543859,0.25,0.13951298423934524,0.418649414532428,0.0,0.0,0.0,1.0,0.0,0.0,0.0,1.0,0.0,1
-1.1929824561403508,1.3333333333333333,0.23122873354919027,1.4522429556755603,0.5,0.0,1.0,0.0,0.0,1.0,0.0,0.0,0.0,1
0.8421052631578947,0.875,0.6995663153388615,1.4297171576752394,0.5,2.0,0.0,1.0,0.0,0.0,0.0,0.0,0.0,0
0.2807017543859649,-0.4583333333333333,0.07269157082986678,-0.39971127626583974,0.0,0.0,0.0,0.0,0.0,1.0,0.0,0.0,1.0,0
-0.7719298245614035,-0.375,0.11607685508586055,-0.33818638721060795,-0.5,1.0,0.0,1.0,0.0,0.0,0.0,0.0,1.0,1
0.14035087719298245,-0.16666666666666666,0.5399520295172643,-0.01233491953162591,0.5,0.0,0.0,1.0,0.0,1.0,0.0,0.0,1.0,0
-0.631578947368421,1.125,0.5877186050508045,1.6093674811527565,-0.5,1.0,0.0,0.0,1.0,0.0,1.0,0.0,1.0,0
0.07017543859649122,0.375,0.44659885949758765,0.6041918408811422,0.0,1.0,0.0,1.0,0.0,1.0,0.0,0.0,0.0,0
-0.14035087719298245,0.25,-0.44793754465288915,0.05824199326311291,-0.5,0.0,0.0,0.0,1.0,1.0,0.0,0.0,1.0,0
-0.9122807017543859,-0.125,1.1202154251163468,0.21960113350799343,0.0,1.0,1.0,0.0,0.0,0.0,1.0,0.0,0.0,1
-0.2807017543859649,-0.5416666666666666,0.516470657880474,-0.460979522001818,-0.5,0.0,0.0,0.0,0.0,1.0,0.0,0.0,0.0,1
-0.3508771929824561,0.5833333333333334,0.4586380342887264,0.7751216382398547,0.0,1.0,0.0,0.0,0.0,0.0,0.0,0.0,0.0,0
-0.14035087719298245,-0.5,0.6641951741686445,-0.42948724803507465,0.0,0.0,1.0,0.0,0.0,0.0,0.0,1.0,0.0,1
-1.0526315789473684,1.2083333333333333,-0.1727405470121582,1.0217719082500134,-0.5,2.0,0.0,0.0,0.0,0.0,1.0,0.0,0.0,0
0.9122807017543859,-0.2916666666666667,-0.16003438975486423,-0.28698604501951563,-0.5,0.0,0.0,0.0,1.0,1.0,0.0,0.0,0.0,0
0.21052631578947367,0.0,-0.15369989214978858,0.0,0.5,0.0,0.0,0.0,0.0,1.0,0.0,0.0,1.0,0
-1.263157894736842,0.25,-0.6388013109621836,-0.03391434529219915,0.0,0.0,0.0,1.0,0.0,1.0,0.0,1.0,0.0,0
0.14035087719298245,-0.5833333333333334,0.45586485277342625,-0.520424530823932,1.0,2.0,0.0,1.0,0.0,1.0,0.0,0.0,1.0,0
-1.6140350877192982,-0.125,-0.5484421032308439,-0.2114901352724162,1.0,2.0,0.0,1.0,0.0,1.0,0.0,0.0,0.0,0
0.49122807017543857,-0.20833333333333334,-0.7588830734088717,-0.3339517724429237,1.0,0.0,1.0,0.0,0.0,0.0,0.0,0.0,0.0,0
-1.1228070175438596,0.375,-0.7444261535048904,0.12168101374111102,0.0,0.0,0.0,0.0,1.0,1.0,0.0,0.0,1.0,1
-0.2807017543859649,-0.5,-0.052388895578013496,-0.4502058493289847,0.5,0.0,0.0,0.0,0.0,1.0,0.0,1.0,0.0,0
0.07017543859649122,0.9583333333333334,0.6733147729848762,1.4903705287921727,0.0,0.0,0.0,0.0,0.0,1.0,0.0,0.0,0.0,1
0.5614035087719298,0.5,0.09274141160438297,0.5315403945891034,-0.5,1.0,0.0,1.0,0.0,0.0,1.0,0.0,0.0,0
-0.42105263157894735,0.08333333333333333,-1.1240599755068583,-0.25311982034967656,-0.5,0.0,0.0,0.0,1.0,0.0,1.0,0.0,1.0,0
0.0,-0.625,0.3506971210472314,-0.5809281933379673,-0.5,1.0,0.0,0.0,0.0,0.0,0.0,0.0,0.0,1
0.9122807017543859,1.7916666666666667,0.14606181341899532,1.6949152542372883,0.5,1.0,0.0,0.0,0.0,1.0,0.0,0.0,0.0,0
0.0,0.0,-0.3486094668942527,0.0,0.0,2.0,1.0,0.0,0.0,0.0,0.0,0.0,0.0,1
-1.0526315789473684,-0.6666666666666666,1.0157965594981178,-0.6138052718815165,0.0,0.0,0.0,0.0,1.0,0.0,0.0,0.0,0.0,1
0.7719298245614035,2.3333333333333335,-0.7240487142902616,1.3158316847564564,0.0,2.0,0.0,0.0,0.0,0.0,0.0,1.0,0.0,0
0.9122807017543859,-0.6666666666666666,-0.005961259927144879,-0.6277067850077529,0.5,1.0,0.0,1.0,0.0,0.0,1.0,0.0,0.0,0
-1.4035087719298245,-0.5416666666666666,-0.4144230639211568,-0.5325348874512111,0.0,1.0,1.0,0.0,0.0,0.0,0.0,0.0,0.0,0
0.7017543859649122,-0.3333333333333333,0.10781465402394153,-0.2673367908891622,0.0,0.0,1.0,0.0,0.0,0.0,1.0,0.0,1.0,1
-0.42105263157894735,-0.625,0.0217618909701439,-0.5904935037159815,0.0,1.0,0.0,0.0,0.0,1.0,0.0,0.0,0.0,0
0.0,0.6666666666666666,-0.7033185544124192,0.2699941185906005,1.0,2.0,0.0,1.0,0.0,0.0,1.0,0.0,1.0,0
0.14035087719298245,0.125,0.5114137428754769,0.2368603967277977,0.5,0.0,0.0,0.0,0.0,0.0,0.0,0.0,0.0,1
0.21052631578947367,0.08333333333333333,0.08881128487241037,0.10405817248569744,1.0,0.0,0.0,0.0,1.0,0.0,1.0,0.0,1.0,0
1.263157894736842,2.3333333333333335,0.7858150530935579,3.41613644869807,0.5,1.0,1.0,0.0,0.0,0.0,0.0,0.0,0.0,0
0.0,0.375,0.9933199312705674,0.9713414960166818,0.0,1.0,0.0,1.0,0.0,1.0,0.0,0.0,1.0,0
0.42105263157894735,-0.08333333333333333,0.6231725662052129,0.16414478960594558,0.0,0.0,0.0,0.0,0.0,0.0,0.0,1.0,0.0,0
-0.8421052631578947,-0.375,2.6653359678256217,0.0655082072394803,-0.5,0.0,1.0,0.0,0.0,0.0,0.0,1.0,0.0,0
-0.631578947368421,0.0,-0.532552620073097,0.0,0.0,0.0,0.0,0.0,0.0,1.0,0.0,0.0,1.0,0
0.3508771929824561,-0.5416666666666666,0.0869052195211449,-0.4999572261134578,0.0,0.0,0.0,0.0,1.0,0.0,0.0,0.0,0.0,1
-0.07017543859649122,-0.625,0.0038736395467235544,-0.5870234721702402,0.0,0.0,0.0,0.0,0.0,0.0,0.0,0.0,1.0,0
1.1929824561403508,-0.625,-0.8510095694396299,-0.6200181789017805,0.0,0.0,0.0,1.0,0.0,1.0,0.0,0.0,1.0,0
-0.2807017543859649,-0.4166666666666667,1.3752374274853594,-0.2535101320643747,0.5,1.0,0.0,0.0,1.0,0.0,0.0,0.0,0.0,0
2.245614035087719,0.5,0.0,34.39054162433835,0.0,0.0,0.0,0.0,1.0,1.0,0.0,0.0,1.0,0
0.42105263157894735,-0.20833333333333334,0.4630784841832699,-0.09784526546543337,0.5,2.0,0.0,0.0,0.0,0.0,0.0,0.0,0.0,0
-0.7719298245614035,0.3333333333333333,-0.5845317579200459,0.07832967973052453,-0.5,0.0,0.0,1.0,0.0,1.0,0.0,0.0,0.0,0
-1.1228070175438596,-0.2916666666666667,-1.1573513451749815,-0.45007752766935794,1.5,1.0,1.0,0.0,0.0,1.0,0.0,0.0,0.0,0
1.0526315789473684,-0.5416666666666666,0.6333070385994038,-0.47033630968293866,1.0,1.0,0.0,0.0,0.0,1.0,0.0,0.0,0.0,0
0.49122807017543857,0.375,-0.11223697082710604,0.26606426776452974,0.5,0.0,1.0,0.0,0.0,1.0,0.0,1.0,0.0,0
-0.9824561403508771,-0.125,0.8889275586924106,0.05738116879644974,1.0,1.0,1.0,0.0,0.0,0.0,0.0,1.0,0.0,0
-0.42105263157894735,0.08333333333333333,0.09399123490287012,0.08079987167834032,0.0,2.0,0.0,0.0,1.0,0.0,0.0,0.0,0.0,0
1.263157894736842,-0.041666666666666664,0.3720793788257586,0.06588247874672515,-0.5,0.0,1.0,0.0,0.0,0.0,0.0,0.0,1.0,0
0.42105263157894735,2.3333333333333335,-0.48199988915673425,1.9244666631021763,0.0,1.0,0.0,0.0,1.0,1.0,0.0,1.0,0.0,0
-1.4035087719298245,-0.5416666666666666,-0.2525544763100745,-0.5162594236218789,1.0,0.0,0.0,0.0,0.0,1.0,0.0,1.0,0.0,0
-0.49122807017543857,2.3333333333333335,0.901191205016309,3.4901459658878258,0.5,0.0,0.0,1.0,0.0,0.0,1.0,0.0,1.0,0
0.21052631578947367,-0.625,-0.21716393443159748,-0.5972303908463884,-0.5,2.0,0.0,0.0,1.0,0.0,0.0,0.0,0.0,0
1.9649122807017543,-0.375,-0.15638599602293968,-0.33363631502967445,-0.5,0.0,0.0,0.0,1.0,0.0,0.0,1.0,0.0,0
1.6842105263157894,2.0833333333333335,-0.9436321749345596,0.9962679783991876,-0.5,0.0,0.0,0.0,1.0,1.0,0.0,1.0,0.0,0
-1.4035087719298245,0.25,-0.45112933770547764,0.08913543281826448,1.0,0.0,1.0,0.0,0.0,1.0,0.0,0.0,0.0,0
0.3508771929824561,1.125,-0.28894181033716876,1.0186601080040636,0.5,0.0,1.0,0.0,0.0,0.0,0.0,0.0,1.0,1
0.0,-0.5833333333333334,-0.1574124114739254,0.0,12.0,1.0,1.0,0.0,0.0,0.0,1.0,0.0,0.0,0
-0.07017543859649122,0.16666666666666666,-0.6367722173707733,0.006416082981339893,-0.5,0.0,0.0,1.0,0.0,1.0,0.0,0.0,0.0,1
0.631578947368421,0.25,0.5689006636595751,0.5647650109608087,0.5,0.0,1.0,0.0,0.0,1.0,0.0,0.0,0.0,0
-0.21052631578947367,-0.375,0.0,0.0,-0.5,0.0,1.0,0.0,0.0,1.0,0.0,0.0,1.0,0
0.631578947368421,0.875,-0.689027170968581,0.4793562530075389,1.0,2.0,0.0,0.0,0.0,0.0,0.0,0.0,0.0,0
-0.7017543859649122,0.875,0.12228794574239689,0.9308667058760628,-0.5,0.0,0.0,1.0,0.0,1.0,0.0,0.0,1.0,1
0.2807017543859649,-0.125,1.8656918998490313,0.3951237769341817,-0.5,2.0,0.0,1.0,0.0,0.0,0.0,0.0,0.0,0
1.4035087719298245,-0.6666666666666666,-0.28069247505284456,-0.6319841736619795,-0.5,0.0,0.0,0.0,0.0,0.0,0.0,0.0,0.0,0
-0.2807017543859649,-0.4583333333333333,0.9761369276003151,-0.30155590012297495,0.5,0.0,0.0,1.0,0.0,0.0,0.0,1.0,0.0,0
0.2807017543859649,0.2916666666666667,-0.24006114344452534,0.2278725338181041,0.0,0.0,1.0,0.0,0.0,0.0,0.0,0.0,1.0,0
0.8421052631578947,1.5833333333333333,-0.1880563453332422,1.5436988718387428,0.5,0.0,0.0,0.0,0.0,0.0,0.0,0.0,0.0,0
-1.0526315789473684,0.2916666666666667,0.6463484143726131,0.5945570229374968,1.0,2.0,0.0,0.0,1.0,0.0,0.0,0.0,1.0,0
-0.49122807017543857,-0.5,-0.27223259304618924,-0.49223119285676104,0.0,0.0,0.0,0.0,0.0,1.0,0.0,0.0,1.0,1
-0.42105263157894735,0.041666666666666664,-0.11773902472911879,-0.011762818799123137,-0.5,1.0,0.0,1.0,0.0,1.0,0.0,0.0,1.0,0
-0.9122807017543859,0.2916666666666667,1.259326458587692,0.9287280115489495,0.5,0.0,0.0,1.0,0.0,1.0,0.0,0.0,1.0,0
-0.3508771929824561,1.0833333333333333,-0.836293659554351,0.4485911351120142,0.0,0.0,0.0,1.0,0.0,1.0,0.0,0.0,0.0,0
-0.49122807017543857,-0.25,-0.990181661740628,-0.4051702935357964,0.0,1.0,0.0,1.0,0.0,1.0,0.0,0.0,1.0,0
0.0,1.0833333333333333,0.3580161995510156,1.3730417580067371,0.5,0.0,1.0,0.0,0.0,0.0,0.0,0.0,1.0,0
0.42105263157894735,-0.5833333333333334,0.5203092243546066,-0.5086028979308134,0.5,0.0,0.0,1.0,0.0,0.0,0.0,0.0,0.0,1
-1.263157894736842,0.5416666666666666,0.04740122150689095,0.491439875955729,-0.5,1.0,0.0,0.0,1.0,1.0,0.0,0.0,0.0,0
0.9122807017543859,-0.125,0.007279724888910091,-0.10274287547452286,-0.5,0.0,0.0,0.0,1.0,0.0,0.0,0.0,0.0,0
0.49122807017543857,0.0,-0.2285670618812848,0.022761054376303234,-0.5,2.0,0.0,0.0,1.0,0.0,0.0,0.0,0.0,0
-0.21052631578947367,0.20833333333333334,-0.5788138499545913,-0.01443618670801476,0.0,0.0,0.0,0.0,1.0,0.0,0.0,0.0,1.0,0
0.0,2.125,0.26919809428339325,2.6659359461049035,1.5,0.0,0.0,0.0,1.0,1.0,0.0,1.0,0.0,0
1.1929824561403508,-0.08333333333333333,1.4049941897144904,0.3104689087312197,0.0,0.0,0.0,0.0,1.0,1.0,0.0,0.0,1.0,0
0.49122807017543857,1.125,0.9848946645320903,1.6565631182163294,0.0,0.0,0.0,0.0,1.0,0.0,0.0,1.0,0.0,0
-0.14035087719298245,0.0,-0.46997200413286494,-0.08531251670854942,-0.5,1.0,0.0,1.0,0.0,1.0,0.0,0.0,0.0,0
-1.0526315789473684,0.375,0.27344190368515253,0.5400203175961077,0.0,0.0,0.0,0.0,1.0,1.0,0.0,0.0,0.0,0
0.42105263157894735,-0.125,2.2013980367843557,0.3657167299363739,0.5,1.0,0.0,1.0,0.0,0.0,0.0,0.0,1.0,0
-0.07017543859649122,0.0,0.017407577821325522,0.0,0.0,2.0,0.0,1.0,0.0,1.0,0.0,0.0,0.0,1
-0.14035087719298245,0.5416666666666666,-0.7581391259444538,0.1844677324493397,1.0,1.0,0.0,0.0,1.0,1.0,0.0,0.0,0.0,0
0.07017543859649122,1.4166666666666667,-0.039932288956530136,1.3666951825910285,0.0,2.0,0.0,0.0,0.0,1.0,0.0,1.0,0.0,0
-1.1228070175438596,1.9166666666666667,0.07292789023493758,2.2405229107629796,0.0,2.0,0.0,1.0,0.0,1.0,0.0,0.0,0.0,0
-0.9824561403508771,1.0416666666666667,-0.6278946662853233,0.48041490669946,1.0,0.0,1.0,0.0,0.0,0.0,1.0,0.0,1.0,1
0.07017543859649122,-0.5416666666666666,-0.1383965860645098,-0.5187082286264236,0.5,2.0,0.0,1.0,0.0,0.0,1.0,0.0,0.0,0
0.0,0.08333333333333333,0.17454058000747663,0.10055071378923167,0.5,0.0,0.0,1.0,0.0,0.0,0.0,0.0,1.0,1
0.0,0.7083333333333334,1.050732639983356,1.175212532748757,0.5,1.0,0.0,1.0,0.0,1.0,0.0,0.0,1.0,1
0.9122807017543859,0.6666666666666666,1.011486187570937,1.270384430305299,0.0,0.0,0.0,1.0,0.0,1.0,0.0,0.0,1.0,0
0.42105263157894735,0.7083333333333334,-0.24005769931514545,0.7046997807838316,1.0,1.0,0.0,1.0,0.0,1.0,0.0,1.0,0.0,0
0.0,-0.08333333333333333,-0.4237577435938777,-0.11885793722932149,0.0,1.0,0.0,0.0,0.0,0.0,0.0,0.0,0.0,1
0.9122807017543859,-0.25,-0.741640226003672,-0.35842912901673535,-0.5,2.0,1.0,0.0,0.0,0.0,0.0,0.0,0.0,0
0.0,1.5,-0.21667349122271692,1.163422980270545,0.0,1.0,0.0,0.0,0.0,0.0,0.0,0.0,0.0,0
-0.7719298245614035,-0.5833333333333334,1.7648351676097638,-0.43864085975511957,-0.5,0.0,1.0,0.0,0.0,0.0,1.0,0.0,0.0,0
0.631578947368421,0.2916666666666667,1.0799883085364073,0.9074052291076299,1.0,2.0,0.0,1.0,0.0,0.0,0.0,0.0,0.0,0
-0.21052631578947367,-0.041666666666666664,-1.3264915630638001,-0.3739667433032134,0.0,1.0,0.0,0.0,1.0,1.0,0.0,0.0,0.0,0
-0.42105263157894735,1.1666666666666667,0.5845391125916802,1.7788269261615783,0.0,0.0,0.0,1.0,0.0,0.0,0.0,0.0,0.0,1
-0.7719298245614035,-0.5,0.3729576729180235,-0.4336202748222211,-0.5,2.0,0.0,0.0,0.0,0.0,0.0,0.0,1.0,1
-1.1228070175438596,0.25,0.0,0.0,0.0,0.0,0.0,1.0,0.0,0.0,1.0,0.0,1.0,1
0.5614035087719298,-0.6666666666666666,1.5758405234983726,-0.5998984120194623,0.0,0.0,0.0,0.0,1.0,0.0,0.0,0.0,0.0,0
-0.07017543859649122,0.041666666666666664,1.4277060895160139,0.4527188151633427,-0.5,0.0,1.0,0.0,0.0,0.0,0.0,0.0,0.0,0
-0.7719298245614035,-0.5,-0.18689385955134136,-0.46832593701545217,-0.5,0.0,0.0,1.0,0.0,0.0,1.0,1.0,0.0,0
