SeniorCitizen,Partner,Dependents,tenure,PhoneService,MultipleLines,OnlineSecurity,OnlineBackup,DeviceProtection,TechSupport,StreamingTV,StreamingMovies,PaperlessBilling,MonthlyCharges,TotalCharges,Contract_ordinal,gender_Male,InternetService_Fiber optic,InternetService_No,PaymentMethod_Credit card (automatic),PaymentMethod_Electronic check,PaymentMethod_Mailed check,Churn
0.0,0.0,0.0,0.4919786096256685,0.0,1.0,0.0,1.0,0.0,0.0,0.0,0.0,0.0,0.17785927114370853,0.8447206771814103,1.0,-1.0,1.0,0.0,0.0,0.0,1.0,0
0.0,1.0,1.0,0.0855614973262032,0.0,1.0,0.0,0.0,0.0,0.0,0.0,0.0,-1.0,-0.8480403392161358,-0.1593248504243269,0.0,-1.0,0.0,1.0,0.0,0.0,0.0,0
0.0,1.0,1.0,-0.40641711229946526,-1.0,0.0,1.0,1.0,1.0,1.0,0.0,1.0,-1.0,-0.3080449232179693,-0.25148305776578034,2.0,0.0,0.0,0.0,1.0,0.0,0.0,0
0.0,0.0,0.0,-0.5989304812834224,0.0,0.0,0.0,1.0,0.0,0.0,0.0,1.0,0.0,0.26587210634884256,-0.37803732044569743,0.0,0.0,1.0,0.0,0.0,1.0,0.0,0
0.0,1.0,1.0,0.4919786096256685,-1.0,0.0,0.0,1.0,1.0,1.0,1.0,0.0,-1.0,-0.37222094888837953,0.3386197312898883,2.0,0.0,0.0,0.0,0.0,0.0,1.0,0
1.0,0.0,0.0,-0.27807486631016043,0.0,1.0,0.0,0.0,0.0,0.0,1.0,1.0,0.0,0.4749025899610361,0.05625278923708242,0.0,-1.0,1.0,0.0,0.0,1.0,0.0,1
0.0,1.0,0.0,-0.23529411764705882,0.0,0.0,0.0,0.0,0.0,1.0,0.0,0.0,0.0,-0.37038734815493934,-0.13893393998106043,0.0,-1.0,0.0,0.0,0.0,0.0,1.0,0
0.0,1.0,1.0,0.7272727272727273,0.0,1.0,1.0,1.0,1.0,1.0,1.0,1.0,0.0,0.34655053862021556,1.2220758817617456,2.0,0.0,0.0,0.0,1.0,0.0,0.0,0
1.0,1.0,1.0,-0.10695187165775401,0.0,1.0,1.0,0.0,0.0,0.0,0.0,0.0,0.0,0.17144166857666734,0.13652476479701608,0.0,0.0,1.0,0.0,0.0,1.0,0.0,0
0.0,0.0,0.0,-0.42780748663101603,0.0,0.0,1.0,0.0,0.0,0.0,0.0,0.0,0.0,0.07976163190465267,-0.19714599819311862,0.0,-1.0,1.0,0.0,0.0,1.0,0.0,0
0.0,0.0,0.0,-0.5989304812834224,0.0,1.0,0.0,0.0,0.0,0.0,1.0,0.0,0.0,0.2585377034150813,-0.37815342527384416,0.0,-1.0,1.0,0.0,0.0,1.0,0.0,0
0.0,1.0,0.0,0.36363636363636365,-1.0,0.0,1.0,0.0,1.0,1.0,0.0,0.0,-1.0,-0.5519138207655284,0.132156320637996,2.0,0.0,0.0,0.0,1.0,0.0,0.0,0
1.0,0.0,0.0,-0.06417112299465241,0.0,0.0,0.0,0.0,0.0,0.0,1.0,1.0,0.0,0.38047215218886093,0.27992874066172496,0.0,-1.0,1.0,0.0,0.0,1.0,0.0,1
0.0,0.0,0.0,-0.5989304812834224,0.0,0.0,0.0,0.0,0.0,0.0,0.0,0.0,0.0,-0.9388035755214303,-0.39710753846879504,0.0,0.0,0.0,1.0,0.0,0.0,1.0,1
0.0,1.0,1.0,0.8342245989304813,0.0,0.0,1.0,1.0,1.0,0.0,1.0,1.0,0.0,0.637176254870502,1.6793837736246113,2.0,0.0,1.0,0.0,0.0,0.0,0.0,0
0.0,0.0,0.0,0.1711229946524064,0.0,1.0,1.0,0.0,0.0,0.0,1.0,0.0,0.0,0.37863855145542075,0.5752558841564077,0.0,0.0,1.0,0.0,0.0,1.0,0.0,0
0.0,1.0,0.0,0.44919786096256686,0.0,1.0,1.0,0.0,1.0,0.0,1.0,1.0,0.0,0.6133394453357782,1.1157383722828749,1.0,0.0,1.0,0.0,0.0,1.0,0.0,0
0.0,0.0,0.0,0.1497326203208556,0.0,0.0,0.0,1.0,0.0,0.0,1.0,1.0,0.0,0.4455649782259913,0.6322633547764438,0.0,-1.0,1.0,0.0,1.0,0.0,0.0,0
0.0,0.0,0.0,-0.5347593582887701,0.0,0.0,0.0,0.0,0.0,0.0,0.0,0.0,-1.0,-0.9268851707540684,-0.3829137232278594,1.0,0.0,0.0,1.0,0.0,0.0,1.0,0
1.0,0.0,0.0,-0.32085561497326204,0.0,0.0,0.0,0.0,0.0,0.0,1.0,1.0,-1.0,0.3658033463213386,-0.03520878913549076,0.0,0.0,1.0,0.0,1.0,0.0,0.0,1
1.0,1.0,1.0,-0.5989304812834224,0.0,0.0,0.0,0.0,0.0,1.0,0.0,0.0,0.0,-0.3896401558560624,-0.3884141894613099,0.0,0.0,0.0,0.0,1.0,0.0,0.0,1
1.0,0.0,0.0,0.9197860962566845,0.0,1.0,0.0,1.0,1.0,1.0,1.0,1.0,-1.0,0.7545267018106809,1.9029726464281436,2.0,-1.0,1.0,0.0,0.0,1.0,0.0,0
0.0,1.0,1.0,-0.47058823529411764,-1.0,0.0,1.0,0.0,1.0,1.0,0.0,1.0,-1.0,-0.38230575292230123,-0.3140200208263036,2.0,0.0,0.0,0.0,1.0,0.0,0.0,0
0.0,0.0,0.0,-0.36363636363636365,0.0,0.0,0.0,0.0,0.0,0.0,0.0,0.0,-1.0,-0.924134769653908,-0.3378069974928614,0.0,-1.0,0.0,1.0,0.0,0.0,1.0,0
0.0,1.0,1.0,-0.12834224598930483,0.0,0.0,0.0,1.0,1.0,1.0,0.0,0.0,-1.0,0.243868897547559,0.14886090278760433,0.0,-1.0,1.0,0.0,0.0,1.0,0.0,1
0.0,1.0,0.0,0.32085561497326204,-1.0,0.0,0.0,1.0,1.0,0.0,1.0,1.0,-1.0,-0.2970433188173276,0.29114736968140104,2.0,0.0,0.0,0.0,0.0,0.0,0.0,0
0.0,0.0,0.0,0.44919786096256686,0.0,0.0,0.0,0.0,1.0,1.0,0.0,1.0,0.0,0.3520513408205364,0.846723485466941,2.0,-1.0,1.0,0.0,0.0,0.0,0.0,0
0.0,1.0,1.0,0.10695187165775401,0.0,0.0,0.0,0.0,0.0,0.0,0.0,0.0,0.0,-0.924134769653908,-0.20472183822969167,1.0,-1.0,0.0,1.0,0.0,0.0,0.0,0
0.0,1.0,1.0,0.0427807486631016,0.0,1.0,0.0,1.0,0.0,1.0,1.0,1.0,-1.0,0.18427687371074944,0.31470213669166547,2.0,-1.0,0.0,0.0,0.0,0.0,0.0,0
0.0,0.0,0.0,-0.10695187165775401,0.0,1.0,0.0,0.0,1.0,0.0,1.0,0.0,0.0,0.3382993353197342,0.1989311099258743,0.0,-1.0,1.0,0.0,1.0,0.0,0.0,0
0.0,0.0,0.0,-0.5133689839572193,0.0,1.0,0.0,0.0,0.0,0.0,1.0,0.0,0.0,0.24753609901443963,-0.2794207820385831,0.0,-1.0,1.0,0.0,0.0,1.0,0.0,0
1.0,1.0,0.0,-0.23529411764705882,0.0,0.0,1.0,0.0,0.0,0.0,0.0,1.0,0.0,-0.20903048361219345,-0.1092401301825386,0.0,0.0,0.0,0.0,1.0,0.0,0.0,0
1.0,1.0,0.0,0.7700534759358288,0.0,1.0,0.0,1.0,1.0,0.0,1.0,1.0,0.0,0.7022690809076324,1.653057003842344,0.0,-1.0,1.0,0.0,0.0,0.0,0.0,0
0.0,0.0,0.0,-0.12834224598930483,0.0,0.0,0.0,0.0,0.0,0.0,0.0,0.0,-1.0,-0.9103827641531057,-0.2651544012800558,0.0,0.0,0.0,1.0,0.0,1.0,0.0,0
0.0,0.0,0.0,-0.5775401069518716,0.0,1.0,0.0,0.0,0.0,0.0,0.0,0.0,0.0,0.09259683703873477,-0.35443901412487805,0.0,-1.0,1.0,0.0,0.0,1.0,0.0,1
0.0,1.0,1.0,-0.23529411764705882,0.0,0.0,1.0,0.0,1.0,0.0,1.0,0.0,0.0,0.3190465276186112,0.032828640158483066,0.0,0.0,1.0,0.0,0.0,0.0,1.0,0
0.0,1.0,1.0,-0.25668449197860965,0.0,0.0,0.0,0.0,1.0,1.0,1.0,1.0,-1.0,0.5152418060967224,0.09217272044497174,1.0,-1.0,1.0,0.0,0.0,0.0,0.0,1
1.0,1.0,1.0,-0.32085561497326204,0.0,1.0,0.0,0.0,0.0,0.0,1.0,1.0,0.0,0.4639009855603942,-0.011929771092074796,0.0,-1.0,1.0,0.0,0.0,1.0,0.0,0
0.0,1.0,1.0,-0.3422459893048128,0.0,1.0,0.0,0.0,0.0,0.0,0.0,0.0,0.0,-0.8342883337153336,-0.3061974580299188,2.0,-1.0,0.0,1.0,0.0,0.0,0.0,0
0.0,1.0,1.0,-0.0213903743315508,0.0,0.0,1.0,0.0,0.0,0.0,0.0,1.0,0.0,0.22644969057987616,0.2709306164803547,1.0,-1.0,1.0,0.0,0.0,0.0,0.0,0
0.0,0.0,0.0,0.6203208556149733,0.0,1.0,0.0,0.0,0.0,0.0,0.0,0.0,-1.0,-0.8462067384826955,0.010580052464869167,2.0,-1.0,0.0,1.0,1.0,0.0,0.0,0
0.0,0.0,0.0,0.6631016042780749,0.0,0.0,0.0,0.0,0.0,0.0,0.0,0.0,-1.0,-0.9149667659867065,-0.08545315351598078,2.0,-1.0,0.0,1.0,0.0,0.0,1.0,0
0.0,1.0,0.0,0.42780748663101603,-1.0,0.0,0.0,1.0,0.0,0.0,1.0,1.0,-1.0,-0.38230575292230123,0.29679296695003504,2.0,0.0,0.0,0.0,1.0,0.0,0.0,0
0.0,0.0,0.0,-0.5775401069518716,0.0,0.0,0.0,0.0,0.0,0.0,1.0,1.0,0.0,0.3648865459546185,-0.35388751619118114,0.0,-1.0,1.0,0.0,0.0,1.0,0.0,1
0.0,0.0,0.0,-0.06417112299465241,0.0,0.0,1.0,0.0,1.0,1.0,0.0,1.0,0.0,0.4648177859271143,0.3157906194555409,1.0,-1.0,1.0,0.0,0.0,0.0,0.0,0
0.0,1.0,0.0,-0.5561497326203209,-1.0,0.0,0.0,0.0,0.0,1.0,0.0,0.0,0.0,-0.7444418977767592,-0.3759329204355383,0.0,0.0,0.0,0.0,0.0,1.0,0.0,0
1.0,0.0,0.0,-0.5561497326203209,-1.0,0.0,0.0,0.0,1.0,0.0,0.0,1.0,0.0,-0.5381618152647262,-0.3643369507243853,0.0,0.0,0.0,0.0,0.0,1.0,0.0,1
0.0,1.0,1.0,0.6844919786096256,0.0,1.0,0.0,0.0,0.0,0.0,0.0,0.0,0.0,-0.8507907403162962,0.04766103195422562,2.0,-1.0,0.0,1.0,0.0,0.0,1.0,0
0.0,0.0,0.0,-0.47058823529411764,0.0,1.0,0.0,0.0,1.0,0.0,1.0,1.0,0.0,0.5051570020628008,-0.19575274025535808,0.0,0.0,1.0,0.0,0.0,0.0,0.0,1
0.0,1.0,1.0,-0.5989304812834224,0.0,0.0,0.0,0.0,0.0,0.0,0.0,0.0,-1.0,-0.9479715791886318,-0.3972526695039785,1.0,0.0,0.0,1.0,0.0,0.0,1.0,0
0.0,1.0,0.0,-0.36363636363636365,0.0,0.0,1.0,1.0,1.0,0.0,0.0,0.0,0.0,0.2585377034150813,-0.12408703508179951,0.0,0.0,1.0,0.0,0.0,1.0,0.0,0
0.0,0.0,0.0,-0.0855614973262032,0.0,1.0,1.0,1.0,1.0,1.0,0.0,1.0,-1.0,0.20628008251203303,0.1861740919332542,0.0,0.0,0.0,0.0,0.0,0.0,0.0,0
0.0,0.0,0.0,0.5347593582887701,0.0,0.0,1.0,0.0,1.0,0.0,1.0,0.0,-1.0,0.3538849415539766,0.9519434859748996,0.0,0.0,1.0,0.0,0.0,0.0,1.0,0
1.0,1.0,0.0,0.5989304812834224,0.0,0.0,0.0,1.0,1.0,0.0,1.0,0.0,0.0,0.36947054778821925,1.1065951170663213,1.0,0.0,1.0,0.0,0.0,1.0,0.0,0
0.0,1.0,1.0,-0.40641711229946526,0.0,0.0,0.0,1.0,1.0,0.0,0.0,1.0,0.0,-0.0843456337382534,-0.21112211688127924,1.0,-1.0,0.0,0.0,0.0,0.0,1.0,0
1.0,0.0,0.0,-0.5133689839572193,0.0,0.0,0.0,0.0,1.0,0.0,0.0,0.0,0.0,0.09259683703873477,-0.30121946352312845,0.0,-1.0,1.0,0.0,1.0,0.0,0.0,1
0.0,0.0,1.0,0.0,-1.0,0.0,1.0,1.0,1.0,1.0,0.0,0.0,0.0,-0.4675681870272749,-0.04207348709966512,0.0,0.0,0.0,0.0,0.0,0.0,1.0,0
0.0,0.0,0.0,0.6417112299465241,0.0,1.0,1.0,1.0,1.0,0.0,0.0,1.0,0.0,0.5308274123309651,1.2296372086948002,0.0,-1.0,1.0,0.0,0.0,0.0,0.0,0
0.0,0.0,0.0,0.4919786096256685,0.0,0.0,0.0,0.0,0.0,0.0,0.0,0.0,-1.0,-0.9140499656199864,-0.10578601154517386,1.0,-1.0,0.0,1.0,0.0,0.0,1.0,0
1.0,0.0,0.0,-0.5775401069518716,0.0,0.0,0.0,1.0,0.0,0.0,0.0,0.0,0.0,0.07701123080449238,-0.3547002499882081,0.0,0.0,1.0,0.0,0.0,1.0,0.0,1
0.0,1.0,1.0,0.8556149732620321,0.0,0.0,0.0,1.0,0.0,1.0,1.0,0.0,0.0,0.3969745587898237,1.4784498554132062,2.0,0.0,1.0,0.0,0.0,0.0,1.0,0
0.0,1.0,0.0,0.1497326203208556,0.0,0.0,0.0,0.0,0.0,0.0,0.0,0.0,-1.0,-0.9259683703873482,-0.2091773610098218,1.0,0.0,0.0,1.0,0.0,0.0,1.0,0
0.0,0.0,1.0,-0.2994652406417112,0.0,0.0,0.0,0.0,0.0,0.0,0.0,0.0,-1.0,-0.027504011001604402,-0.11395688882599882,0.0,-1.0,1.0,0.0,0.0,0.0,0.0,1
0.0,0.0,0.0,-0.5561497326203209,0.0,0.0,0.0,0.0,0.0,0.0,1.0,1.0,-1.0,0.37038734815493934,-0.33372881540420807,0.0,0.0,1.0,0.0,0.0,0.0,1.0,0
0.0,0.0,0.0,-0.5989304812834224,0.0,0.0,0.0,0.0,0.0,0.0,0.0,0.0,-1.0,-0.45014898005959203,-0.3893720542935203,0.0,-1.0,0.0,0.0,0.0,0.0,1.0,1
0.0,0.0,0.0,0.3850267379679144,0.0,0.0,1.0,0.0,1.0,1.0,1.0,1.0,0.0,0.6087554435021775,0.970404153650227,1.0,-1.0,1.0,0.0,0.0,1.0,0.0,0
0.0,0.0,0.0,-0.47058823529411764,0.0,0.0,0.0,0.0,1.0,0.0,0.0,0.0,0.0,0.08067843227137302,-0.26032153780844886,0.0,0.0,1.0,0.0,0.0,1.0,0.0,0
0.0,0.0,0.0,-0.10695187165775401,0.0,1.0,1.0,0.0,0.0,0.0,0.0,0.0,0.0,-0.2722897089158836,0.0038169462253231493,0.0,0.0,0.0,0.0,0.0,0.0,0.0,1
0.0,1.0,1.0,-0.10695187165775401,0.0,0.0,1.0,0.0,0.0,1.0,0.0,0.0,-1.0,-0.2814577125830851,-0.019607202853276204,0.0,-1.0,0.0,0.0,0.0,1.0,0.0,0
1.0,0.0,0.0,-0.5775401069518716,0.0,0.0,0.0,0.0,0.0,0.0,0.0,1.0,0.0,0.16685766674306662,-0.3460939796018331,0.0,-1.0,1.0,0.0,0.0,1.0,0.0,1
0.0,0.0,0.0,0.23529411764705882,0.0,0.0,0.0,0.0,0.0,0.0,0.0,0.0,-1.0,-0.9232179692871878,-0.16909216909216912,2.0,-1.0,0.0,1.0,0.0,0.0,1.0,0
0.0,1.0,1.0,0.3422459893048128,0.0,0.0,1.0,0.0,0.0,1.0,0.0,0.0,-1.0,-0.29062571625028655,0.33853265266877824,2.0,0.0,0.0,0.0,0.0,0.0,0.0,0
0.0,1.0,0.0,-0.23529411764705882,0.0,1.0,0.0,1.0,0.0,0.0,0.0,0.0,-1.0,-0.2512033004813203,-0.0907794625072112,0.0,0.0,0.0,0.0,1.0,0.0,0.0,0
0.0,0.0,0.0,-0.4919786096256685,0.0,0.0,0.0,0.0,0.0,0.0,0.0,0.0,-1.0,-0.9232179692871878,-0.36483039624400887,0.0,0.0,0.0,1.0,0.0,0.0,0.0,0
0.0,1.0,1.0,-0.6203208556149733,0.0,0.0,0.0,0.0,0.0,0.0,0.0,0.0,0.0,-0.931469172587669,0.0,1.0,0.0,0.0,1.0,0.0,0.0,1.0,0
0.0,0.0,0.0,0.1497326203208556,0.0,1.0,0.0,1.0,1.0,0.0,1.0,1.0,0.0,0.6289250515700207,0.7253794269501075,1.0,-1.0,1.0,0.0,0.0,0.0,0.0,0
1.0,1.0,0.0,-0.0855614973262032,0.0,0.0,0.0,1.0,1.0,0.0,0.0,1.0,-1.0,0.3282145312858126,0.23329813905730137,0.0,-1.0,1.0,0.0,0.0,0.0,0.0,0
0.0,1.0,0.0,0.27807486631016043,0.0,1.0,0.0,0.0,1.0,1.0,1.0,1.0,0.0,0.6536786614714648,0.907156048517305,0.0,0.0,1.0,0.0,0.0,0.0,0.0,1
0.0,1.0,1.0,-0.1925133689839572,0.0,0.0,0.0,0.0,0.0,0.0,1.0,1.0,0.0,0.3612193444877379,0.11295548468323334,0.0,0.0,1.0,0.0,0.0,1.0,0.0,1
1.0,0.0,0.0,-0.5561497326203209,0.0,0.0,0.0,0.0,1.0,0.0,0.0,0.0,-1.0,0.08342883337153331,-0.3438154223494538,0.0,-1.0,1.0,0.0,0.0,0.0,1.0,0
0.0,1.0,1.0,-0.23529411764705882,0.0,1.0,0.0,0.0,0.0,0.0,0.0,0.0,0.0,-0.8407059362823747,-0.26589456955949103,2.0,-1.0,0.0,1.0,1.0,0.0,0.0,0
0.0,0.0,0.0,-0.5989304812834224,0.0,0.0,0.0,0.0,1.0,1.0,0.0,0.0,-1.0,-0.2832913133165254,-0.3867306694531826,0.0,0.0,0.0,0.0,0.0,0.0,1.0,0
0.0,0.0,0.0,0.25668449197860965,0.0,1.0,1.0,1.0,1.0,1.0,1.0,0.0,0.0,0.6600962640385056,0.8403086937118349,0.0,-1.0,1.0,0.0,0.0,1.0,0.0,0
0.0,0.0,0.0,-0.5989304812834224,0.0,1.0,0.0,0.0,0.0,0.0,0.0,0.0,0.0,0.07334402933761175,-0.3810850721845487,0.0,-1.0,1.0,0.0,0.0,1.0,0.0,1
0.0,1.0,1.0,0.23529411764705882,0.0,1.0,0.0,0.0,1.0,0.0,0.0,0.0,0.0,0.19619527847811147,0.5529202178416839,0.0,0.0,1.0,0.0,0.0,1.0,0.0,0
0.0,0.0,0.0,-0.5775401069518716,0.0,0.0,0.0,0.0,0.0,0.0,0.0,0.0,-1.0,-0.0027504011001605448,-0.3622906031282995,0.0,-1.0,1.0,0.0,0.0,1.0,0.0,0
0.0,1.0,1.0,0.0213903743315508,-1.0,0.0,0.0,0.0,0.0,1.0,1.0,1.0,-1.0,-0.3538849415539766,0.050534626450856795,0.0,-1.0,0.0,0.0,1.0,0.0,0.0,1
0.0,0.0,0.0,-0.5775401069518716,0.0,0.0,0.0,0.0,0.0,0.0,0.0,0.0,-1.0,-0.93696997478799,-0.3849890970309819,0.0,-1.0,0.0,1.0,0.0,0.0,1.0,0
0.0,0.0,0.0,-0.4919786096256685,0.0,0.0,0.0,0.0,0.0,0.0,0.0,0.0,-1.0,-0.9223011689204677,-0.3668186914260213,0.0,-1.0,0.0,1.0,0.0,0.0,1.0,0
0.0,1.0,1.0,-0.5989304812834224,0.0,0.0,0.0,0.0,1.0,0.0,0.0,0.0,-1.0,-0.3676369470547788,-0.3880658749768698,0.0,-1.0,0.0,0.0,0.0,0.0,1.0,1
1.0,1.0,0.0,0.7914438502673797,0.0,1.0,0.0,1.0,1.0,1.0,1.0,1.0,0.0,0.6894338757735503,1.6819380798438388,1.0,-1.0,1.0,0.0,1.0,0.0,0.0,0
0.0,1.0,1.0,-0.0427807486631016,0.0,1.0,0.0,0.0,0.0,0.0,0.0,0.0,-1.0,-0.843456337382535,-0.18154441191090406,2.0,-1.0,0.0,1.0,0.0,1.0,0.0,0
0.0,1.0,1.0,-0.23529411764705882,0.0,0.0,0.0,0.0,1.0,0.0,0.0,1.0,-1.0,-0.23928489571395825,-0.11510342400394759,0.0,0.0,0.0,0.0,0.0,1.0,0.0,1
1.0,1.0,0.0,0.8983957219251337,0.0,0.0,0.0,1.0,1.0,0.0,0.0,1.0,-1.0,0.34746733898693566,1.4651993919009627,2.0,-1.0,1.0,0.0,1.0,0.0,0.0,0
0.0,1.0,1.0,-0.12834224598930483,0.0,1.0,0.0,0.0,0.0,0.0,0.0,1.0,-1.0,0.27687371074948425,0.13961605584642234,0.0,-1.0,1.0,0.0,0.0,1.0,0.0,0
0.0,0.0,1.0,-0.42780748663101603,0.0,0.0,0.0,0.0,0.0,0.0,0.0,0.0,-1.0,-0.918633967453587,-0.34927234927234935,0.0,0.0,0.0,1.0,0.0,0.0,1.0,0
0.0,0.0,0.0,-0.40641711229946526,0.0,0.0,0.0,0.0,0.0,0.0,0.0,0.0,0.0,-0.9094659637863857,-0.3310148650462787,0.0,-1.0,0.0,1.0,0.0,0.0,1.0,0
0.0,1.0,1.0,0.9197860962566845,0.0,0.0,0.0,1.0,1.0,0.0,1.0,1.0,0.0,0.08984643593857448,1.1879991147006854,2.0,0.0,0.0,0.0,0.0,0.0,0.0,0
0.0,0.0,0.0,0.0427807486631016,0.0,1.0,1.0,0.0,1.0,1.0,0.0,0.0,-1.0,-0.0962640385056154,0.1761600505056002,0.0,-1.0,0.0,0.0,1.0,0.0,0.0,1
1.0,0.0,0.0,-0.32085561497326204,0.0,1.0,0.0,1.0,1.0,0.0,1.0,1.0,0.0,0.6298418519367407,0.04179773813281667,0.0,-1.0,1.0,0.0,0.0,1.0,0.0,1
1.0,1.0,0.0,0.8556149732620321,0.0,1.0,1.0,1.0,0.0,0.0,0.0,0.0,0.0,0.2640385056154024,1.2766451509907009,0.0,0.0,1.0,0.0,1.0,0.0,0.0,0
0.0,0.0,0.0,-0.5989304812834224,0.0,0.0,0.0,0.0,1.0,0.0,1.0,0.0,0.0,0.263121705248682,-0.3780808597562525,0.0,0.0,1.0,0.0,0.0,1.0,0.0,1
0.0,1.0,1.0,0.8983957219251337,0.0,1.0,0.0,0.0,0.0,0.0,0.0,0.0,-1.0,-0.8278707311482926,0.13356409167927488,2.0,0.0,0.0,1.0,1.0,0.0,0.0,0
0.0,1.0,1.0,-0.23529411764705882,0.0,0.0,0.0,0.0,0.0,0.0,1.0,0.0,-1.0,-0.26678890671556266,-0.08841382663372196,0.0,-1.0,0.0,0.0,0.0,0.0,1.0,0
0.0,1.0,0.0,0.6417112299465241,0.0,1.0,1.0,1.0,1.0,1.0,1.0,1.0,-1.0,0.793032317212927,1.5017724127671772,2.0,0.0,1.0,0.0,0.0,1.0,0.0,0
0.0,0.0,0.0,0.10695187165775401,0.0,0.0,1.0,1.0,0.0,0.0,0.0,0.0,-1.0,-0.2842081136832455,0.14447794552506596,1.0,-1.0,0.0,0.0,0.0,0.0,1.0,0
0.0,0.0,0.0,0.8342245989304813,0.0,1.0,1.0,1.0,1.0,0.0,0.0,1.0,0.0,0.11735044694017889,1.0552767830254741,1.0,0.0,0.0,0.0,1.0,0.0,0.0,0
0.0,1.0,1.0,-0.2994652406417112,0.0,0.0,0.0,0.0,0.0,0.0,0.0,0.0,-1.0,-0.9378867751547101,-0.3217700181050967,2.0,0.0,0.0,1.0,0.0,0.0,1.0,0
0.0,0.0,0.0,-0.5347593582887701,0.0,0.0,0.0,1.0,1.0,1.0,1.0,1.0,0.0,0.6445106578042633,-0.27386226339105924,1.0,-1.0,1.0,0.0,0.0,1.0,0.0,1
0.0,1.0,0.0,-0.44919786096256686,0.0,0.0,0.0,1.0,0.0,0.0,0.0,0.0,0.0,-0.38413935365574153,-0.2885059848410634,0.0,0.0,0.0,0.0,0.0,0.0,0.0,0
1.0,1.0,0.0,-0.5133689839572193,0.0,0.0,0.0,0.0,0.0,0.0,0.0,0.0,-1.0,-0.008251203300481373,-0.3148762939338856,0.0,-1.0,1.0,0.0,0.0,1.0,0.0,0
0.0,0.0,0.0,0.5347593582887701,0.0,1.0,0.0,0.0,1.0,0.0,0.0,1.0,-1.0,0.34655053862021556,1.010721555224173,0.0,0.0,1.0,0.0,1.0,0.0,0.0,0
0.0,0.0,0.0,-0.12834224598930483,0.0,1.0,0.0,0.0,0.0,1.0,1.0,0.0,0.0,0.3685537474214989,0.16132765870985766,0.0,0.0,1.0,0.0,0.0,1.0,0.0,1
1.0,1.0,0.0,0.1711229946524064,0.0,1.0,0.0,0.0,0.0,0.0,0.0,0.0,0.0,0.11001604400641761,0.42980556069561304,0.0,-1.0,1.0,0.0,0.0,1.0,0.0,1
0.0,0.0,0.0,-0.40641711229946526,0.0,0.0,1.0,1.0,1.0,1.0,1.0,1.0,0.0,0.7261058904423562,-0.09987917841320987,0.0,0.0,1.0,0.0,0.0,1.0,0.0,1
1.0,1.0,0.0,-0.25668449197860965,0.0,0.0,0.0,1.0,0.0,0.0,0.0,0.0,0.0,0.10909924363969752,-0.044700358836484495,0.0,0.0,1.0,0.0,0.0,1.0,0.0,1
0.0,1.0,0.0,-0.5561497326203209,0.0,0.0,0.0,0.0,1.0,1.0,0.0,0.0,0.0,-0.2695393078157232,-0.35784959345168776,0.0,0.0,0.0,0.0,0.0,0.0,1.0,0
0.0,1.0,1.0,0.9197860962566845,0.0,1.0,1.0,1.0,1.0,1.0,0.0,1.0,-1.0,0.1925280770112308,1.2662973081821252,2.0,0.0,0.0,0.0,1.0,0.0,0.0,0
0.0,1.0,0.0,-0.2994652406417112,0.0,0.0,0.0,0.0,0.0,0.0,0.0,0.0,-1.0,-0.9479715791886318,-0.3170967987721915,1.0,0.0,0.0,1.0,0.0,0.0,1.0,0
0.0,1.0,1.0,0.5347593582887701,0.0,1.0,0.0,0.0,0.0,0.0,0.0,0.0,0.0,-0.8517075406830165,-0.04542601401240145,2.0,0.0,0.0,1.0,0.0,0.0,0.0,0
0.0,1.0,0.0,0.9197860962566845,0.0,1.0,1.0,1.0,1.0,0.0,1.0,1.0,0.0,0.7380242952097181,1.847314894435313,2.0,-1.0,1.0,0.0,0.0,1.0,0.0,0
1.0,1.0,0.0,0.6203208556149733,0.0,1.0,0.0,1.0,0.0,0.0,1.0,1.0,0.0,0.5005730002292,1.181772993291318,1.0,-1.0,1.0,0.0,0.0,0.0,0.0,0
0.0,1.0,1.0,0.0,0.0,0.0,0.0,0.0,0.0,0.0,0.0,0.0,-1.0,-0.9259683703873482,-0.2459535653252931,1.0,-1.0,0.0,1.0,0.0,1.0,0.0,0
1.0,0.0,0.0,-0.5775401069518716,0.0,1.0,0.0,1.0,0.0,0.0,0.0,1.0,-1.0,0.34838413935365575,-0.35583227206263857,0.0,-1.0,1.0,0.0,0.0,1.0,0.0,1
0.0,0.0,0.0,-0.5561497326203209,-1.0,0.0,0.0,0.0,0.0,0.0,1.0,0.0,-1.0,-0.6472610589044235,-0.371085543860413,0.0,-1.0,0.0,0.0,1.0,0.0,0.0,1
1.0,1.0,0.0,-0.0855614973262032,0.0,1.0,1.0,0.0,0.0,0.0,0.0,1.0,0.0,0.3401329360531744,0.22932154869327637,1.0,0.0,1.0,0.0,0.0,1.0,0.0,1
0.0,1.0,1.0,0.5133689839572193,0.0,0.0,0.0,0.0,1.0,0.0,0.0,1.0,-1.0,-0.18152647261058905,0.5542844495724076,1.0,-1.0,0.0,0.0,1.0,0.0,0.0,0
1.0,1.0,0.0,0.10695187165775401,0.0,1.0,0.0,0.0,0.0,0.0,0.0,0.0,0.0,0.09259683703873477,0.30129202904072017,0.0,0.0,1.0,0.0,0.0,1.0,0.0,0
0.0,1.0,0.0,0.6631016042780749,0.0,0.0,0.0,1.0,0.0,0.0,1.0,1.0,0.0,0.43823057529223025,1.2257331838483672,1.0,0.0,1.0,0.0,0.0,1.0,0.0,1
0.0,1.0,1.0,0.5989304812834224,0.0,0.0,1.0,0.0,0.0,0.0,1.0,1.0,0.0,-0.007334402933761279,0.7331729635394557,1.0,-1.0,0.0,0.0,0.0,0.0,0.0,1
0.0,1.0,1.0,-0.4919786096256685,0.0,0.0,0.0,0.0,0.0,0.0,0.0,0.0,-1.0,-0.931469172587669,-0.37529434388073135,1.0,-1.0,0.0,1.0,0.0,0.0,1.0,0
0.0,1.0,0.0,-0.5989304812834224,-1.0,0.0,0.0,0.0,0.0,0.0,0.0,0.0,0.0,-0.8379555351822142,-0.3955110970817778,0.0,-1.0,0.0,0.0,0.0,1.0,0.0,1
0.0,0.0,0.0,-0.47058823529411764,0.0,0.0,0.0,0.0,0.0,0.0,1.0,1.0,0.0,-0.06692642677057081,-0.26974054199185094,0.0,-1.0,0.0,0.0,0.0,1.0,0.0,0
0.0,1.0,0.0,-0.1925133689839572,0.0,0.0,1.0,1.0,0.0,1.0,1.0,0.0,0.0,0.4776529910611964,0.14926726968611786,0.0,-1.0,1.0,0.0,0.0,1.0,0.0,0
0.0,0.0,0.0,-0.40641711229946526,0.0,0.0,0.0,0.0,0.0,0.0,0.0,0.0,0.0,-0.009168003667201469,-0.18791566435545495,0.0,0.0,1.0,0.0,0.0,1.0,0.0,1
0.0,0.0,0.0,-0.4919786096256685,0.0,0.0,0.0,1.0,0.0,0.0,0.0,1.0,0.0,0.25487050194820093,-0.24122229357831454,0.0,0.0,1.0,0.0,0.0,1.0,0.0,1
0.0,1.0,1.0,-0.1497326203208556,0.0,0.0,0.0,0.0,0.0,0.0,0.0,1.0,0.0,0.17694247077698844,0.11704817987540501,0.0,-1.0,1.0,0.0,0.0,1.0,0.0,0
0.0,0.0,0.0,-0.06417112299465241,0.0,1.0,0.0,0.0,1.0,0.0,1.0,1.0,0.0,0.5106578042631217,0.3273865891666939,0.0,0.0,1.0,0.0,0.0,1.0,0.0,1
0.0,0.0,1.0,0.12834224598930483,0.0,0.0,1.0,1.0,0.0,0.0,0.0,0.0,-1.0,-0.2732065092826037,0.18258935536422446,1.0,-1.0,0.0,0.0,1.0,0.0,0.0,0
1.0,0.0,0.0,-0.25668449197860965,0.0,0.0,0.0,0.0,0.0,0.0,0.0,0.0,0.0,-0.4666513866605548,-0.1790336450022314,0.0,0.0,0.0,0.0,0.0,1.0,0.0,1
0.0,1.0,0.0,0.6203208556149733,-1.0,0.0,0.0,0.0,0.0,0.0,1.0,1.0,0.0,-0.4675681870272749,0.3779067025140323,1.0,0.0,0.0,0.0,1.0,0.0,0.0,0
1.0,1.0,0.0,-0.3422459893048128,-1.0,0.0,0.0,0.0,0.0,0.0,1.0,1.0,-1.0,-0.46206738482695403,-0.24932060534154776,0.0,-1.0,0.0,0.0,0.0,1.0,0.0,0
0.0,0.0,1.0,0.21390374331550802,0.0,1.0,0.0,0.0,0.0,1.0,1.0,1.0,-1.0,0.5509970203988082,0.7279627593763719,2.0,0.0,1.0,0.0,0.0,0.0,1.0,0
0.0,1.0,1.0,0.7914438502673797,0.0,1.0,1.0,1.0,1.0,0.0,0.0,0.0,0.0,-0.0559248223699289,0.9059804871323195,0.0,-1.0,0.0,0.0,0.0,0.0,0.0,0
1.0,0.0,0.0,0.36363636363636365,0.0,0.0,0.0,1.0,1.0,0.0,1.0,0.0,0.0,0.38138895255558103,0.7950132976310987,1.0,-1.0,1.0,0.0,0.0,0.0,0.0,0
0.0,0.0,0.0,-0.5775401069518716,-1.0,0.0,0.0,0.0,0.0,0.0,0.0,0.0,0.0,-0.8361219344487739,-0.3882835715296449,0.0,0.0,0.0,0.0,1.0,0.0,0.0,0
1.0,1.0,0.0,-0.47058823529411764,0.0,1.0,0.0,0.0,1.0,0.0,1.0,1.0,0.0,0.5766674306669723,-0.1992794244103145,0.0,0.0,1.0,0.0,0.0,1.0,0.0,1
0.0,1.0,0.0,0.6844919786096256,0.0,1.0,0.0,1.0,1.0,0.0,1.0,1.0,0.0,0.17052486820994725,1.0238704270117884,1.0,0.0,0.0,0.0,0.0,1.0,0.0,0
0.0,0.0,0.0,-0.36363636363636365,0.0,1.0,1.0,1.0,0.0,1.0,0.0,0.0,0.0,-0.05959202383680954,-0.16112447526060095,0.0,0.0,0.0,0.0,0.0,1.0,0.0,0
0.0,1.0,0.0,-0.40641711229946526,0.0,1.0,0.0,0.0,0.0,0.0,1.0,0.0,0.0,0.27687371074948425,-0.1664798104588681,0.0,0.0,1.0,0.0,0.0,1.0,0.0,1
0.0,0.0,0.0,-0.36363636363636365,0.0,0.0,0.0,0.0,0.0,0.0,0.0,1.0,0.0,0.17327526931010778,-0.09985015220617315,0.0,0.0,1.0,0.0,0.0,0.0,0.0,0
0.0,0.0,0.0,0.32085561497326204,0.0,1.0,1.0,1.0,1.0,0.0,1.0,1.0,0.0,0.7517763007105204,1.0239720187364165,0.0,0.0,1.0,0.0,0.0,1.0,0.0,0
1.0,1.0,0.0,-0.0427807486631016,0.0,1.0,0.0,0.0,0.0,0.0,0.0,0.0,0.0,0.09168003667201467,0.14703225174429363,0.0,0.0,1.0,0.0,0.0,1.0,0.0,1
0.0,0.0,0.0,-0.36363636363636365,-1.0,0.0,1.0,0.0,1.0,1.0,0.0,1.0,-1.0,-0.3786385514554206,-0.24245590737737338,2.0,-1.0,0.0,0.0,0.0,0.0,1.0,0
0.0,0.0,0.0,-0.5561497326203209,0.0,1.0,0.0,0.0,0.0,0.0,0.0,0.0,-1.0,0.0825120330048132,-0.3420157975131798,0.0,0.0,1.0,0.0,0.0,0.0,1.0,1
0.0,1.0,1.0,0.0855614973262032,0.0,0.0,0.0,1.0,1.0,1.0,1.0,1.0,-1.0,0.21269768507907394,0.35287159894489734,2.0,0.0,0.0,0.0,1.0,0.0,0.0,0
0.0,0.0,0.0,0.0427807486631016,0.0,0.0,0.0,0.0,1.0,1.0,0.0,0.0,0.0,-0.27962411184964475,0.09527852459789633,0.0,0.0,0.0,0.0,0.0,1.0,0.0,1
1.0,1.0,0.0,0.23529411764705882,0.0,0.0,1.0,1.0,1.0,1.0,1.0,0.0,0.0,0.5069906027962413,0.792241294859096,1.0,0.0,1.0,0.0,1.0,0.0,0.0,0
0.0,1.0,0.0,0.6417112299465241,0.0,1.0,0.0,0.0,0.0,0.0,0.0,1.0,-1.0,0.27595691038276415,1.073171439663586,1.0,0.0,1.0,0.0,0.0,1.0,0.0,1
0.0,1.0,1.0,0.3850267379679144,0.0,0.0,1.0,1.0,1.0,0.0,0.0,1.0,0.0,0.46940178776071506,0.8719617724853327,1.0,0.0,1.0,0.0,0.0,1.0,0.0,0
0.0,1.0,0.0,0.47058823529411764,0.0,0.0,0.0,0.0,0.0,0.0,0.0,0.0,-1.0,-0.02475360990144386,0.6566308555837351,0.0,-1.0,1.0,0.0,0.0,0.0,1.0,0
0.0,1.0,1.0,-0.3422459893048128,0.0,0.0,0.0,0.0,0.0,0.0,0.0,0.0,-1.0,-0.9259683703873482,-0.33927282094821365,1.0,0.0,0.0,1.0,0.0,0.0,1.0,0
0.0,0.0,0.0,0.06417112299465241,0.0,1.0,0.0,0.0,0.0,0.0,0.0,1.0,0.0,0.27779051111620456,0.3706356376513445,0.0,0.0,1.0,0.0,0.0,0.0,0.0,0
0.0,0.0,0.0,-0.40641711229946526,0.0,1.0,0.0,0.0,0.0,0.0,1.0,1.0,0.0,0.03025441210176495,-0.17216894703805702,0.0,0.0,0.0,0.0,1.0,0.0,0.0,1
0.0,1.0,1.0,0.6844919786096256,0.0,1.0,1.0,1.0,0.0,0.0,1.0,1.0,0.0,0.6509282603713042,1.4978393617137071,1.0,0.0,1.0,0.0,0.0,1.0,0.0,1
1.0,0.0,0.0,-0.5989304812834224,0.0,1.0,0.0,0.0,0.0,0.0,0.0,0.0,-1.0,-0.3658033463213386,-0.38803684876983313,0.0,-1.0,0.0,0.0,0.0,0.0,1.0,1
0.0,1.0,1.0,0.9197860962566845,0.0,1.0,1.0,1.0,1.0,1.0,1.0,1.0,0.0,0.7985331194132478,2.055287667853113,2.0,0.0,1.0,0.0,1.0,0.0,0.0,0
0.0,0.0,0.0,-0.5989304812834224,0.0,1.0,0.0,0.0,0.0,0.0,1.0,0.0,0.0,-0.19527847811139123,-0.38533741151542206,0.0,0.0,0.0,0.0,0.0,1.0,0.0,1
0.0,1.0,0.0,0.6631016042780749,0.0,1.0,0.0,1.0,1.0,0.0,1.0,1.0,0.0,0.6536786614714648,1.45823310221216,0.0,-1.0,1.0,0.0,0.0,1.0,0.0,0
0.0,1.0,1.0,0.5561497326203209,0.0,0.0,0.0,0.0,0.0,0.0,0.0,0.0,-1.0,-0.9378867751547101,-0.06796486377638213,2.0,0.0,0.0,1.0,0.0,0.0,0.0,0
1.0,1.0,0.0,0.10695187165775401,0.0,0.0,0.0,0.0,1.0,1.0,1.0,0.0,-1.0,-0.11551684620673844,0.20866940238667991,1.0,-1.0,0.0,0.0,0.0,0.0,0.0,0
0.0,0.0,0.0,-0.5989304812834224,0.0,0.0,0.0,0.0,0.0,0.0,0.0,0.0,0.0,-0.011001604400641657,-0.38242027770823583,0.0,0.0,1.0,0.0,0.0,1.0,0.0,0
0.0,0.0,1.0,-0.0855614973262032,0.0,0.0,0.0,1.0,0.0,0.0,1.0,1.0,0.0,0.4657345862938347,0.3080696483837845,0.0,0.0,1.0,0.0,0.0,1.0,0.0,1
0.0,1.0,1.0,0.4919786096256685,0.0,0.0,1.0,0.0,1.0,1.0,0.0,0.0,0.0,0.24845289938115972,0.8531963296361202,0.0,-1.0,1.0,0.0,0.0,0.0,0.0,0
0.0,1.0,1.0,0.6844919786096256,0.0,1.0,0.0,0.0,1.0,0.0,1.0,1.0,0.0,0.5390786156314464,1.4089175764568438,1.0,0.0,1.0,0.0,0.0,1.0,0.0,0
1.0,0.0,0.0,-0.47058823529411764,0.0,0.0,0.0,1.0,0.0,0.0,0.0,0.0,0.0,-0.3520513408205364,-0.2809881972185637,0.0,-1.0,0.0,0.0,0.0,0.0,1.0,0
0.0,0.0,0.0,-0.2994652406417112,0.0,0.0,1.0,0.0,0.0,0.0,1.0,0.0,-1.0,0.28787531515012615,-0.034018714646986914,0.0,-1.0,1.0,0.0,0.0,1.0,0.0,1
1.0,1.0,1.0,0.8342245989304813,0.0,1.0,0.0,1.0,1.0,0.0,0.0,0.0,0.0,0.2594545037818016,1.2470239067097708,0.0,0.0,1.0,0.0,0.0,1.0,0.0,0
0.0,1.0,0.0,-0.5775401069518716,-1.0,0.0,0.0,0.0,0.0,0.0,0.0,1.0,0.0,-0.649094659637864,-0.38275407908915765,0.0,-1.0,0.0,0.0,0.0,1.0,0.0,1
0.0,0.0,0.0,0.44919786096256686,-1.0,0.0,1.0,1.0,0.0,0.0,0.0,0.0,0.0,-0.6509282603713042,0.11465351779487905,0.0,0.0,0.0,0.0,0.0,0.0,1.0,0
0.0,0.0,0.0,-0.5347593582887701,0.0,0.0,0.0,0.0,0.0,1.0,0.0,0.0,0.0,-0.3612193444877379,-0.34398957959167387,0.0,0.0,0.0,0.0,0.0,0.0,1.0,0
1.0,1.0,0.0,-0.5989304812834224,-1.0,0.0,0.0,0.0,0.0,0.0,0.0,0.0,-1.0,-0.8333715333486135,-0.39543853156418607,0.0,0.0,0.0,0.0,0.0,1.0,0.0,1
0.0,0.0,0.0,-0.5989304812834224,0.0,0.0,0.0,0.0,0.0,0.0,0.0,0.0,-1.0,-0.9388035755214303,-0.39710753846879504,0.0,-1.0,0.0,1.0,0.0,1.0,0.0,1
0.0,0.0,0.0,-0.5989304812834224,0.0,0.0,0.0,0.0,0.0,0.0,0.0,0.0,-1.0,-0.930552372220949,-0.39697692053713,0.0,0.0,0.0,1.0,0.0,0.0,1.0,0
0.0,1.0,1.0,-0.5133689839572193,0.0,0.0,1.0,0.0,1.0,0.0,0.0,1.0,0.0,0.3639697455878982,-0.276590726852507,0.0,0.0,1.0,0.0,0.0,0.0,1.0,0
0.0,1.0,1.0,-0.5989304812834224,0.0,0.0,1.0,0.0,0.0,0.0,0.0,0.0,0.0,-0.39880815952326387,-0.38855932049649333,0.0,0.0,0.0,0.0,0.0,0.0,1.0,0
0.0,0.0,0.0,-0.5989304812834224,-1.0,0.0,0.0,0.0,0.0,0.0,0.0,1.0,0.0,-0.6408434563373826,-0.3923907798253348,0.0,0.0,0.0,0.0,0.0,1.0,0.0,1
0.0,1.0,1.0,0.8770053475935828,0.0,0.0,0.0,0.0,0.0,0.0,0.0,0.0,-1.0,-0.9250515700206282,-0.007880615210458169,2.0,0.0,0.0,1.0,1.0,0.0,0.0,0
0.0,0.0,1.0,0.0855614973262032,0.0,0.0,0.0,0.0,0.0,0.0,0.0,0.0,0.0,-0.9232179692871878,-0.20470732512617335,1.0,0.0,0.0,1.0,0.0,0.0,1.0,0
0.0,0.0,0.0,-0.21390374331550802,0.0,1.0,0.0,0.0,0.0,0.0,1.0,1.0,-1.0,-0.016502406600962746,0.0020753738031224545,0.0,0.0,0.0,0.0,0.0,0.0,1.0,0
0.0,1.0,0.0,0.23529411764705882,0.0,1.0,0.0,0.0,0.0,1.0,0.0,0.0,0.0,0.1531056612422644,0.5048963582994996,0.0,-1.0,1.0,0.0,1.0,0.0,0.0,0
0.0,0.0,0.0,-0.5989304812834224,0.0,0.0,0.0,0.0,0.0,0.0,0.0,0.0,-1.0,-0.9323859729543893,-0.39700594674416667,0.0,0.0,0.0,1.0,0.0,0.0,0.0,0
0.0,1.0,1.0,0.6203208556149733,0.0,0.0,0.0,0.0,0.0,0.0,0.0,0.0,0.0,-0.48407059362823746,0.2977072924716904,1.0,-1.0,0.0,0.0,0.0,0.0,1.0,0
1.0,0.0,0.0,0.0213903743315508,0.0,1.0,1.0,0.0,0.0,0.0,0.0,1.0,0.0,0.3667201466880587,0.3507671989347382,0.0,0.0,1.0,0.0,1.0,0.0,0.0,0
0.0,0.0,0.0,0.8128342245989305,0.0,0.0,1.0,0.0,1.0,1.0,0.0,1.0,0.0,0.03392161356864533,1.0461335278089205,1.0,-1.0,0.0,0.0,0.0,0.0,0.0,0
1.0,1.0,0.0,-0.47058823529411764,0.0,1.0,0.0,0.0,0.0,0.0,0.0,0.0,0.0,0.07151042860417155,-0.24948024948024952,0.0,0.0,1.0,0.0,0.0,0.0,1.0,1
1.0,1.0,1.0,-0.1925133689839572,0.0,0.0,1.0,0.0,1.0,1.0,0.0,1.0,-1.0,0.43639697455878984,0.1250739261210465,1.0,0.0,1.0,0.0,1.0,0.0,0.0,0
0.0,1.0,0.0,0.5775401069518716,0.0,1.0,0.0,1.0,1.0,0.0,0.0,0.0,-1.0,-0.20169608067843228,0.5810611255637433,2.0,0.0,0.0,0.0,1.0,0.0,0.0,0
0.0,0.0,0.0,-0.5989304812834224,0.0,0.0,0.0,0.0,0.0,0.0,0.0,0.0,0.0,-0.025670410268164214,-0.38265248736452934,0.0,0.0,1.0,0.0,0.0,1.0,0.0,1
0.0,1.0,1.0,0.7272727272727273,-1.0,0.0,0.0,1.0,1.0,1.0,0.0,0.0,-1.0,-0.5711666284666514,0.2924825752050883,2.0,0.0,0.0,0.0,0.0,0.0,0.0,0
0.0,0.0,0.0,-0.47058823529411764,0.0,1.0,0.0,0.0,0.0,0.0,0.0,0.0,-1.0,0.09076323630529458,-0.2631661060980433,0.0,-1.0,1.0,0.0,0.0,0.0,1.0,1
0.0,0.0,1.0,-0.5133689839572193,0.0,0.0,0.0,0.0,0.0,0.0,0.0,0.0,-1.0,-0.9177171670868669,-0.3716805811046649,2.0,0.0,0.0,1.0,0.0,0.0,1.0,0
0.0,0.0,0.0,-0.47058823529411764,0.0,0.0,0.0,1.0,0.0,0.0,1.0,1.0,0.0,0.4318129727251891,-0.21884308795303561,1.0,-1.0,1.0,0.0,0.0,0.0,1.0,0
0.0,1.0,1.0,-0.5133689839572193,0.0,1.0,1.0,0.0,1.0,0.0,0.0,0.0,0.0,0.2567041026816411,-0.27100318199794643,0.0,0.0,1.0,0.0,0.0,1.0,0.0,1
0.0,1.0,1.0,0.8770053475935828,0.0,1.0,0.0,1.0,1.0,1.0,1.0,1.0,0.0,0.7279394911757966,1.8293476722796094,2.0,-1.0,1.0,0.0,0.0,1.0,0.0,0
0.0,1.0,1.0,0.8128342245989305,0.0,1.0,1.0,1.0,1.0,1.0,0.0,0.0,0.0,-0.02108640843456348,0.9479523825073564,1.0,0.0,0.0,0.0,1.0,0.0,0.0,0
0.0,1.0,0.0,0.6844919786096256,0.0,1.0,0.0,1.0,0.0,0.0,1.0,1.0,0.0,0.5601650240660097,1.3305177912507757,2.0,-1.0,1.0,0.0,0.0,0.0,0.0,0
0.0,0.0,0.0,-0.1497326203208556,0.0,1.0,0.0,1.0,0.0,0.0,1.0,1.0,0.0,0.5528306211322486,0.298549052475754,0.0,0.0,1.0,0.0,0.0,1.0,0.0,0
1.0,0.0,0.0,-0.44919786096256686,0.0,0.0,0.0,1.0,0.0,0.0,1.0,0.0,0.0,0.3043777217510886,-0.19557858301313802,0.0,-1.0,1.0,0.0,0.0,1.0,0.0,0
0.0,0.0,0.0,-0.5775401069518716,0.0,0.0,0.0,0.0,0.0,0.0,0.0,0.0,-1.0,-0.4611505844602338,-0.37673114112904693,0.0,0.0,0.0,0.0,0.0,1.0,0.0,1
0.0,1.0,1.0,0.9197860962566845,0.0,1.0,1.0,1.0,1.0,1.0,1.0,0.0,-1.0,0.2163648865459546,1.285207882066521,2.0,0.0,0.0,0.0,0.0,0.0,0.0,0
0.0,1.0,0.0,0.9197860962566845,0.0,1.0,0.0,0.0,0.0,0.0,0.0,0.0,0.0,-0.8159523263809306,0.11279584054453162,2.0,-1.0,0.0,1.0,0.0,0.0,1.0,0
0.0,1.0,0.0,0.0,0.0,0.0,0.0,0.0,0.0,0.0,0.0,0.0,0.0,-0.9342195736878296,-0.2512508481094869,2.0,-1.0,0.0,1.0,0.0,0.0,1.0,0
0.0,1.0,0.0,-0.1711229946524064,-1.0,0.0,1.0,0.0,0.0,0.0,0.0,0.0,-1.0,-0.7701123080449233,-0.22003316244153942,0.0,-1.0,0.0,0.0,0.0,1.0,0.0,0
1.0,0.0,0.0,0.32085561497326204,0.0,0.0,0.0,0.0,1.0,1.0,1.0,1.0,-1.0,0.07976163190465267,0.5458813626352894,1.0,-1.0,0.0,0.0,0.0,0.0,0.0,0
0.0,1.0,1.0,0.9197860962566845,0.0,1.0,1.0,1.0,1.0,1.0,0.0,1.0,0.0,0.6307586523034611,1.841785401994826,2.0,0.0,1.0,0.0,1.0,0.0,0.0,0
0.0,1.0,0.0,0.6631016042780749,0.0,0.0,1.0,1.0,0.0,1.0,0.0,0.0,-1.0,-0.19527847811139123,0.6084038125922943,2.0,-1.0,0.0,0.0,0.0,0.0,0.0,0
0.0,0.0,1.0,-0.5133689839572193,0.0,0.0,0.0,0.0,0.0,1.0,0.0,0.0,0.0,-0.35755214302085725,-0.31946243464568075,0.0,-1.0,0.0,0.0,0.0,0.0,1.0,0
0.0,1.0,1.0,0.8128342245989305,0.0,1.0,1.0,0.0,0.0,0.0,1.0,1.0,0.0,0.09168003667201467,1.1152013874526963,2.0,-1.0,0.0,0.0,0.0,1.0,0.0,0
0.0,0.0,0.0,-0.5775401069518716,0.0,0.0,0.0,0.0,0.0,0.0,0.0,0.0,0.0,-0.0036672014668806393,-0.3609118582940573,0.0,0.0,1.0,0.0,0.0,1.0,0.0,0
0.0,0.0,0.0,0.7272727272727273,0.0,1.0,1.0,1.0,1.0,0.0,1.0,1.0,-1.0,0.6921842768737109,1.5652962668669477,0.0,-1.0,1.0,0.0,1.0,0.0,0.0,0
0.0,0.0,0.0,-0.5133689839572193,0.0,0.0,0.0,0.0,0.0,0.0,0.0,1.0,-1.0,0.15127206050882422,-0.2789563627259963,0.0,0.0,1.0,0.0,0.0,0.0,1.0,0
1.0,0.0,0.0,0.1711229946524064,0.0,1.0,1.0,1.0,0.0,0.0,1.0,1.0,0.0,0.6646802658721064,0.7748110575335706,0.0,-1.0,1.0,0.0,0.0,0.0,0.0,1
0.0,1.0,1.0,0.8983957219251337,0.0,0.0,0.0,0.0,0.0,0.0,0.0,0.0,-1.0,-0.931469172587669,-0.025049616672653374,2.0,0.0,0.0,1.0,1.0,0.0,0.0,0
1.0,1.0,0.0,0.6631016042780749,0.0,1.0,0.0,0.0,0.0,1.0,1.0,1.0,0.0,0.5225762090304836,1.344058516833386,0.0,0.0,1.0,0.0,0.0,1.0,0.0,0
0.0,1.0,0.0,-0.1497326203208556,0.0,1.0,1.0,0.0,0.0,1.0,1.0,0.0,-1.0,0.4657345862938347,0.24601161773936636,0.0,0.0,1.0,0.0,1.0,0.0,0.0,0
1.0,1.0,0.0,0.5989304812834224,0.0,1.0,0.0,1.0,1.0,0.0,0.0,1.0,0.0,0.4538161815264727,1.1725571725571726,0.0,0.0,1.0,0.0,0.0,0.0,0.0,1
0.0,1.0,0.0,0.4919786096256685,0.0,1.0,1.0,1.0,1.0,1.0,0.0,1.0,0.0,0.1998624799449921,0.8612220758817617,1.0,0.0,0.0,0.0,1.0,0.0,0.0,0
0.0,1.0,0.0,-0.5775401069518716,0.0,0.0,0.0,0.0,0.0,0.0,0.0,0.0,-1.0,-0.924134769653908,-0.39018478809054724,0.0,-1.0,0.0,1.0,0.0,0.0,0.0,0
0.0,0.0,0.0,0.3422459893048128,0.0,0.0,1.0,0.0,1.0,1.0,1.0,1.0,-1.0,0.20444648177859284,0.6476617576094015,2.0,-1.0,0.0,0.0,0.0,0.0,0.0,0
0.0,1.0,0.0,-0.5989304812834224,0.0,0.0,1.0,0.0,0.0,0.0,1.0,1.0,0.0,0.44923217969287194,-0.3751346997420296,0.0,0.0,1.0,0.0,0.0,1.0,0.0,1
0.0,0.0,0.0,-0.12834224598930483,0.0,1.0,0.0,0.0,0.0,0.0,0.0,0.0,0.0,0.08159523263809311,0.09376916183198905,0.0,0.0,1.0,0.0,0.0,1.0,0.0,1
1.0,1.0,0.0,0.40641711229946526,0.0,1.0,0.0,0.0,1.0,0.0,0.0,1.0,0.0,0.3768049507219803,0.8659533476287403,0.0,0.0,1.0,0.0,1.0,0.0,0.0,0
0.0,0.0,1.0,0.42780748663101603,0.0,0.0,0.0,0.0,0.0,0.0,0.0,0.0,-1.0,-0.9360531744212698,-0.13529115099795733,1.0,-1.0,0.0,1.0,1.0,0.0,0.0,0
0.0,1.0,1.0,0.7272727272727273,0.0,0.0,1.0,1.0,1.0,1.0,1.0,0.0,-1.0,0.09259683703873477,0.9638006915493827,2.0,-1.0,0.0,0.0,1.0,0.0,0.0,0
0.0,1.0,1.0,0.8770053475935828,0.0,1.0,0.0,1.0,1.0,1.0,1.0,1.0,0.0,0.2493696997478798,1.3329705057453747,2.0,0.0,0.0,0.0,0.0,1.0,0.0,0
0.0,0.0,0.0,0.12834224598930483,0.0,1.0,0.0,0.0,0.0,0.0,1.0,0.0,-1.0,0.23195049278019725,0.4240873979093874,0.0,0.0,1.0,0.0,0.0,1.0,0.0,0
1.0,1.0,0.0,0.1925133689839572,0.0,1.0,0.0,1.0,1.0,0.0,1.0,1.0,0.0,0.5885858354343342,0.76100909608763,0.0,0.0,1.0,0.0,0.0,1.0,0.0,0
0.0,1.0,1.0,0.36363636363636365,-1.0,0.0,1.0,1.0,0.0,0.0,0.0,0.0,-1.0,-0.6500114600045841,0.06758752308490526,0.0,-1.0,0.0,0.0,0.0,0.0,0.0,0
0.0,0.0,0.0,0.6631016042780749,0.0,0.0,1.0,0.0,1.0,1.0,1.0,1.0,-1.0,0.15585606234242497,0.9908676296110852,1.0,0.0,0.0,0.0,0.0,0.0,1.0,0
1.0,0.0,0.0,-0.21390374331550802,0.0,1.0,0.0,0.0,1.0,0.0,0.0,0.0,0.0,0.17144166857666734,0.02448360563543807,0.0,0.0,1.0,0.0,0.0,1.0,0.0,1
1.0,0.0,0.0,-0.1925133689839572,0.0,1.0,0.0,1.0,1.0,0.0,0.0,1.0,0.0,0.4327297730919092,0.11465351779487905,0.0,-1.0,1.0,0.0,0.0,1.0,0.0,1
0.0,1.0,1.0,0.8983957219251337,0.0,1.0,1.0,1.0,1.0,1.0,1.0,1.0,0.0,0.3676369470547788,1.4082499736949998,2.0,-1.0,0.0,0.0,1.0,0.0,0.0,0
0.0,0.0,0.0,-0.10695187165775401,0.0,0.0,0.0,0.0,0.0,0.0,0.0,0.0,0.0,-0.9342195736878296,-0.26622837094041285,2.0,-1.0,0.0,1.0,0.0,0.0,0.0,0
0.0,1.0,0.0,0.2994652406417112,0.0,0.0,0.0,0.0,0.0,0.0,1.0,0.0,0.0,-0.2594545037818015,0.29135055313065783,1.0,0.0,0.0,0.0,0.0,0.0,1.0,0
1.0,0.0,0.0,-0.5775401069518716,0.0,0.0,0.0,0.0,0.0,0.0,0.0,0.0,-1.0,0.004584001833600734,-0.3577625148305777,0.0,-1.0,1.0,0.0,0.0,1.0,0.0,1
0.0,0.0,0.0,0.8983957219251337,0.0,1.0,0.0,1.0,0.0,0.0,0.0,0.0,0.0,0.15677286270914506,1.2089705492846856,1.0,0.0,1.0,0.0,1.0,0.0,0.0,0
0.0,0.0,0.0,-0.1925133689839572,0.0,0.0,0.0,0.0,0.0,0.0,0.0,0.0,0.0,-0.9333027733211094,-0.2993327600657444,0.0,0.0,0.0,1.0,1.0,0.0,0.0,0
1.0,1.0,0.0,0.36363636363636365,0.0,1.0,0.0,0.0,1.0,0.0,1.0,1.0,0.0,0.5198258079303231,0.922307728590451,0.0,0.0,1.0,0.0,0.0,1.0,0.0,0
0.0,1.0,1.0,0.4919786096256685,0.0,1.0,0.0,1.0,1.0,0.0,1.0,0.0,0.0,0.46206738482695403,1.0416780050287902,1.0,-1.0,1.0,0.0,1.0,0.0,0.0,0
0.0,0.0,0.0,-0.5989304812834224,0.0,0.0,1.0,0.0,0.0,1.0,0.0,0.0,0.0,-0.30346092138436853,-0.38704995773058604,0.0,0.0,0.0,0.0,0.0,1.0,0.0,1
0.0,1.0,1.0,0.6631016042780749,0.0,1.0,1.0,0.0,1.0,1.0,1.0,1.0,0.0,0.7352738941095576,1.509203121768567,2.0,0.0,1.0,0.0,0.0,1.0,0.0,0
0.0,0.0,1.0,-0.6203208556149733,0.0,0.0,0.0,0.0,0.0,0.0,0.0,0.0,-1.0,-0.9213843685537475,0.0,2.0,0.0,0.0,1.0,0.0,0.0,1.0,0
0.0,1.0,1.0,0.8983957219251337,0.0,0.0,0.0,0.0,0.0,0.0,0.0,0.0,-1.0,-0.9287187714875087,-0.01772049939589212,2.0,-1.0,0.0,1.0,0.0,0.0,0.0,0
0.0,1.0,0.0,0.7272727272727273,0.0,1.0,0.0,0.0,0.0,1.0,0.0,0.0,0.0,0.19619527847811147,1.0384706091512375,1.0,-1.0,1.0,0.0,1.0,0.0,0.0,0
0.0,1.0,1.0,-0.21390374331550802,0.0,1.0,0.0,0.0,0.0,0.0,0.0,0.0,-1.0,-0.3740545496218199,-0.13844049446143689,0.0,0.0,0.0,0.0,1.0,0.0,0.0,0
0.0,1.0,0.0,0.7486631016042781,0.0,1.0,0.0,1.0,0.0,1.0,1.0,1.0,0.0,0.6399266559706626,1.569548606197821,2.0,-1.0,1.0,0.0,0.0,0.0,0.0,0
0.0,0.0,0.0,0.0427807486631016,0.0,0.0,0.0,0.0,1.0,1.0,1.0,1.0,-1.0,0.5308274123309651,0.49997641620678274,2.0,0.0,1.0,0.0,0.0,0.0,0.0,0
0.0,1.0,0.0,0.7486631016042781,0.0,1.0,0.0,1.0,1.0,1.0,1.0,0.0,0.0,0.10268164107265633,0.9960052682565772,2.0,0.0,0.0,0.0,0.0,0.0,0.0,0
0.0,0.0,0.0,0.12834224598930483,0.0,1.0,1.0,1.0,1.0,1.0,0.0,0.0,0.0,0.48132019252807706,0.5851683338594333,0.0,0.0,1.0,0.0,0.0,0.0,1.0,0
0.0,1.0,1.0,0.8128342245989305,0.0,1.0,0.0,0.0,0.0,0.0,0.0,0.0,0.0,-0.8361219344487739,0.08500324730691221,2.0,-1.0,0.0,1.0,0.0,0.0,1.0,0
0.0,0.0,1.0,-0.12834224598930483,-1.0,0.0,1.0,0.0,1.0,1.0,0.0,0.0,-1.0,-0.5574146229658492,-0.15373730556976634,2.0,0.0,0.0,0.0,0.0,0.0,1.0,0
0.0,1.0,0.0,0.3422459893048128,0.0,0.0,1.0,1.0,1.0,0.0,1.0,1.0,-1.0,0.1521888608755443,0.6415082017176258,1.0,0.0,0.0,0.0,0.0,0.0,0.0,0
0.0,0.0,0.0,-0.5989304812834224,0.0,0.0,0.0,1.0,0.0,0.0,0.0,0.0,0.0,-0.362136144854458,-0.38797879635575977,0.0,0.0,0.0,0.0,0.0,1.0,0.0,1
0.0,1.0,1.0,0.0855614973262032,0.0,0.0,0.0,0.0,0.0,0.0,0.0,0.0,-1.0,-0.9296355718542288,-0.21655001759713804,2.0,-1.0,0.0,1.0,1.0,0.0,0.0,0
0.0,0.0,1.0,-0.5989304812834224,0.0,1.0,0.0,0.0,0.0,0.0,0.0,0.0,0.0,-0.3749713499885401,-0.3881819798050165,0.0,0.0,0.0,0.0,0.0,1.0,0.0,0
0.0,0.0,1.0,0.12834224598930483,0.0,1.0,0.0,0.0,0.0,0.0,0.0,0.0,-1.0,-0.3731377492550998,0.0777757217547793,0.0,-1.0,0.0,0.0,0.0,0.0,1.0,0
1.0,1.0,0.0,0.44919786096256686,0.0,1.0,0.0,1.0,1.0,0.0,1.0,0.0,0.0,0.45014898005959203,1.0162945869752151,0.0,-1.0,1.0,0.0,0.0,1.0,0.0,1
0.0,0.0,1.0,0.2994652406417112,0.0,1.0,0.0,0.0,0.0,0.0,0.0,0.0,0.0,-0.8324547329818932,-0.09208564182386172,2.0,-1.0,0.0,1.0,0.0,1.0,0.0,0
0.0,1.0,1.0,0.21390374331550802,0.0,0.0,1.0,0.0,0.0,0.0,0.0,0.0,-1.0,-0.35663534265413716,0.1969718409508985,0.0,-1.0,0.0,0.0,1.0,0.0,0.0,0
1.0,0.0,0.0,-0.06417112299465241,0.0,1.0,0.0,0.0,0.0,1.0,0.0,1.0,0.0,-0.08159523263809311,0.07691944864719734,0.0,-1.0,0.0,0.0,0.0,1.0,0.0,0
0.0,1.0,1.0,0.5561497326203209,0.0,1.0,1.0,1.0,0.0,1.0,0.0,1.0,0.0,0.0962640385056154,0.835040437134678,1.0,-1.0,0.0,0.0,0.0,0.0,0.0,0
0.0,1.0,0.0,-0.27807486631016043,0.0,1.0,0.0,0.0,0.0,0.0,1.0,0.0,0.0,0.26495530598212247,-0.0026558979438560857,0.0,-1.0,1.0,0.0,0.0,1.0,0.0,1
0.0,0.0,0.0,0.1497326203208556,0.0,0.0,0.0,0.0,1.0,1.0,0.0,1.0,0.0,0.31262892505157003,0.490746082369119,0.0,-1.0,1.0,0.0,0.0,1.0,0.0,1
0.0,1.0,0.0,-0.0427807486631016,0.0,1.0,1.0,0.0,0.0,1.0,1.0,1.0,-1.0,0.18977767591107028,0.23712959838614284,1.0,0.0,0.0,0.0,0.0,0.0,1.0,0
1.0,0.0,0.0,0.8128342245989305,0.0,0.0,1.0,1.0,0.0,1.0,1.0,1.0,0.0,0.6335090534036214,1.6789628936225793,2.0,0.0,1.0,0.0,0.0,1.0,0.0,0
0.0,0.0,0.0,0.8342245989304813,0.0,1.0,1.0,1.0,1.0,0.0,0.0,1.0,0.0,0.5794178317671327,1.6724755363498822,2.0,0.0,1.0,0.0,0.0,0.0,0.0,0
0.0,0.0,0.0,-0.5775401069518716,0.0,1.0,0.0,0.0,0.0,0.0,0.0,0.0,0.0,0.08067843227137302,-0.3632194417534732,0.0,-1.0,1.0,0.0,0.0,0.0,1.0,0
0.0,1.0,0.0,0.8128342245989305,0.0,1.0,0.0,1.0,1.0,1.0,1.0,1.0,0.0,0.7187714875085951,1.729105666278441,1.0,-1.0,1.0,0.0,1.0,0.0,0.0,0
0.0,0.0,0.0,0.9197860962566845,0.0,1.0,1.0,1.0,1.0,1.0,1.0,1.0,-1.0,0.3309649323859729,1.4440392869712244,2.0,0.0,0.0,0.0,1.0,0.0,0.0,0
0.0,1.0,1.0,-0.36363636363636365,0.0,0.0,0.0,0.0,0.0,0.0,0.0,0.0,-1.0,-0.9443043777217512,-0.33491888989271196,0.0,-1.0,0.0,1.0,0.0,0.0,1.0,1
0.0,1.0,0.0,0.7272727272727273,0.0,0.0,1.0,1.0,0.0,1.0,1.0,0.0,-1.0,0.0055008022003208285,0.8886083022208677,1.0,0.0,0.0,0.0,1.0,0.0,0.0,0
0.0,1.0,0.0,0.6631016042780749,-1.0,0.0,1.0,1.0,0.0,1.0,0.0,0.0,-1.0,-0.6014210405684163,0.2616132040215809,2.0,-1.0,0.0,0.0,0.0,0.0,0.0,0
0.0,1.0,1.0,-0.0427807486631016,-1.0,0.0,0.0,1.0,1.0,0.0,0.0,1.0,0.0,-0.45198258079303233,-0.04092695192171632,1.0,0.0,0.0,0.0,1.0,0.0,0.0,0
1.0,0.0,0.0,-0.1925133689839572,0.0,1.0,0.0,0.0,1.0,0.0,1.0,1.0,0.0,0.5143250057300023,0.13218534684503266,0.0,0.0,1.0,0.0,0.0,1.0,0.0,1
0.0,0.0,0.0,0.6631016042780749,0.0,0.0,1.0,1.0,1.0,0.0,0.0,0.0,-1.0,-0.16685766674306673,0.6533363810850722,2.0,0.0,0.0,0.0,0.0,1.0,0.0,0
0.0,0.0,0.0,-0.5561497326203209,0.0,1.0,0.0,0.0,1.0,0.0,1.0,1.0,0.0,0.5583314233325695,-0.30693762630935406,0.0,0.0,1.0,0.0,0.0,1.0,0.0,1
0.0,0.0,0.0,-0.5775401069518716,0.0,1.0,0.0,0.0,0.0,0.0,0.0,0.0,-1.0,-0.837038734815494,-0.38471334806413343,0.0,0.0,0.0,1.0,0.0,0.0,1.0,0
0.0,0.0,0.0,0.10695187165775401,0.0,1.0,1.0,1.0,0.0,1.0,0.0,0.0,0.0,-0.1118496447398578,0.20357530305174282,1.0,-1.0,0.0,0.0,0.0,0.0,1.0,1
0.0,0.0,0.0,0.8128342245989305,-1.0,0.0,1.0,0.0,1.0,1.0,1.0,0.0,0.0,-0.3878065551226221,0.5613523309858388,1.0,0.0,0.0,0.0,0.0,0.0,0.0,0
0.0,1.0,1.0,-0.27807486631016043,0.0,0.0,0.0,0.0,0.0,0.0,0.0,0.0,-1.0,-0.930552372220949,-0.3117414635739243,0.0,0.0,0.0,1.0,0.0,1.0,0.0,0
0.0,1.0,1.0,0.36363636363636365,0.0,0.0,1.0,0.0,1.0,1.0,1.0,1.0,-1.0,0.1925280770112308,0.7137399179283995,2.0,0.0,0.0,0.0,0.0,0.0,1.0,0
0.0,1.0,1.0,0.5775401069518716,0.0,1.0,1.0,0.0,0.0,0.0,1.0,0.0,-1.0,-0.0971808388723355,0.616734334011821,1.0,-1.0,0.0,0.0,0.0,0.0,0.0,0
0.0,1.0,0.0,0.7486631016042781,0.0,1.0,0.0,1.0,0.0,1.0,0.0,1.0,0.0,-0.0064176025670409234,0.897867662265568,1.0,0.0,0.0,0.0,0.0,0.0,1.0,0
1.0,0.0,0.0,0.44919786096256686,0.0,1.0,1.0,1.0,0.0,0.0,1.0,0.0,0.0,-0.0027504011001605448,0.6000297518622125,0.0,0.0,0.0,0.0,0.0,0.0,0.0,0
0.0,0.0,0.0,0.1711229946524064,0.0,1.0,1.0,1.0,1.0,0.0,0.0,0.0,-1.0,0.37955535182214084,0.5790438041746943,0.0,-1.0,1.0,0.0,0.0,0.0,0.0,0
0.0,0.0,0.0,0.8342245989304813,0.0,1.0,1.0,1.0,0.0,1.0,1.0,1.0,-1.0,0.7288562915425167,1.710209605497564,2.0,-1.0,1.0,0.0,1.0,0.0,0.0,0
0.0,0.0,1.0,0.21390374331550802,-1.0,0.0,1.0,0.0,0.0,1.0,1.0,0.0,-1.0,-0.4666513866605548,0.11703366677188662,1.0,0.0,0.0,0.0,0.0,0.0,0.0,0
0.0,1.0,1.0,-0.40641711229946526,0.0,0.0,0.0,0.0,0.0,0.0,0.0,0.0,-1.0,-0.9232179692871878,-0.3386197312898884,2.0,-1.0,0.0,1.0,0.0,0.0,1.0,0
0.0,0.0,1.0,-0.5989304812834224,0.0,0.0,0.0,0.0,0.0,0.0,0.0,0.0,-1.0,-0.013752005500802201,-0.3824638170187909,0.0,0.0,1.0,0.0,0.0,0.0,0.0,1
1.0,1.0,0.0,0.7272727272727273,0.0,1.0,1.0,1.0,1.0,0.0,1.0,1.0,-1.0,0.6967682787073115,1.626773773370632,2.0,0.0,1.0,0.0,1.0,0.0,0.0,0
0.0,1.0,0.0,0.7486631016042781,0.0,1.0,0.0,0.0,0.0,0.0,0.0,0.0,-1.0,-0.8342883337153336,0.05729773269040281,2.0,-1.0,0.0,1.0,1.0,0.0,0.0,0
0.0,1.0,0.0,0.9197860962566845,0.0,1.0,1.0,1.0,1.0,0.0,0.0,1.0,0.0,0.5253266101306442,1.751644516042422,2.0,0.0,1.0,0.0,0.0,1.0,0.0,0
0.0,0.0,0.0,0.36363636363636365,0.0,1.0,0.0,1.0,1.0,0.0,0.0,1.0,0.0,0.43364657345862956,0.8768962276815679,1.0,-1.0,1.0,0.0,0.0,1.0,0.0,0
0.0,0.0,0.0,0.5347593582887701,0.0,1.0,0.0,1.0,1.0,1.0,1.0,1.0,-1.0,0.7444418977767591,1.3431732175187674,0.0,-1.0,1.0,0.0,0.0,1.0,0.0,1
0.0,0.0,0.0,-0.4919786096256685,0.0,1.0,0.0,0.0,0.0,1.0,0.0,1.0,0.0,0.3199633279853313,-0.25109120397078516,0.0,0.0,1.0,0.0,0.0,0.0,0.0,0
0.0,1.0,0.0,-0.40641711229946526,0.0,1.0,1.0,0.0,0.0,0.0,0.0,0.0,0.0,0.14027045610818256,-0.18061557328573039,0.0,-1.0,1.0,0.0,1.0,0.0,0.0,0
0.0,1.0,0.0,-0.5561497326203209,0.0,0.0,0.0,0.0,0.0,0.0,0.0,0.0,0.0,-0.9333027733211094,-0.3866726170391092,0.0,-1.0,0.0,1.0,0.0,0.0,1.0,0
0.0,1.0,1.0,0.6631016042780749,0.0,0.0,0.0,0.0,0.0,0.0,0.0,0.0,-1.0,-0.9158835663534267,-0.05292928853138281,2.0,0.0,0.0,1.0,0.0,0.0,1.0,0
0.0,0.0,0.0,-0.0213903743315508,0.0,0.0,0.0,0.0,1.0,1.0,0.0,1.0,-1.0,0.3758881503552602,0.35956213966685174,0.0,0.0,1.0,0.0,0.0,1.0,0.0,0
0.0,0.0,0.0,0.5775401069518716,0.0,0.0,0.0,1.0,1.0,1.0,1.0,1.0,0.0,0.20719688287875312,0.9134692485477826,2.0,0.0,0.0,0.0,1.0,0.0,0.0,0
0.0,0.0,0.0,-0.5347593582887701,0.0,0.0,0.0,1.0,0.0,0.0,0.0,0.0,-1.0,-0.3630529452211781,-0.3587929451803798,0.0,-1.0,0.0,0.0,1.0,0.0,0.0,1
0.0,0.0,0.0,-0.1925133689839572,0.0,0.0,0.0,0.0,0.0,0.0,0.0,0.0,-1.0,-0.9351363740545497,-0.28569044275850564,1.0,-1.0,0.0,1.0,0.0,0.0,1.0,0
0.0,0.0,0.0,-0.5989304812834224,0.0,0.0,0.0,0.0,0.0,1.0,0.0,0.0,0.0,-0.3612193444877379,-0.3879642832522414,0.0,-1.0,0.0,0.0,0.0,1.0,0.0,1
0.0,0.0,0.0,-0.23529411764705882,0.0,0.0,0.0,0.0,0.0,0.0,0.0,0.0,-1.0,-0.924134769653908,-0.28455842068407516,1.0,-1.0,0.0,1.0,0.0,0.0,1.0,0
1.0,0.0,0.0,-0.42780748663101603,0.0,1.0,0.0,0.0,1.0,0.0,1.0,0.0,0.0,0.35938574375429744,-0.1656235373512861,0.0,-1.0,1.0,0.0,0.0,1.0,0.0,0
0.0,0.0,0.0,-0.5989304812834224,0.0,0.0,0.0,0.0,0.0,0.0,1.0,1.0,0.0,0.34930093972037585,-0.3767166280255286,0.0,0.0,1.0,0.0,0.0,1.0,0.0,1
0.0,1.0,1.0,-0.3850267379679144,0.0,1.0,0.0,0.0,0.0,0.0,0.0,0.0,0.0,0.0705936282374512,-0.16057297732690404,0.0,0.0,1.0,0.0,0.0,1.0,0.0,1
0.0,1.0,0.0,0.8770053475935828,0.0,1.0,0.0,0.0,0.0,0.0,0.0,0.0,0.0,-0.8159523263809306,0.17983186569574003,2.0,-1.0,0.0,1.0,0.0,0.0,0.0,0
0.0,1.0,0.0,0.9197860962566845,0.0,1.0,1.0,1.0,1.0,1.0,1.0,1.0,-1.0,0.39972495988998397,1.5478224902308673,2.0,0.0,0.0,0.0,1.0,0.0,0.0,0
0.0,1.0,0.0,0.9197860962566845,0.0,0.0,0.0,0.0,0.0,0.0,0.0,0.0,-1.0,-0.9168003667201468,0.03333659878162493,2.0,-1.0,0.0,1.0,1.0,0.0,0.0,0
1.0,1.0,0.0,-0.1497326203208556,0.0,0.0,0.0,0.0,0.0,0.0,1.0,1.0,0.0,0.3529681411872565,0.1600795318072805,0.0,0.0,1.0,0.0,0.0,0.0,0.0,0
0.0,1.0,1.0,0.6631016042780749,0.0,0.0,1.0,1.0,1.0,1.0,0.0,0.0,0.0,-0.08526243410497375,0.7375268945949575,1.0,0.0,0.0,0.0,0.0,0.0,0.0,0
0.0,1.0,1.0,0.12834224598930483,0.0,0.0,0.0,0.0,0.0,0.0,0.0,0.0,-1.0,-0.9278019711207885,-0.20939505756259685,1.0,0.0,0.0,1.0,0.0,1.0,0.0,0
0.0,1.0,1.0,-0.25668449197860965,0.0,0.0,0.0,0.0,0.0,0.0,0.0,0.0,-1.0,-0.912216364886546,-0.2813074854959672,1.0,-1.0,0.0,1.0,0.0,0.0,1.0,0
0.0,1.0,0.0,0.0855614973262032,0.0,0.0,0.0,0.0,0.0,0.0,1.0,1.0,-1.0,0.38047215218886093,0.4576416932437875,0.0,0.0,1.0,0.0,0.0,1.0,0.0,0
1.0,1.0,0.0,-0.5989304812834224,0.0,1.0,0.0,0.0,0.0,0.0,0.0,0.0,-1.0,0.06967682787073111,-0.38114312459862204,0.0,0.0,1.0,0.0,0.0,1.0,0.0,0
0.0,0.0,0.0,-0.3422459893048128,-1.0,0.0,0.0,0.0,1.0,0.0,1.0,1.0,-1.0,-0.3914737565895027,-0.21421340793068547,0.0,-1.0,0.0,0.0,0.0,1.0,0.0,0
0.0,1.0,1.0,0.7914438502673797,0.0,1.0,0.0,0.0,1.0,0.0,1.0,0.0,0.0,-0.1320192528077012,0.8134013997888343,2.0,0.0,0.0,0.0,0.0,0.0,0.0,0
0.0,1.0,1.0,0.9197860962566845,0.0,1.0,0.0,0.0,0.0,0.0,0.0,0.0,-1.0,-0.8572083428833372,0.08471298523654543,2.0,-1.0,0.0,1.0,0.0,0.0,0.0,0
0.0,1.0,1.0,0.8770053475935828,-1.0,0.0,1.0,0.0,1.0,1.0,1.0,1.0,-1.0,-0.20169608067843228,0.8003686328293659,2.0,0.0,0.0,0.0,0.0,0.0,0.0,0
0.0,0.0,0.0,0.25668449197860965,0.0,1.0,0.0,1.0,1.0,0.0,1.0,1.0,0.0,0.656429062571625,0.8870554001444053,0.0,-1.0,1.0,0.0,0.0,1.0,0.0,1
0.0,0.0,0.0,-0.5989304812834224,0.0,0.0,0.0,0.0,0.0,0.0,0.0,0.0,0.0,-0.011001604400641657,-0.38242027770823583,0.0,0.0,1.0,0.0,0.0,1.0,0.0,1
0.0,1.0,0.0,0.5561497326203209,0.0,1.0,1.0,0.0,0.0,0.0,1.0,0.0,0.0,0.3538849415539766,1.0368741677642201,0.0,-1.0,1.0,0.0,0.0,0.0,0.0,0
0.0,0.0,0.0,-0.2994652406417112,0.0,0.0,0.0,0.0,1.0,0.0,0.0,1.0,0.0,-0.20261288104515238,-0.14360715931396564,0.0,-1.0,0.0,0.0,0.0,1.0,0.0,1
0.0,0.0,0.0,-0.40641711229946526,0.0,0.0,1.0,0.0,1.0,0.0,1.0,1.0,0.0,0.5207426082970434,-0.09359500458976901,1.0,0.0,1.0,0.0,0.0,1.0,0.0,0
1.0,0.0,0.0,-0.1925133689839572,0.0,1.0,0.0,0.0,0.0,0.0,0.0,1.0,0.0,0.28054091221636485,0.09871813013174267,0.0,-1.0,1.0,0.0,1.0,0.0,0.0,1
1.0,0.0,0.0,-0.5775401069518716,-1.0,0.0,0.0,0.0,0.0,0.0,0.0,0.0,-1.0,-0.8462067384826955,-0.3905621287820241,0.0,-1.0,0.0,0.0,0.0,1.0,0.0,1
0.0,0.0,0.0,0.27807486631016043,0.0,1.0,0.0,0.0,0.0,1.0,1.0,1.0,0.0,0.5464130185652074,0.8230526136285298,0.0,0.0,1.0,0.0,0.0,1.0,0.0,0
0.0,1.0,0.0,0.1711229946524064,0.0,0.0,0.0,0.0,0.0,0.0,0.0,0.0,-1.0,-0.9351363740545497,-0.16899057736754072,0.0,-1.0,0.0,1.0,0.0,0.0,0.0,0
0.0,1.0,0.0,-0.47058823529411764,-1.0,0.0,1.0,1.0,0.0,0.0,0.0,0.0,-1.0,-0.6655970662388265,-0.3282283491707576,0.0,0.0,0.0,0.0,0.0,0.0,1.0,0
0.0,1.0,1.0,0.3850267379679144,0.0,0.0,0.0,0.0,0.0,0.0,0.0,0.0,-1.0,-0.9388035755214303,-0.1442312227652542,2.0,-1.0,0.0,1.0,0.0,0.0,0.0,0
0.0,1.0,0.0,0.9197860962566845,0.0,1.0,0.0,0.0,0.0,0.0,0.0,0.0,0.0,-0.8297043318817329,0.13172092753244585,2.0,-1.0,0.0,1.0,0.0,0.0,0.0,0
0.0,0.0,0.0,-0.5989304812834224,0.0,0.0,0.0,0.0,1.0,0.0,1.0,0.0,0.0,0.27595691038276415,-0.3778776763069957,0.0,-1.0,1.0,0.0,1.0,0.0,0.0,1
0.0,0.0,0.0,0.8983957219251337,0.0,0.0,0.0,0.0,0.0,0.0,0.0,0.0,0.0,-0.9278019711207885,-0.009375464872847124,2.0,0.0,0.0,1.0,1.0,0.0,0.0,0
0.0,1.0,0.0,0.0855614973262032,0.0,0.0,0.0,0.0,0.0,1.0,0.0,0.0,0.0,-0.34930093972037585,0.10783235914125967,1.0,-1.0,0.0,0.0,0.0,0.0,1.0,0
0.0,0.0,0.0,0.25668449197860965,0.0,1.0,1.0,0.0,0.0,0.0,0.0,0.0,0.0,0.19802887921155166,0.5234150783889004,0.0,-1.0,1.0,0.0,1.0,0.0,0.0,0
0.0,1.0,1.0,0.9197860962566845,0.0,1.0,0.0,0.0,0.0,0.0,0.0,0.0,-1.0,-0.8141187256474903,0.13469611375370535,2.0,0.0,0.0,1.0,0.0,0.0,1.0,0
0.0,1.0,1.0,0.6844919786096256,0.0,1.0,0.0,1.0,0.0,0.0,1.0,1.0,0.0,0.5253266101306442,1.3417799595810067,0.0,-1.0,1.0,0.0,0.0,1.0,0.0,1
0.0,0.0,1.0,-0.27807486631016043,0.0,1.0,1.0,1.0,0.0,0.0,0.0,1.0,0.0,-0.025670410268164214,-0.08815259077039184,0.0,0.0,0.0,0.0,0.0,1.0,0.0,0
0.0,1.0,1.0,0.21390374331550802,0.0,0.0,0.0,0.0,0.0,0.0,0.0,0.0,-1.0,-0.930552372220949,-0.18270546019237122,2.0,-1.0,0.0,1.0,0.0,0.0,1.0,0
0.0,0.0,0.0,-0.5561497326203209,0.0,0.0,0.0,0.0,0.0,0.0,0.0,0.0,-1.0,-0.9287187714875087,-0.38397317978469814,0.0,0.0,0.0,1.0,0.0,0.0,1.0,1
0.0,0.0,0.0,-0.5989304812834224,0.0,0.0,0.0,0.0,1.0,1.0,1.0,1.0,-1.0,0.06600962640385047,-0.3812011770126954,1.0,-1.0,0.0,0.0,1.0,0.0,0.0,0
0.0,1.0,1.0,0.5775401069518716,0.0,0.0,1.0,1.0,1.0,0.0,0.0,0.0,0.0,-0.16869126747650706,0.5687395006766734,2.0,-1.0,0.0,0.0,1.0,0.0,0.0,0
1.0,0.0,0.0,0.36363636363636365,0.0,0.0,1.0,0.0,0.0,0.0,0.0,1.0,-1.0,0.26587210634884256,0.7494566656870322,0.0,0.0,1.0,0.0,0.0,1.0,0.0,1
0.0,0.0,0.0,0.10695187165775401,0.0,1.0,0.0,1.0,1.0,0.0,1.0,1.0,0.0,0.6573458629383452,0.6275030568224286,0.0,0.0,1.0,0.0,0.0,1.0,0.0,1
1.0,1.0,0.0,0.2994652406417112,0.0,1.0,0.0,1.0,0.0,1.0,1.0,0.0,0.0,0.43639697455878984,0.744739907043572,0.0,0.0,1.0,0.0,0.0,1.0,0.0,0
0.0,1.0,1.0,0.8342245989304813,0.0,1.0,1.0,1.0,1.0,1.0,1.0,1.0,0.0,0.7820307128122853,1.8775892283745688,2.0,0.0,1.0,0.0,0.0,1.0,0.0,1
0.0,1.0,0.0,0.9197860962566845,0.0,1.0,1.0,0.0,1.0,1.0,1.0,1.0,0.0,0.7407746963098787,1.9892965861552252,2.0,0.0,1.0,0.0,1.0,0.0,0.0,0
0.0,1.0,1.0,-0.0855614973262032,0.0,0.0,0.0,0.0,0.0,0.0,0.0,0.0,-1.0,-0.9250515700206282,-0.2517442936291104,1.0,-1.0,0.0,1.0,0.0,0.0,1.0,0
1.0,1.0,1.0,-0.0213903743315508,-1.0,0.0,0.0,0.0,0.0,0.0,1.0,0.0,0.0,-0.6344258537703416,-0.12009593161425626,0.0,-1.0,0.0,0.0,0.0,1.0,0.0,0
1.0,1.0,0.0,-0.5347593582887701,0.0,1.0,0.0,0.0,0.0,0.0,1.0,0.0,0.0,0.23378409351363744,-0.31329436565038665,0.0,-1.0,1.0,0.0,0.0,1.0,0.0,0
1.0,1.0,0.0,0.9197860962566845,0.0,1.0,1.0,1.0,1.0,1.0,0.0,0.0,0.0,0.41347696539078616,1.5522199605969238,2.0,0.0,1.0,0.0,0.0,0.0,0.0,0
1.0,1.0,0.0,-0.40641711229946526,0.0,1.0,0.0,0.0,0.0,0.0,0.0,1.0,-1.0,0.27595691038276415,-0.15547887799196702,0.0,0.0,1.0,0.0,0.0,1.0,0.0,1
1.0,1.0,0.0,0.5347593582887701,0.0,1.0,0.0,0.0,1.0,0.0,1.0,1.0,0.0,0.5234930093972038,1.1344312496144957,0.0,0.0,1.0,0.0,1.0,0.0,0.0,0
0.0,0.0,0.0,-0.5989304812834224,0.0,0.0,0.0,0.0,0.0,0.0,0.0,0.0,0.0,-0.46023378409351373,-0.389531698432222,0.0,-1.0,0.0,0.0,0.0,0.0,1.0,1
0.0,1.0,1.0,-0.12834224598930483,0.0,0.0,1.0,1.0,1.0,1.0,0.0,0.0,0.0,-0.07792803117121248,0.042494367101696906,1.0,-1.0,0.0,0.0,0.0,0.0,1.0,0
0.0,1.0,1.0,-0.3850267379679144,0.0,0.0,0.0,0.0,0.0,0.0,1.0,1.0,-1.0,0.3685537474214989,-0.10658423223868252,0.0,0.0,1.0,0.0,0.0,1.0,0.0,0
0.0,0.0,0.0,-0.4919786096256685,0.0,0.0,0.0,0.0,0.0,1.0,0.0,0.0,-1.0,-0.3749713499885401,-0.31901252843661226,0.0,0.0,0.0,0.0,0.0,0.0,1.0,0
1.0,0.0,0.0,0.36363636363636365,0.0,1.0,0.0,0.0,1.0,1.0,0.0,1.0,0.0,-0.025670410268164214,0.5421950343416312,1.0,-1.0,0.0,0.0,1.0,0.0,0.0,0
0.0,0.0,0.0,0.4919786096256685,-1.0,0.0,1.0,1.0,1.0,1.0,1.0,1.0,-1.0,-0.1210176484070594,0.565299895142827,2.0,0.0,0.0,0.0,1.0,0.0,0.0,0
1.0,1.0,0.0,-0.27807486631016043,0.0,0.0,1.0,1.0,0.0,0.0,0.0,0.0,0.0,-0.2924593169837269,-0.16321436216724178,0.0,0.0,0.0,0.0,0.0,0.0,0.0,0
0.0,0.0,0.0,0.5133689839572193,0.0,0.0,0.0,1.0,1.0,1.0,0.0,1.0,0.0,0.43914737565895035,1.0610094589152181,1.0,-1.0,1.0,0.0,1.0,0.0,0.0,0
0.0,1.0,0.0,-0.5775401069518716,0.0,0.0,0.0,0.0,0.0,1.0,1.0,1.0,0.0,0.43456337382534965,-0.3540906996404379,0.0,0.0,1.0,0.0,0.0,1.0,0.0,1
0.0,0.0,0.0,-0.06417112299465241,0.0,1.0,0.0,0.0,0.0,0.0,0.0,1.0,0.0,0.24661929864771953,0.2515991625939269,0.0,0.0,1.0,0.0,0.0,1.0,0.0,1
1.0,0.0,0.0,0.10695187165775401,0.0,1.0,0.0,1.0,0.0,1.0,1.0,0.0,0.0,0.4739857895943158,0.5232989735607536,0.0,-1.0,1.0,0.0,0.0,1.0,0.0,0
0.0,1.0,1.0,0.8342245989304813,0.0,1.0,1.0,1.0,1.0,1.0,1.0,1.0,0.0,0.8104515241806098,1.8758041166418133,2.0,0.0,1.0,0.0,0.0,0.0,0.0,0
0.0,0.0,0.0,-0.5561497326203209,0.0,0.0,0.0,0.0,0.0,0.0,0.0,0.0,0.0,-0.0064176025670409234,-0.34634070236164477,0.0,-1.0,1.0,0.0,0.0,1.0,0.0,0
0.0,1.0,1.0,-0.0855614973262032,0.0,0.0,0.0,0.0,0.0,0.0,0.0,0.0,0.0,-0.949805179922072,-0.2913505531306579,2.0,-1.0,0.0,1.0,0.0,0.0,1.0,0
0.0,1.0,0.0,-0.42780748663101603,0.0,0.0,0.0,0.0,0.0,0.0,0.0,1.0,0.0,0.16960806784322716,-0.1794690381077816,0.0,-1.0,1.0,0.0,0.0,1.0,0.0,0
0.0,0.0,0.0,0.12834224598930483,0.0,1.0,0.0,0.0,1.0,1.0,1.0,0.0,-1.0,0.4584001833600734,0.5894642125008617,0.0,0.0,1.0,0.0,0.0,1.0,0.0,0
0.0,0.0,0.0,-0.1925133689839572,0.0,0.0,1.0,1.0,1.0,1.0,1.0,1.0,0.0,0.6912674765069907,0.2369409280404044,0.0,0.0,1.0,0.0,0.0,0.0,0.0,0
0.0,0.0,1.0,-0.5989304812834224,0.0,0.0,0.0,0.0,0.0,1.0,0.0,0.0,0.0,-0.3777217510887005,-0.38822551911557146,0.0,0.0,0.0,0.0,0.0,0.0,1.0,1
0.0,0.0,0.0,-0.5989304812834224,0.0,0.0,0.0,0.0,0.0,0.0,0.0,0.0,-1.0,-0.9158835663534267,-0.39674471088083657,0.0,0.0,0.0,1.0,0.0,1.0,0.0,1
1.0,1.0,0.0,0.7272727272727273,-1.0,0.0,1.0,0.0,0.0,1.0,0.0,0.0,-1.0,-0.630758652303461,0.2645738771393222,1.0,0.0,0.0,0.0,0.0,0.0,0.0,0
0.0,0.0,0.0,-0.5989304812834224,0.0,0.0,0.0,1.0,0.0,0.0,0.0,0.0,-1.0,-0.3768049507219803,-0.38821100601205316,0.0,-1.0,0.0,0.0,0.0,1.0,0.0,0
0.0,1.0,1.0,0.21390374331550802,0.0,0.0,0.0,0.0,1.0,0.0,1.0,0.0,0.0,-0.19527847811139123,0.2769390413369471,0.0,-1.0,0.0,0.0,0.0,0.0,1.0,0
0.0,0.0,0.0,-0.2994652406417112,0.0,1.0,1.0,0.0,1.0,0.0,0.0,0.0,0.0,0.25395370158148056,-0.02459971046358481,0.0,-1.0,1.0,0.0,1.0,0.0,0.0,0
0.0,0.0,0.0,-0.3422459893048128,-1.0,0.0,0.0,1.0,0.0,0.0,0.0,0.0,0.0,-0.7233554893421958,-0.30191609249200874,0.0,-1.0,0.0,0.0,0.0,1.0,0.0,1
0.0,1.0,0.0,0.40641711229946526,0.0,0.0,0.0,1.0,1.0,0.0,0.0,1.0,0.0,-0.08892963557185414,0.4955499196336893,1.0,-1.0,0.0,0.0,0.0,1.0,0.0,0
1.0,1.0,0.0,0.9197860962566845,0.0,1.0,1.0,1.0,1.0,1.0,1.0,1.0,0.0,0.8132019252807701,2.011675791780504,2.0,-1.0,1.0,0.0,0.0,0.0,0.0,0
1.0,1.0,0.0,-0.10695187165775401,-1.0,0.0,0.0,0.0,1.0,0.0,0.0,1.0,0.0,-0.5473298189319277,-0.13180800615355592,0.0,-1.0,0.0,0.0,1.0,0.0,0.0,1
0.0,0.0,0.0,-0.5989304812834224,0.0,0.0,0.0,0.0,0.0,0.0,0.0,0.0,-1.0,-0.918633967453587,-0.3967882501913916,0.0,-1.0,0.0,1.0,0.0,0.0,1.0,1
0.0,0.0,0.0,0.5989304812834224,0.0,1.0,1.0,1.0,0.0,1.0,0.0,0.0,0.0,0.31262892505157003,1.0151770780043032,0.0,-1.0,1.0,0.0,0.0,0.0,0.0,0
0.0,0.0,0.0,-0.40641711229946526,-1.0,0.0,1.0,0.0,0.0,0.0,0.0,0.0,-1.0,-0.7471922988769196,-0.3150794773831423,0.0,-1.0,0.0,0.0,0.0,0.0,1.0,0
0.0,1.0,1.0,-0.44919786096256686,0.0,0.0,0.0,0.0,0.0,0.0,0.0,0.0,-1.0,-0.9278019711207885,-0.3580237506939078,1.0,0.0,0.0,1.0,1.0,0.0,0.0,0
0.0,1.0,1.0,0.21390374331550802,0.0,1.0,0.0,0.0,1.0,0.0,1.0,1.0,-1.0,0.5409122163648866,0.7106050875684384,1.0,0.0,1.0,0.0,0.0,1.0,0.0,0
0.0,0.0,0.0,0.0427807486631016,0.0,1.0,0.0,1.0,0.0,1.0,1.0,0.0,0.0,0.010084804033921563,0.22662211143886538,0.0,0.0,0.0,0.0,0.0,1.0,0.0,0
1.0,1.0,0.0,0.44919786096256686,0.0,1.0,0.0,0.0,0.0,0.0,0.0,0.0,-1.0,-0.8306211322484529,-0.023540253906746092,1.0,-1.0,0.0,1.0,0.0,1.0,0.0,0
0.0,0.0,0.0,-0.23529411764705882,-1.0,0.0,0.0,0.0,0.0,0.0,0.0,0.0,-1.0,-0.8315379326151732,-0.26431264127599213,0.0,0.0,0.0,0.0,0.0,0.0,1.0,0
0.0,1.0,1.0,-0.27807486631016043,0.0,0.0,1.0,0.0,1.0,0.0,1.0,1.0,-1.0,0.5537474214989687,0.039272458120625645,0.0,-1.0,1.0,0.0,0.0,0.0,0.0,0
0.0,0.0,0.0,0.0427807486631016,0.0,1.0,0.0,1.0,0.0,0.0,0.0,0.0,0.0,0.19527847811139137,0.3637419134801334,0.0,0.0,1.0,0.0,0.0,1.0,0.0,0
0.0,0.0,1.0,-0.21390374331550802,0.0,0.0,0.0,0.0,0.0,1.0,0.0,0.0,-1.0,-0.3978913591565438,-0.1259011730215919,0.0,-1.0,0.0,0.0,0.0,0.0,1.0,0
0.0,0.0,0.0,-0.5989304812834224,0.0,0.0,0.0,0.0,0.0,0.0,0.0,0.0,0.0,0.0036672014668806393,-0.38218806805194244,0.0,-1.0,1.0,0.0,0.0,0.0,1.0,0
0.0,0.0,1.0,-0.21390374331550802,0.0,0.0,0.0,0.0,0.0,0.0,0.0,0.0,-1.0,-0.9103827641531057,-0.26701207853040315,2.0,0.0,0.0,1.0,1.0,0.0,0.0,0
0.0,0.0,0.0,0.6844919786096256,0.0,1.0,1.0,0.0,1.0,0.0,1.0,1.0,-1.0,0.6142562457024984,1.4443585752486274,1.0,0.0,1.0,0.0,0.0,1.0,0.0,0
0.0,0.0,0.0,-0.1497326203208556,0.0,1.0,0.0,0.0,0.0,0.0,1.0,0.0,0.0,0.2502865001146002,0.1261333826778853,0.0,-1.0,1.0,0.0,0.0,0.0,0.0,0
0.0,1.0,0.0,0.8770053475935828,0.0,0.0,1.0,1.0,1.0,1.0,0.0,0.0,-1.0,-0.10176484070593624,0.9102183133596746,2.0,0.0,0.0,0.0,1.0,0.0,0.0,0
0.0,0.0,0.0,-0.5561497326203209,0.0,1.0,0.0,0.0,0.0,0.0,0.0,0.0,0.0,0.08159523263809311,-0.34105793268096934,0.0,-1.0,1.0,0.0,0.0,1.0,0.0,0
1.0,0.0,0.0,0.5775401069518716,0.0,1.0,0.0,1.0,1.0,1.0,1.0,1.0,0.0,0.7600275040110017,1.4604536070504657,1.0,-1.0,1.0,0.0,0.0,1.0,0.0,1
1.0,0.0,0.0,-0.1497326203208556,0.0,1.0,0.0,0.0,0.0,1.0,1.0,0.0,0.0,0.3667201466880587,0.15186511521590051,0.0,0.0,1.0,0.0,0.0,0.0,0.0,1
0.0,0.0,0.0,-0.5561497326203209,0.0,0.0,0.0,0.0,1.0,1.0,1.0,0.0,0.0,0.3548017419206967,-0.331755033325714,0.0,0.0,1.0,0.0,0.0,0.0,1.0,0
0.0,1.0,1.0,-0.42780748663101603,0.0,0.0,0.0,0.0,0.0,1.0,0.0,0.0,0.0,0.0980976392390556,-0.21476490586438235,0.0,-1.0,1.0,0.0,0.0,1.0,0.0,0
0.0,1.0,1.0,0.0427807486631016,0.0,1.0,0.0,1.0,0.0,0.0,0.0,1.0,0.0,0.37863855145542075,0.46675592225330437,0.0,-1.0,1.0,0.0,0.0,1.0,0.0,1
0.0,1.0,1.0,0.3850267379679144,-1.0,0.0,1.0,0.0,1.0,1.0,0.0,0.0,-1.0,-0.5537474214989687,0.11825276746742712,1.0,0.0,0.0,0.0,0.0,1.0,0.0,0
1.0,0.0,0.0,-0.06417112299465241,0.0,0.0,0.0,0.0,0.0,0.0,0.0,1.0,0.0,0.1521888608755443,0.17958514293592823,0.0,-1.0,1.0,0.0,0.0,1.0,0.0,0
0.0,0.0,0.0,-0.06417112299465241,0.0,1.0,1.0,1.0,0.0,0.0,1.0,0.0,0.0,0.4015585606234244,0.2793482165209914,0.0,0.0,1.0,0.0,1.0,0.0,0.0,0
0.0,1.0,1.0,0.9197860962566845,0.0,0.0,0.0,0.0,0.0,0.0,0.0,0.0,0.0,-0.924134769653908,-0.01774952560292877,2.0,-1.0,0.0,1.0,1.0,0.0,0.0,0
0.0,1.0,1.0,0.9197860962566845,0.0,1.0,0.0,0.0,0.0,0.0,0.0,0.0,0.0,-0.8517075406830165,0.09339182114051224,2.0,-1.0,0.0,1.0,0.0,0.0,0.0,0
0.0,1.0,0.0,0.5347593582887701,0.0,1.0,1.0,1.0,0.0,0.0,1.0,1.0,-1.0,0.6610130644052258,1.270157793718003,1.0,-1.0,1.0,0.0,0.0,0.0,0.0,1
0.0,0.0,0.0,-0.36363636363636365,0.0,1.0,0.0,1.0,0.0,0.0,1.0,0.0,0.0,0.3529681411872565,-0.09723779357287211,0.0,-1.0,1.0,0.0,0.0,0.0,0.0,1
1.0,0.0,0.0,0.23529411764705882,0.0,0.0,1.0,1.0,0.0,0.0,0.0,0.0,0.0,0.1595232638093056,0.5359543998287454,0.0,-1.0,1.0,0.0,1.0,0.0,0.0,1
0.0,1.0,1.0,0.8128342245989305,0.0,1.0,1.0,1.0,0.0,1.0,1.0,0.0,-1.0,0.06417602567041028,1.0104022669467694,2.0,-1.0,0.0,0.0,1.0,0.0,0.0,0
1.0,1.0,1.0,0.8983957219251337,0.0,1.0,0.0,1.0,1.0,1.0,0.0,1.0,0.0,0.04400641760256715,1.0891358535337592,1.0,0.0,0.0,0.0,0.0,0.0,0.0,0
0.0,0.0,0.0,0.0213903743315508,0.0,1.0,0.0,1.0,0.0,0.0,1.0,1.0,0.0,0.5445794178317672,0.46337436913353147,0.0,-1.0,1.0,0.0,0.0,1.0,0.0,1
0.0,1.0,0.0,0.9197860962566845,0.0,0.0,0.0,0.0,0.0,0.0,0.0,0.0,-1.0,-0.93696997478799,0.03165307877349761,2.0,-1.0,0.0,1.0,0.0,0.0,0.0,0
0.0,1.0,0.0,-0.32085561497326204,0.0,0.0,0.0,0.0,0.0,0.0,0.0,1.0,0.0,0.13935365574146222,-0.07691944864719734,0.0,-1.0,1.0,0.0,0.0,1.0,0.0,0
0.0,0.0,0.0,-0.5775401069518716,0.0,0.0,0.0,0.0,0.0,0.0,0.0,0.0,-1.0,-0.9351363740545497,-0.393551828106802,0.0,-1.0,0.0,1.0,0.0,0.0,1.0,1
0.0,1.0,1.0,0.1711229946524064,0.0,1.0,1.0,0.0,1.0,1.0,0.0,0.0,0.0,-0.14118725647490266,0.2587250964214315,2.0,0.0,0.0,0.0,1.0,0.0,0.0,0
0.0,0.0,0.0,0.0213903743315508,0.0,1.0,1.0,1.0,0.0,0.0,0.0,1.0,0.0,0.43639697455878984,0.37510567353499286,0.0,0.0,1.0,0.0,1.0,0.0,0.0,0
0.0,0.0,0.0,0.27807486631016043,0.0,1.0,1.0,1.0,1.0,0.0,0.0,1.0,0.0,0.5225762090304836,0.8449673999412218,1.0,0.0,1.0,0.0,0.0,1.0,0.0,0
0.0,0.0,0.0,-0.5561497326203209,0.0,0.0,0.0,0.0,0.0,0.0,0.0,0.0,-1.0,-0.9039651615860647,-0.38760145566428295,1.0,0.0,0.0,1.0,0.0,0.0,1.0,0
0.0,0.0,0.0,-0.5775401069518716,0.0,1.0,0.0,0.0,0.0,0.0,0.0,1.0,0.0,0.27870731148292466,-0.3534230968785943,0.0,-1.0,1.0,0.0,0.0,1.0,0.0,1
0.0,1.0,1.0,0.5347593582887701,0.0,1.0,1.0,1.0,1.0,1.0,1.0,1.0,-1.0,0.38138895255558103,1.0384415829442006,2.0,-1.0,0.0,0.0,1.0,0.0,0.0,0
0.0,0.0,0.0,-0.1497326203208556,0.0,0.0,1.0,0.0,0.0,1.0,0.0,1.0,0.0,0.3401329360531744,0.1447972338024694,0.0,-1.0,1.0,0.0,0.0,1.0,0.0,0
0.0,0.0,1.0,0.36363636363636365,0.0,0.0,1.0,1.0,0.0,1.0,1.0,1.0,0.0,0.636259454503782,0.9971808296415627,1.0,-1.0,1.0,0.0,0.0,0.0,0.0,1
0.0,0.0,0.0,0.7914438502673797,0.0,1.0,0.0,0.0,0.0,0.0,0.0,0.0,-1.0,-0.8324547329818932,0.09006832043481257,2.0,0.0,0.0,1.0,0.0,0.0,1.0,0
0.0,1.0,1.0,0.8983957219251337,0.0,0.0,0.0,0.0,0.0,0.0,0.0,0.0,-1.0,-0.9278019711207885,0.0005660110372151729,2.0,-1.0,0.0,1.0,0.0,0.0,0.0,0
0.0,1.0,1.0,0.7914438502673797,0.0,1.0,1.0,1.0,1.0,1.0,1.0,1.0,-1.0,0.35571854228741706,1.3269185415782276,2.0,-1.0,0.0,0.0,1.0,0.0,0.0,0
0.0,0.0,0.0,-0.27807486631016043,0.0,1.0,0.0,0.0,0.0,0.0,0.0,0.0,-1.0,0.039422415768966414,-0.056049605787825724,0.0,-1.0,1.0,0.0,0.0,1.0,0.0,1
0.0,0.0,1.0,0.25668449197860965,0.0,0.0,0.0,0.0,0.0,0.0,0.0,0.0,-1.0,-0.4639009855603942,0.13192411098170262,0.0,-1.0,0.0,0.0,0.0,0.0,0.0,0
0.0,0.0,0.0,-0.2994652406417112,0.0,1.0,0.0,0.0,0.0,0.0,0.0,0.0,0.0,-0.3942241576896631,-0.18523074020456223,0.0,0.0,0.0,0.0,0.0,1.0,0.0,0
1.0,1.0,0.0,-0.5347593582887701,0.0,1.0,0.0,0.0,0.0,0.0,0.0,0.0,-1.0,0.08159523263809311,-0.3131056953046482,0.0,0.0,1.0,0.0,0.0,1.0,0.0,1
0.0,0.0,0.0,-0.5775401069518716,0.0,0.0,0.0,0.0,0.0,0.0,0.0,0.0,-1.0,-0.013752005500802201,-0.3607522141553556,0.0,-1.0,1.0,0.0,0.0,0.0,0.0,1
0.0,0.0,0.0,-0.23529411764705882,0.0,1.0,0.0,0.0,0.0,0.0,0.0,0.0,0.0,-0.37038734815493934,-0.13761324756089158,0.0,-1.0,0.0,0.0,0.0,1.0,0.0,0
1.0,1.0,0.0,0.1925133689839572,0.0,1.0,0.0,0.0,0.0,0.0,0.0,0.0,0.0,0.08159523263809311,0.43029900621523653,0.0,-1.0,1.0,0.0,0.0,0.0,0.0,1
1.0,0.0,0.0,-0.10695187165775401,0.0,1.0,0.0,1.0,0.0,0.0,0.0,0.0,0.0,0.18336007334402935,0.20348822443063275,0.0,0.0,1.0,0.0,0.0,1.0,0.0,0
0.0,1.0,0.0,0.5775401069518716,0.0,1.0,0.0,0.0,1.0,1.0,1.0,1.0,-1.0,0.5995874398349761,1.264657327484553,2.0,-1.0,1.0,0.0,0.0,0.0,0.0,0
0.0,1.0,0.0,-0.27807486631016043,0.0,1.0,0.0,0.0,0.0,0.0,0.0,0.0,0.0,0.08984643593857448,-0.05747188993262292,0.0,0.0,1.0,0.0,0.0,1.0,0.0,0
0.0,1.0,1.0,-0.4919786096256685,0.0,0.0,1.0,0.0,0.0,0.0,0.0,0.0,0.0,-0.3914737565895027,-0.3168936153229347,0.0,0.0,0.0,0.0,0.0,1.0,0.0,0
0.0,0.0,0.0,0.1925133689839572,0.0,0.0,0.0,0.0,0.0,0.0,0.0,0.0,0.0,-0.0009168003667200947,0.35127515755788,1.0,0.0,1.0,0.0,0.0,0.0,0.0,1
1.0,1.0,0.0,-0.06417112299465241,0.0,1.0,0.0,0.0,1.0,0.0,1.0,1.0,0.0,0.5060738024295209,0.3260513836430066,0.0,-1.0,1.0,0.0,0.0,0.0,0.0,0
0.0,1.0,0.0,0.7272727272727273,0.0,1.0,0.0,0.0,1.0,0.0,1.0,1.0,-1.0,0.5885858354343342,1.4249980951551633,2.0,0.0,1.0,0.0,0.0,1.0,0.0,0
1.0,0.0,0.0,-0.0855614973262032,0.0,1.0,0.0,1.0,0.0,0.0,1.0,0.0,0.0,0.34838413935365575,0.23474944940913528,0.0,0.0,1.0,0.0,0.0,1.0,0.0,1
0.0,0.0,0.0,-0.5989304812834224,0.0,0.0,0.0,0.0,0.0,0.0,0.0,0.0,-1.0,-0.4859041943616778,-0.38993806533073555,0.0,0.0,0.0,0.0,0.0,1.0,0.0,0
0.0,1.0,1.0,-0.4919786096256685,0.0,1.0,0.0,1.0,1.0,0.0,1.0,0.0,0.0,0.4318129727251891,-0.25213614742410556,0.0,-1.0,1.0,0.0,0.0,0.0,1.0,0
1.0,1.0,0.0,0.7058823529411765,0.0,1.0,0.0,1.0,1.0,0.0,1.0,1.0,0.0,0.6096722438688976,1.4501347904489268,1.0,0.0,1.0,0.0,0.0,1.0,0.0,1
1.0,1.0,0.0,0.36363636363636365,-1.0,0.0,0.0,1.0,1.0,1.0,1.0,1.0,0.0,-0.19436167774467114,0.4148570640717238,1.0,0.0,0.0,0.0,0.0,0.0,0.0,1
0.0,1.0,0.0,0.9197860962566845,0.0,1.0,0.0,0.0,0.0,0.0,0.0,0.0,0.0,-0.8608755443502178,0.09768769978194061,2.0,0.0,0.0,1.0,0.0,0.0,0.0,0
0.0,1.0,1.0,-0.1497326203208556,0.0,0.0,0.0,1.0,0.0,0.0,1.0,1.0,0.0,-0.018336007334402937,0.03216103739663948,1.0,-1.0,0.0,0.0,0.0,0.0,0.0,1
0.0,0.0,0.0,-0.42780748663101603,0.0,0.0,0.0,0.0,1.0,0.0,0.0,1.0,0.0,0.2713729085491634,-0.17589881464227017,0.0,-1.0,1.0,0.0,1.0,0.0,0.0,0
1.0,1.0,0.0,-0.25668449197860965,0.0,1.0,1.0,0.0,1.0,0.0,0.0,0.0,0.0,0.2722897089158835,0.02207443045139379,0.0,-1.0,1.0,0.0,0.0,0.0,0.0,1
0.0,0.0,0.0,0.1711229946524064,0.0,1.0,1.0,0.0,0.0,0.0,1.0,0.0,-1.0,-0.10726564290625706,0.27878220548377614,1.0,-1.0,0.0,0.0,0.0,0.0,0.0,0
1.0,0.0,0.0,0.8983957219251337,0.0,1.0,0.0,0.0,1.0,0.0,1.0,1.0,-1.0,0.6151730460692184,1.7491627753407857,2.0,-1.0,1.0,0.0,0.0,0.0,0.0,0
0.0,0.0,0.0,-0.3422459893048128,0.0,1.0,0.0,0.0,0.0,1.0,1.0,1.0,0.0,0.5225762090304836,-0.024875459430433268,0.0,0.0,1.0,0.0,0.0,0.0,1.0,1
0.0,1.0,1.0,0.3422459893048128,0.0,1.0,0.0,0.0,0.0,0.0,0.0,0.0,0.0,-0.8177859271143709,-0.04957676161864649,1.0,-1.0,0.0,1.0,1.0,0.0,0.0,0
0.0,0.0,0.0,0.5989304812834224,0.0,0.0,1.0,0.0,1.0,0.0,1.0,1.0,0.0,0.0705936282374512,0.8504533530711542,2.0,0.0,0.0,0.0,0.0,0.0,0.0,0
0.0,1.0,1.0,0.8556149732620321,0.0,1.0,0.0,1.0,1.0,1.0,1.0,1.0,0.0,0.7013522805409123,1.772238609934945,1.0,-1.0,1.0,0.0,0.0,0.0,0.0,0
0.0,0.0,0.0,-0.27807486631016043,0.0,1.0,0.0,0.0,0.0,1.0,0.0,1.0,0.0,0.3401329360531744,0.017764038706447032,0.0,0.0,1.0,0.0,1.0,0.0,0.0,1
0.0,0.0,0.0,-0.44919786096256686,0.0,1.0,0.0,0.0,0.0,0.0,0.0,0.0,0.0,0.08709603483841394,-0.23531546044635052,0.0,-1.0,1.0,0.0,0.0,1.0,0.0,0
0.0,0.0,0.0,-0.36363636363636365,0.0,1.0,0.0,0.0,0.0,0.0,1.0,1.0,-1.0,0.44098097639239053,-0.06207254374793646,0.0,0.0,1.0,0.0,0.0,1.0,0.0,0
0.0,1.0,1.0,-0.5989304812834224,0.0,1.0,1.0,0.0,1.0,0.0,1.0,1.0,0.0,0.5858354343341738,-0.3729722473177971,0.0,-1.0,1.0,0.0,0.0,1.0,0.0,1
1.0,0.0,0.0,0.1711229946524064,0.0,1.0,0.0,0.0,0.0,0.0,1.0,1.0,0.0,0.4776529910611964,0.6365156941073172,0.0,-1.0,1.0,0.0,0.0,1.0,0.0,1
0.0,1.0,0.0,-0.10695187165775401,0.0,0.0,0.0,0.0,0.0,0.0,0.0,0.0,-1.0,-0.930552372220949,-0.262469477129163,2.0,0.0,0.0,1.0,0.0,0.0,1.0,0
0.0,1.0,0.0,0.0213903743315508,0.0,1.0,0.0,0.0,0.0,0.0,0.0,1.0,0.0,0.26587210634884256,0.3590106417331548,0.0,-1.0,1.0,0.0,0.0,1.0,0.0,1
0.0,0.0,0.0,-0.36363636363636365,0.0,0.0,1.0,0.0,1.0,0.0,0.0,0.0,-1.0,0.20536328214531294,-0.15349058280995456,0.0,0.0,1.0,0.0,0.0,0.0,0.0,1
0.0,1.0,1.0,0.8983957219251337,0.0,0.0,1.0,1.0,1.0,1.0,0.0,0.0,-1.0,-0.11826724730689898,0.9014088595240427,2.0,-1.0,0.0,0.0,1.0,0.0,0.0,0
0.0,1.0,0.0,0.36363636363636365,-1.0,0.0,1.0,1.0,0.0,0.0,1.0,0.0,-1.0,-0.4574833829933533,0.19585433197998645,0.0,-1.0,0.0,0.0,0.0,1.0,0.0,0
0.0,1.0,0.0,0.8342245989304813,0.0,1.0,1.0,1.0,1.0,1.0,1.0,1.0,-1.0,0.8141187256474904,1.8739754655985021,2.0,-1.0,1.0,0.0,0.0,0.0,0.0,0
1.0,0.0,0.0,-0.5989304812834224,0.0,0.0,0.0,0.0,0.0,0.0,0.0,0.0,-1.0,-0.4639009855603942,-0.3895897508462954,0.0,0.0,0.0,0.0,0.0,1.0,0.0,0
0.0,0.0,0.0,-0.5989304812834224,0.0,0.0,1.0,0.0,0.0,0.0,0.0,0.0,0.0,-0.37955535182214084,-0.3882545453226082,0.0,0.0,0.0,0.0,1.0,0.0,0.0,0
0.0,0.0,0.0,-0.5989304812834224,0.0,0.0,0.0,0.0,1.0,0.0,0.0,0.0,0.0,-0.3676369470547788,-0.3880658749768698,0.0,-1.0,0.0,0.0,0.0,0.0,1.0,1
0.0,0.0,0.0,-0.5347593582887701,0.0,0.0,0.0,0.0,0.0,0.0,0.0,1.0,0.0,-0.27870731148292466,-0.3334820926443963,0.0,0.0,0.0,0.0,0.0,0.0,1.0,0
1.0,1.0,0.0,0.0855614973262032,0.0,0.0,1.0,1.0,0.0,1.0,0.0,1.0,0.0,0.4226449690579876,0.4841861595788297,1.0,0.0,1.0,0.0,0.0,1.0,0.0,0
0.0,0.0,0.0,0.7058823529411765,0.0,1.0,0.0,1.0,1.0,1.0,1.0,1.0,-1.0,0.2567041026816411,1.1046793874019005,2.0,-1.0,0.0,0.0,0.0,0.0,0.0,0
0.0,0.0,0.0,-0.23529411764705882,0.0,1.0,1.0,0.0,1.0,0.0,1.0,0.0,-1.0,-0.018336007334402937,-0.054569269228955095,0.0,0.0,0.0,0.0,0.0,0.0,1.0,0
0.0,0.0,0.0,0.8128342245989305,0.0,0.0,0.0,0.0,0.0,0.0,0.0,0.0,-1.0,-0.9158835663534267,-0.012771531096138426,1.0,-1.0,0.0,1.0,0.0,1.0,0.0,0
0.0,1.0,0.0,0.9197860962566845,0.0,1.0,1.0,1.0,1.0,1.0,1.0,1.0,0.0,0.33371533348613347,1.4264348924034786,2.0,0.0,0.0,0.0,1.0,0.0,0.0,0
0.0,1.0,0.0,-0.1497326203208556,0.0,0.0,1.0,1.0,0.0,1.0,1.0,1.0,0.0,0.6252578501031401,0.2302213611114135,0.0,0.0,1.0,0.0,0.0,1.0,0.0,0
0.0,1.0,1.0,0.06417112299465241,0.0,1.0,0.0,1.0,1.0,0.0,0.0,0.0,-1.0,-0.1476048590419436,0.1910359816118978,0.0,-1.0,0.0,0.0,0.0,0.0,0.0,0
0.0,1.0,1.0,0.9197860962566845,0.0,1.0,1.0,1.0,1.0,1.0,0.0,1.0,0.0,0.6307586523034611,1.7851407589627486,1.0,0.0,1.0,0.0,1.0,0.0,0.0,0
1.0,1.0,0.0,0.5561497326203209,0.0,1.0,0.0,0.0,0.0,0.0,0.0,0.0,-1.0,-0.34563373825349536,0.4212138034127563,0.0,-1.0,0.0,0.0,0.0,0.0,0.0,0
0.0,1.0,0.0,-0.10695187165775401,0.0,1.0,0.0,0.0,1.0,0.0,0.0,0.0,0.0,0.16777446710978697,0.15711885868953931,0.0,-1.0,1.0,0.0,0.0,0.0,1.0,0
0.0,0.0,0.0,-0.47058823529411764,0.0,0.0,0.0,0.0,0.0,0.0,0.0,0.0,0.0,-0.9268851707540684,-0.35989594104777356,0.0,0.0,0.0,1.0,0.0,0.0,1.0,0
0.0,1.0,1.0,0.9197860962566845,0.0,1.0,0.0,0.0,0.0,0.0,0.0,0.0,0.0,-0.8324547329818932,0.11709171918595998,2.0,0.0,0.0,1.0,1.0,0.0,0.0,0
0.0,1.0,1.0,-0.0213903743315508,0.0,0.0,0.0,1.0,1.0,0.0,1.0,1.0,-1.0,0.5473298189319276,0.40973393852975004,1.0,0.0,1.0,0.0,0.0,0.0,0.0,0
0.0,1.0,0.0,0.6417112299465241,0.0,0.0,1.0,1.0,1.0,0.0,1.0,0.0,-1.0,-0.07517763007105194,0.7462057304989241,1.0,0.0,0.0,0.0,1.0,0.0,0.0,0
1.0,1.0,0.0,0.8770053475935828,0.0,1.0,1.0,1.0,1.0,1.0,1.0,1.0,-1.0,0.35846894338757734,1.4356362000341059,2.0,0.0,0.0,0.0,1.0,0.0,0.0,0
0.0,0.0,0.0,0.7272727272727273,0.0,0.0,1.0,1.0,1.0,1.0,1.0,1.0,-1.0,0.7096034838413937,1.6435654341413506,2.0,0.0,1.0,0.0,1.0,0.0,0.0,0
0.0,1.0,0.0,-0.4919786096256685,0.0,1.0,0.0,1.0,0.0,0.0,0.0,1.0,0.0,0.37130414852165944,-0.2540228508814897,0.0,-1.0,1.0,0.0,0.0,1.0,0.0,0
0.0,0.0,0.0,-0.25668449197860965,0.0,0.0,0.0,0.0,0.0,0.0,0.0,0.0,-1.0,-0.9278019711207885,-0.3089114083878482,1.0,-1.0,0.0,1.0,0.0,0.0,0.0,0
0.0,0.0,0.0,-0.4919786096256685,-1.0,0.0,0.0,1.0,0.0,0.0,0.0,0.0,0.0,-0.7334402933761174,-0.34213190234132645,0.0,0.0,0.0,0.0,1.0,0.0,0.0,1
0.0,1.0,1.0,0.42780748663101603,0.0,1.0,0.0,0.0,0.0,1.0,1.0,1.0,0.0,0.5033234013293606,1.0247702394299252,1.0,0.0,1.0,0.0,0.0,1.0,0.0,0
0.0,1.0,1.0,0.5133689839572193,0.0,1.0,1.0,1.0,0.0,0.0,0.0,1.0,-1.0,-0.014668805867522297,0.6672109080486044,2.0,0.0,0.0,0.0,0.0,0.0,0.0,0
0.0,1.0,1.0,0.6844919786096256,0.0,1.0,1.0,1.0,1.0,1.0,1.0,1.0,-1.0,0.32271372908549156,1.2014963009727408,2.0,-1.0,0.0,0.0,0.0,0.0,1.0,0
0.0,1.0,0.0,0.8770053475935828,0.0,1.0,0.0,1.0,1.0,1.0,1.0,0.0,-1.0,0.04492321796928724,1.1256798481929373,2.0,0.0,0.0,0.0,0.0,0.0,0.0,0
1.0,1.0,1.0,0.7914438502673797,0.0,1.0,0.0,0.0,1.0,0.0,1.0,1.0,0.0,0.5317442126976851,1.5775017869258707,0.0,0.0,1.0,0.0,1.0,0.0,0.0,1
0.0,0.0,0.0,-0.47058823529411764,0.0,1.0,0.0,0.0,0.0,0.0,0.0,0.0,-1.0,-0.861792344716938,-0.35249425825342057,0.0,0.0,0.0,1.0,0.0,0.0,1.0,0
0.0,1.0,1.0,0.9197860962566845,-1.0,0.0,1.0,1.0,1.0,0.0,0.0,0.0,-1.0,-0.586752234700894,0.39928450399654586,2.0,0.0,0.0,0.0,1.0,0.0,0.0,0
0.0,0.0,1.0,-0.36363636363636365,0.0,1.0,0.0,0.0,0.0,0.0,0.0,0.0,0.0,0.05959202383680954,-0.14977522830925977,0.0,0.0,1.0,0.0,1.0,0.0,0.0,1
0.0,1.0,0.0,-0.32085561497326204,0.0,0.0,0.0,0.0,0.0,0.0,0.0,0.0,-1.0,-0.474902589961036,-0.21657904380417473,1.0,0.0,0.0,0.0,0.0,1.0,0.0,0
0.0,0.0,0.0,-0.5561497326203209,0.0,0.0,0.0,0.0,0.0,0.0,0.0,0.0,0.0,-0.9360531744212698,-0.3826089480539743,1.0,0.0,0.0,1.0,0.0,0.0,1.0,0
0.0,1.0,1.0,0.5561497326203209,0.0,0.0,1.0,1.0,0.0,1.0,0.0,0.0,-1.0,-0.23745129498051806,0.48154477473849205,2.0,0.0,0.0,0.0,0.0,0.0,0.0,1
0.0,0.0,0.0,-0.36363636363636365,0.0,0.0,0.0,0.0,0.0,0.0,0.0,0.0,-1.0,-0.9250515700206282,-0.32565952984801155,0.0,0.0,0.0,1.0,1.0,0.0,0.0,0
0.0,1.0,1.0,0.8770053475935828,0.0,1.0,1.0,1.0,1.0,1.0,1.0,1.0,0.0,0.8187027274810912,1.9919524840990812,2.0,-1.0,1.0,0.0,1.0,0.0,0.0,0
0.0,1.0,0.0,0.6203208556149733,0.0,1.0,1.0,1.0,0.0,1.0,1.0,1.0,0.0,0.7077698831079532,1.4531244897737046,2.0,-1.0,1.0,0.0,1.0,0.0,0.0,0
1.0,0.0,0.0,-0.5989304812834224,0.0,0.0,0.0,0.0,0.0,0.0,0.0,0.0,0.0,-0.011918404767362013,-0.38243479081175424,0.0,-1.0,1.0,0.0,0.0,1.0,0.0,1
0.0,0.0,0.0,-0.5989304812834224,0.0,1.0,0.0,0.0,0.0,0.0,0.0,0.0,0.0,0.12193444877377962,-0.3803158776980767,0.0,-1.0,1.0,0.0,0.0,1.0,0.0,1
0.0,1.0,0.0,0.1497326203208556,0.0,0.0,0.0,0.0,0.0,0.0,0.0,1.0,-1.0,0.18152647261058916,0.44997877458610447,0.0,-1.0,1.0,0.0,0.0,1.0,0.0,0
1.0,0.0,0.0,-0.2994652406417112,0.0,1.0,0.0,1.0,0.0,0.0,0.0,1.0,-1.0,0.3548017419206967,0.010899340742272667,0.0,-1.0,1.0,0.0,0.0,1.0,0.0,1
0.0,0.0,0.0,-0.06417112299465241,0.0,0.0,0.0,1.0,0.0,0.0,1.0,0.0,0.0,0.27962411184964475,0.2203379376154245,0.0,0.0,1.0,0.0,0.0,1.0,0.0,0
1.0,0.0,0.0,-0.5775401069518716,0.0,1.0,0.0,0.0,0.0,0.0,0.0,0.0,0.0,0.07976163190465267,-0.35731260862150915,0.0,0.0,1.0,0.0,0.0,0.0,1.0,1
0.0,1.0,1.0,0.6417112299465241,0.0,0.0,0.0,0.0,0.0,0.0,0.0,0.0,-1.0,-0.9388035755214303,-0.05651402510041255,2.0,0.0,0.0,1.0,1.0,0.0,0.0,0
0.0,0.0,0.0,-0.1925133689839572,-1.0,0.0,1.0,1.0,1.0,1.0,1.0,0.0,0.0,-0.2842081136832455,-0.06439464031087072,0.0,0.0,0.0,0.0,1.0,0.0,0.0,0
0.0,1.0,0.0,0.8556149732620321,0.0,1.0,0.0,1.0,0.0,1.0,1.0,0.0,0.0,0.40247536099014447,1.4725430222812421,2.0,0.0,1.0,0.0,0.0,0.0,1.0,0
0.0,1.0,1.0,-0.36363636363636365,0.0,0.0,0.0,0.0,0.0,0.0,1.0,0.0,0.0,-0.2603713041485217,-0.2202363458907962,0.0,0.0,0.0,0.0,0.0,0.0,1.0,0
0.0,1.0,0.0,-0.32085561497326204,0.0,0.0,1.0,1.0,0.0,1.0,1.0,1.0,-1.0,0.6500114600045841,-0.011175089709121124,1.0,-1.0,1.0,0.0,0.0,0.0,1.0,1
0.0,1.0,0.0,0.2994652406417112,0.0,1.0,1.0,1.0,0.0,0.0,0.0,1.0,0.0,0.4327297730919092,0.7894838051906116,0.0,-1.0,1.0,0.0,0.0,1.0,0.0,0
1.0,0.0,0.0,0.7700534759358288,-1.0,0.0,0.0,1.0,1.0,0.0,1.0,1.0,0.0,-0.31171212468484993,0.6184033409164299,2.0,-1.0,0.0,0.0,0.0,0.0,0.0,0
1.0,0.0,0.0,-0.42780748663101603,0.0,1.0,0.0,0.0,0.0,0.0,0.0,1.0,0.0,0.25487050194820093,-0.19009262988320583,0.0,0.0,1.0,0.0,1.0,0.0,0.0,1
0.0,0.0,0.0,-0.06417112299465241,0.0,0.0,0.0,0.0,0.0,0.0,0.0,0.0,-1.0,-0.93696997478799,-0.2501623653456115,1.0,0.0,0.0,1.0,0.0,0.0,1.0,0
1.0,1.0,0.0,-0.3422459893048128,0.0,0.0,0.0,0.0,0.0,0.0,0.0,0.0,0.0,-0.0064176025670409234,-0.13661184341812618,0.0,-1.0,1.0,0.0,0.0,1.0,0.0,1
1.0,0.0,0.0,0.8556149732620321,0.0,1.0,1.0,0.0,1.0,1.0,1.0,1.0,-1.0,0.7288562915425167,1.764836927140592,2.0,-1.0,1.0,0.0,1.0,0.0,0.0,0
0.0,1.0,0.0,0.47058823529411764,0.0,0.0,1.0,1.0,1.0,1.0,1.0,1.0,0.0,0.23378409351363744,0.7843026272345643,2.0,0.0,0.0,0.0,1.0,0.0,0.0,0
0.0,0.0,0.0,0.3850267379679144,0.0,1.0,0.0,1.0,1.0,0.0,1.0,1.0,0.0,0.6582626633050654,1.085739787310468,0.0,-1.0,1.0,0.0,0.0,1.0,0.0,1
0.0,0.0,0.0,-0.44919786096256686,0.0,0.0,0.0,1.0,0.0,0.0,0.0,0.0,-1.0,0.09351363740545486,-0.24725974464194364,0.0,-1.0,1.0,0.0,0.0,1.0,0.0,0
0.0,1.0,1.0,0.12834224598930483,0.0,0.0,1.0,0.0,0.0,1.0,0.0,0.0,0.0,-0.2851249140499656,0.15343253039588117,1.0,-1.0,0.0,0.0,0.0,0.0,0.0,0
0.0,0.0,0.0,-0.32085561497326204,0.0,0.0,1.0,0.0,0.0,0.0,0.0,0.0,-1.0,-0.3740545496218199,-0.19676865750164182,0.0,-1.0,0.0,0.0,0.0,0.0,0.0,0
0.0,1.0,1.0,0.5561497326203209,0.0,1.0,0.0,0.0,0.0,0.0,0.0,1.0,-1.0,0.27504011001604406,0.9654116460399181,0.0,0.0,1.0,0.0,0.0,0.0,0.0,0
0.0,0.0,0.0,0.5775401069518716,0.0,0.0,0.0,0.0,0.0,0.0,0.0,0.0,0.0,-0.9342195736878296,-0.08906691629204723,2.0,-1.0,0.0,1.0,0.0,0.0,0.0,0
0.0,0.0,0.0,-0.3850267379679144,0.0,0.0,1.0,0.0,0.0,0.0,0.0,0.0,-1.0,-0.40247536099014447,-0.25728829917311596,0.0,-1.0,0.0,0.0,1.0,0.0,0.0,1
0.0,0.0,0.0,0.6417112299465241,0.0,0.0,0.0,0.0,1.0,0.0,0.0,1.0,0.0,-0.16777446710978683,0.6554407810952313,1.0,0.0,0.0,0.0,0.0,0.0,0.0,0
0.0,1.0,1.0,0.9197860962566845,0.0,1.0,1.0,0.0,1.0,0.0,1.0,0.0,0.0,0.01741920696768284,1.0561040299260196,2.0,-1.0,0.0,0.0,0.0,0.0,0.0,0
0.0,1.0,0.0,0.7700534759358288,0.0,1.0,1.0,0.0,1.0,1.0,0.0,1.0,-1.0,0.10359844143937669,1.0281517925496984,2.0,0.0,0.0,0.0,0.0,0.0,0.0,0
0.0,0.0,0.0,0.44919786096256686,0.0,1.0,0.0,0.0,0.0,0.0,0.0,0.0,-1.0,-0.8361219344487739,-0.05577385682097727,2.0,0.0,0.0,1.0,0.0,0.0,0.0,0
0.0,1.0,1.0,-0.47058823529411764,0.0,0.0,0.0,1.0,0.0,1.0,1.0,0.0,0.0,0.3529681411872565,-0.22599804798757683,0.0,0.0,1.0,0.0,0.0,1.0,0.0,1
0.0,1.0,1.0,0.8556149732620321,0.0,1.0,0.0,1.0,1.0,1.0,1.0,1.0,0.0,0.20994728397891366,1.2231643645256212,2.0,0.0,0.0,0.0,0.0,0.0,0.0,0
0.0,1.0,0.0,0.7486631016042781,0.0,1.0,1.0,0.0,1.0,0.0,1.0,0.0,0.0,0.4418977767591106,1.3239723815640043,2.0,-1.0,1.0,0.0,1.0,0.0,0.0,0
1.0,0.0,0.0,-0.10695187165775401,0.0,1.0,0.0,0.0,0.0,0.0,0.0,0.0,0.0,0.10268164107265633,0.0944222514903143,0.0,0.0,1.0,0.0,0.0,1.0,0.0,1
0.0,0.0,0.0,-0.21390374331550802,0.0,0.0,0.0,0.0,0.0,1.0,1.0,0.0,0.0,-0.1641072656429063,-0.0853951011019074,0.0,0.0,0.0,0.0,1.0,0.0,0.0,0
1.0,1.0,0.0,0.1711229946524064,0.0,0.0,0.0,0.0,0.0,0.0,0.0,0.0,0.0,0.03208801283520514,0.3448458526992558,0.0,0.0,1.0,0.0,0.0,0.0,0.0,0
0.0,0.0,0.0,-0.5561497326203209,0.0,0.0,0.0,0.0,0.0,0.0,0.0,0.0,0.0,-0.016502406600962746,-0.3425092430328033,0.0,0.0,1.0,0.0,0.0,0.0,1.0,0
0.0,0.0,0.0,-0.5989304812834224,0.0,0.0,0.0,0.0,0.0,0.0,1.0,0.0,0.0,0.1650240660096264,-0.37963376183271474,0.0,0.0,1.0,0.0,0.0,1.0,0.0,1
0.0,1.0,1.0,-0.1497326203208556,0.0,0.0,1.0,1.0,0.0,1.0,0.0,0.0,0.0,-0.23011689204675678,-0.03355429533440009,0.0,0.0,0.0,0.0,0.0,0.0,1.0,0
0.0,1.0,1.0,-0.0427807486631016,0.0,0.0,1.0,1.0,0.0,0.0,0.0,0.0,0.0,0.1861104744441899,0.2386970135661235,1.0,0.0,1.0,0.0,1.0,0.0,0.0,0
1.0,0.0,0.0,0.5561497326203209,-1.0,0.0,0.0,0.0,1.0,0.0,1.0,1.0,0.0,-0.3749713499885401,0.3936098805208752,1.0,0.0,0.0,0.0,0.0,0.0,0.0,0
0.0,1.0,1.0,-0.25668449197860965,0.0,0.0,0.0,0.0,0.0,0.0,1.0,0.0,-1.0,0.18977767591107028,0.003904024846433171,0.0,0.0,1.0,0.0,0.0,1.0,0.0,1
1.0,1.0,0.0,0.6844919786096256,0.0,1.0,1.0,1.0,1.0,1.0,0.0,0.0,0.0,0.43456337382534965,1.3085159263169732,0.0,-1.0,1.0,0.0,1.0,0.0,0.0,0
0.0,0.0,0.0,0.3422459893048128,0.0,0.0,0.0,0.0,0.0,0.0,0.0,0.0,0.0,-0.918633967453587,-0.13263525305410123,1.0,0.0,0.0,1.0,0.0,1.0,0.0,1
0.0,0.0,0.0,0.27807486631016043,0.0,0.0,0.0,0.0,0.0,0.0,0.0,0.0,0.0,-0.9140499656199864,-0.12460950680845971,1.0,-1.0,0.0,1.0,0.0,0.0,1.0,0
0.0,1.0,1.0,0.1497326203208556,0.0,1.0,0.0,1.0,1.0,0.0,1.0,0.0,0.0,0.4923217969287187,0.600987616694423,0.0,-1.0,1.0,0.0,0.0,0.0,0.0,1
0.0,0.0,0.0,-0.5989304812834224,0.0,0.0,0.0,0.0,0.0,0.0,0.0,0.0,0.0,-0.9195507678203072,-0.39680276329490993,0.0,-1.0,0.0,1.0,0.0,0.0,1.0,0
1.0,1.0,0.0,0.23529411764705882,0.0,0.0,0.0,1.0,0.0,1.0,1.0,1.0,0.0,0.5262434104973643,0.7763929858170695,1.0,-1.0,1.0,0.0,1.0,0.0,0.0,1
0.0,0.0,0.0,-0.5775401069518716,0.0,0.0,0.0,0.0,0.0,0.0,0.0,0.0,-1.0,0.0036672014668806393,-0.36520773693548564,0.0,0.0,1.0,0.0,0.0,0.0,1.0,0
1.0,1.0,0.0,0.5347593582887701,0.0,0.0,0.0,0.0,1.0,1.0,1.0,1.0,0.0,0.5244098097639238,1.175474306364359,1.0,-1.0,1.0,0.0,0.0,1.0,0.0,0
0.0,1.0,0.0,0.27807486631016043,0.0,1.0,1.0,0.0,0.0,0.0,0.0,0.0,-1.0,-0.26403850561540226,0.29010242622808063,1.0,0.0,0.0,0.0,1.0,0.0,0.0,0
0.0,1.0,0.0,-0.12834224598930483,0.0,1.0,0.0,1.0,1.0,0.0,0.0,0.0,-1.0,0.2521201008480404,0.1685551842619905,0.0,0.0,1.0,0.0,0.0,1.0,0.0,0
1.0,0.0,0.0,0.0213903743315508,0.0,1.0,0.0,1.0,0.0,0.0,1.0,1.0,0.0,0.5354114141645657,0.45859955807599784,0.0,-1.0,1.0,0.0,0.0,1.0,0.0,1
0.0,0.0,0.0,-0.5989304812834224,0.0,0.0,0.0,0.0,0.0,0.0,0.0,0.0,-1.0,-0.9177171670868669,-0.3967737370878732,0.0,0.0,0.0,1.0,0.0,0.0,1.0,0
0.0,0.0,0.0,-0.3422459893048128,0.0,0.0,0.0,0.0,0.0,0.0,0.0,0.0,-1.0,-0.9360531744212698,-0.32428078501376933,1.0,0.0,0.0,1.0,0.0,0.0,1.0,0
0.0,1.0,1.0,0.44919786096256686,0.0,0.0,0.0,0.0,0.0,0.0,0.0,0.0,0.0,-0.9195507678203072,-0.13016802545598358,1.0,0.0,0.0,1.0,0.0,0.0,1.0,0
0.0,1.0,1.0,0.1711229946524064,-1.0,0.0,1.0,0.0,1.0,1.0,0.0,0.0,0.0,-0.5555810222324089,0.040041652607097585,1.0,0.0,0.0,0.0,0.0,1.0,0.0,0
0.0,1.0,0.0,-0.4919786096256685,0.0,0.0,0.0,0.0,0.0,0.0,0.0,0.0,-1.0,-0.9351363740545497,-0.3602442555322137,0.0,-1.0,0.0,1.0,0.0,0.0,0.0,1
0.0,1.0,1.0,0.2994652406417112,0.0,1.0,0.0,0.0,0.0,0.0,0.0,0.0,-1.0,-0.8480403392161358,-0.08982159767500084,2.0,0.0,0.0,1.0,0.0,0.0,1.0,0
0.0,0.0,0.0,-0.40641711229946526,-1.0,0.0,0.0,0.0,0.0,0.0,0.0,1.0,0.0,-0.6710978684391474,-0.31608088152590774,0.0,0.0,0.0,0.0,0.0,0.0,1.0,1
0.0,0.0,0.0,-0.5989304812834224,0.0,1.0,0.0,0.0,0.0,0.0,0.0,0.0,0.0,-0.8205363282145314,-0.39523534811492933,0.0,-1.0,0.0,1.0,0.0,0.0,1.0,0
1.0,1.0,1.0,0.7058823529411765,0.0,1.0,0.0,1.0,1.0,0.0,0.0,1.0,0.0,0.46940178776071506,1.344479396835418,0.0,-1.0,1.0,0.0,1.0,0.0,0.0,0
0.0,1.0,0.0,0.3850267379679144,0.0,0.0,0.0,1.0,0.0,0.0,1.0,0.0,0.0,-0.21819848727939492,0.38779012601002133,0.0,-1.0,0.0,0.0,0.0,0.0,0.0,0
1.0,1.0,0.0,0.7700534759358288,0.0,1.0,0.0,1.0,1.0,0.0,1.0,1.0,0.0,0.655512262204905,1.623261602319194,1.0,-1.0,1.0,0.0,0.0,1.0,0.0,1
1.0,1.0,0.0,-0.1925133689839572,0.0,0.0,0.0,0.0,0.0,0.0,1.0,1.0,0.0,0.3758881503552602,0.13703272342015796,1.0,-1.0,1.0,0.0,0.0,0.0,0.0,0
0.0,0.0,0.0,-0.5989304812834224,0.0,0.0,0.0,0.0,0.0,0.0,0.0,0.0,-1.0,-0.93696997478799,-0.39707851226175833,0.0,0.0,0.0,1.0,0.0,0.0,1.0,1
1.0,1.0,0.0,0.5133689839572193,0.0,1.0,0.0,0.0,0.0,0.0,1.0,1.0,0.0,0.4648177859271143,1.0533175140504984,1.0,-1.0,1.0,0.0,1.0,0.0,0.0,0
0.0,0.0,1.0,-0.5133689839572193,0.0,0.0,0.0,0.0,0.0,0.0,0.0,0.0,-1.0,-0.44923217969287194,-0.33835849542655827,0.0,-1.0,0.0,0.0,0.0,0.0,1.0,1
0.0,1.0,1.0,0.5347593582887701,0.0,0.0,0.0,0.0,0.0,0.0,0.0,0.0,-1.0,-0.918633967453587,-0.08614978248486108,2.0,0.0,0.0,1.0,1.0,0.0,0.0,0
1.0,1.0,1.0,0.9197860962566845,0.0,1.0,1.0,1.0,1.0,1.0,1.0,1.0,-1.0,0.40247536099014447,1.4666507022527966,2.0,-1.0,0.0,0.0,1.0,0.0,0.0,1
0.0,1.0,1.0,0.42780748663101603,0.0,0.0,1.0,1.0,1.0,1.0,1.0,1.0,0.0,0.3062113224845291,0.8584790993167957,1.0,-1.0,0.0,0.0,0.0,0.0,1.0,0
0.0,1.0,1.0,0.06417112299465241,0.0,0.0,1.0,1.0,1.0,1.0,0.0,1.0,-1.0,0.05684162273664899,0.2697840813024059,2.0,-1.0,0.0,0.0,0.0,0.0,1.0,0
0.0,1.0,1.0,0.42780748663101603,0.0,0.0,1.0,1.0,0.0,1.0,0.0,0.0,-1.0,-0.19986247994499198,0.4594558311835799,0.0,0.0,0.0,0.0,1.0,0.0,0.0,0
0.0,1.0,0.0,-0.5775401069518716,0.0,1.0,0.0,0.0,1.0,0.0,1.0,0.0,0.0,0.38413935365574153,-0.3529441644624891,0.0,0.0,1.0,0.0,0.0,1.0,0.0,0
0.0,0.0,0.0,-0.3850267379679144,0.0,0.0,0.0,0.0,0.0,0.0,0.0,0.0,-1.0,-0.0055008022003208285,-0.182095909844601,0.0,0.0,1.0,0.0,0.0,1.0,0.0,0
0.0,1.0,1.0,0.9197860962566845,0.0,1.0,1.0,1.0,1.0,1.0,0.0,0.0,0.0,-0.0009168003667200947,1.096697180466814,2.0,-1.0,0.0,0.0,0.0,0.0,0.0,0
0.0,1.0,1.0,0.44919786096256686,0.0,1.0,0.0,0.0,1.0,0.0,0.0,0.0,-1.0,-0.2860417144166858,0.35606448171893196,1.0,0.0,0.0,0.0,0.0,0.0,0.0,0
0.0,1.0,0.0,-0.1497326203208556,0.0,0.0,0.0,1.0,1.0,0.0,0.0,0.0,0.0,-0.28970891588356634,-0.060563180982029174,0.0,-1.0,0.0,0.0,0.0,0.0,1.0,0
0.0,1.0,0.0,-0.5133689839572193,0.0,0.0,0.0,0.0,0.0,0.0,0.0,0.0,-1.0,-0.010084804033921563,-0.3068795738952807,0.0,-1.0,1.0,0.0,0.0,1.0,0.0,1
0.0,1.0,0.0,0.42780748663101603,-1.0,0.0,1.0,0.0,0.0,0.0,1.0,0.0,-1.0,-0.5473298189319277,0.19835058578514073,0.0,-1.0,0.0,0.0,0.0,0.0,0.0,0
0.0,1.0,1.0,-0.25668449197860965,-1.0,0.0,1.0,0.0,1.0,0.0,1.0,0.0,-1.0,-0.4776529910611964,-0.17277849738582726,1.0,0.0,0.0,0.0,1.0,0.0,0.0,0
0.0,0.0,0.0,-0.42780748663101603,0.0,1.0,0.0,0.0,0.0,0.0,0.0,0.0,0.0,0.0980976392390556,-0.19237118713558507,0.0,0.0,1.0,0.0,0.0,1.0,0.0,0
0.0,0.0,1.0,0.21390374331550802,0.0,1.0,0.0,0.0,0.0,0.0,0.0,0.0,-1.0,-0.8342883337153336,-0.11118488605399603,2.0,0.0,0.0,1.0,0.0,0.0,1.0,0
0.0,0.0,0.0,-0.44919786096256686,0.0,0.0,0.0,0.0,0.0,0.0,0.0,0.0,0.0,-0.9223011689204677,-0.361797157608676,1.0,-1.0,0.0,1.0,0.0,0.0,0.0,0
1.0,1.0,0.0,0.0213903743315508,0.0,1.0,0.0,0.0,1.0,0.0,1.0,1.0,-1.0,0.07976163190465267,0.2305696755958536,2.0,0.0,0.0,0.0,0.0,1.0,0.0,0
0.0,1.0,1.0,-0.23529411764705882,0.0,0.0,0.0,0.0,0.0,0.0,0.0,0.0,-1.0,-0.9177171670868669,-0.29908603730593264,0.0,-1.0,0.0,1.0,0.0,0.0,1.0,0
0.0,1.0,1.0,-0.42780748663101603,0.0,0.0,0.0,1.0,0.0,1.0,0.0,0.0,-1.0,-0.28787531515012615,-0.2712789309647949,0.0,0.0,0.0,0.0,0.0,0.0,1.0,0
0.0,0.0,0.0,-0.5347593582887701,-1.0,0.0,0.0,0.0,1.0,0.0,0.0,0.0,0.0,-0.7490258996103599,-0.36831354108841025,0.0,0.0,0.0,0.0,0.0,1.0,0.0,1
0.0,1.0,1.0,0.3850267379679144,0.0,0.0,0.0,0.0,0.0,0.0,0.0,0.0,-1.0,-0.9250515700206282,-0.10760014948496625,2.0,-1.0,0.0,1.0,1.0,0.0,0.0,0
0.0,0.0,0.0,-0.0855614973262032,0.0,0.0,1.0,0.0,1.0,1.0,1.0,1.0,0.0,0.6417602567041027,0.376948837681822,0.0,0.0,1.0,0.0,0.0,1.0,0.0,0
0.0,0.0,0.0,-0.5989304812834224,0.0,1.0,0.0,0.0,0.0,0.0,1.0,1.0,0.0,0.4574833829933533,-0.37500408181036454,0.0,0.0,1.0,0.0,0.0,1.0,0.0,1
0.0,0.0,0.0,-0.4919786096256685,0.0,1.0,0.0,0.0,0.0,0.0,0.0,0.0,0.0,0.08067843227137302,-0.2663444757685596,0.0,0.0,1.0,0.0,0.0,1.0,0.0,1
0.0,1.0,0.0,0.4919786096256685,0.0,1.0,0.0,1.0,0.0,1.0,0.0,0.0,-1.0,-0.16777446710978683,0.5172905487041614,0.0,0.0,0.0,0.0,0.0,0.0,0.0,0
0.0,0.0,0.0,0.40641711229946526,0.0,1.0,0.0,1.0,1.0,0.0,1.0,1.0,0.0,0.6894338757735503,1.0681789320532775,2.0,0.0,1.0,0.0,0.0,0.0,0.0,0
0.0,0.0,0.0,-0.5561497326203209,0.0,0.0,1.0,0.0,0.0,0.0,0.0,0.0,0.0,0.07426082970433184,-0.3348898636856752,0.0,-1.0,1.0,0.0,0.0,1.0,0.0,0
0.0,0.0,0.0,-0.42780748663101603,0.0,1.0,0.0,1.0,0.0,0.0,1.0,1.0,0.0,0.5280770112308045,-0.1360313192773926,0.0,0.0,1.0,0.0,1.0,0.0,0.0,0
0.0,1.0,0.0,-0.5775401069518716,0.0,0.0,0.0,0.0,0.0,0.0,0.0,0.0,-1.0,-0.9259683703873482,-0.39167963775293624,0.0,0.0,0.0,1.0,0.0,0.0,1.0,0
0.0,1.0,1.0,0.9197860962566845,0.0,0.0,0.0,0.0,0.0,0.0,0.0,0.0,-1.0,-0.9268851707540684,-0.018736416642175856,2.0,0.0,0.0,1.0,0.0,0.0,0.0,0
1.0,1.0,0.0,0.8128342245989305,0.0,1.0,0.0,0.0,0.0,0.0,1.0,1.0,0.0,0.442814577125831,1.3617935293327965,0.0,0.0,1.0,0.0,1.0,0.0,0.0,0
0.0,1.0,1.0,0.7058823529411765,0.0,0.0,0.0,0.0,0.0,0.0,0.0,0.0,-1.0,-0.9204675681870275,-0.026486413920968895,2.0,-1.0,0.0,1.0,0.0,0.0,0.0,0
0.0,1.0,1.0,-0.3850267379679144,0.0,0.0,0.0,0.0,0.0,0.0,0.0,0.0,0.0,-0.9397203758881505,-0.3503753451397431,0.0,-1.0,0.0,1.0,0.0,0.0,1.0,1
0.0,1.0,1.0,0.7486631016042781,0.0,0.0,0.0,0.0,0.0,0.0,0.0,0.0,0.0,-0.931469172587669,-0.032901205676074824,2.0,0.0,0.0,1.0,0.0,0.0,0.0,0
0.0,0.0,0.0,-0.5561497326203209,0.0,0.0,0.0,1.0,1.0,0.0,0.0,1.0,-1.0,0.3648865459546185,-0.3247887436369112,0.0,0.0,1.0,0.0,0.0,1.0,0.0,0
0.0,0.0,1.0,-0.1711229946524064,-1.0,0.0,1.0,1.0,1.0,1.0,1.0,0.0,-1.0,-0.318129727251891,-0.059271514768896985,2.0,-1.0,0.0,0.0,0.0,0.0,1.0,0
0.0,0.0,0.0,-0.1497326203208556,0.0,1.0,0.0,0.0,0.0,0.0,0.0,0.0,-1.0,-0.8113683245473299,-0.2268398079916405,2.0,-1.0,0.0,1.0,0.0,0.0,1.0,0
0.0,0.0,0.0,-0.06417112299465241,0.0,0.0,0.0,0.0,0.0,0.0,0.0,0.0,-1.0,-0.9094659637863857,-0.25226676535577064,0.0,0.0,0.0,1.0,0.0,0.0,1.0,0
0.0,0.0,0.0,0.1497326203208556,0.0,1.0,0.0,0.0,1.0,0.0,0.0,0.0,-1.0,-0.2695393078157232,0.1608342131902341,1.0,-1.0,0.0,0.0,0.0,1.0,0.0,0
0.0,1.0,1.0,0.2994652406417112,0.0,1.0,0.0,0.0,1.0,0.0,1.0,1.0,0.0,0.5280770112308045,0.8192792067137616,0.0,-1.0,1.0,0.0,0.0,0.0,0.0,0
1.0,0.0,0.0,-0.5347593582887701,0.0,1.0,0.0,0.0,1.0,0.0,1.0,0.0,0.0,0.34288333715333497,-0.30222086766589384,0.0,-1.0,1.0,0.0,0.0,1.0,0.0,1
0.0,1.0,0.0,0.36363636363636365,0.0,1.0,1.0,0.0,0.0,0.0,0.0,0.0,-1.0,-0.2842081136832455,0.31538425255702734,0.0,-1.0,0.0,0.0,0.0,0.0,0.0,0
1.0,0.0,0.0,0.12834224598930483,0.0,1.0,1.0,0.0,0.0,0.0,0.0,1.0,-1.0,0.3758881503552602,0.5204689183746776,0.0,0.0,1.0,0.0,1.0,0.0,0.0,0
0.0,0.0,0.0,-0.5989304812834224,0.0,0.0,0.0,0.0,0.0,0.0,0.0,0.0,0.0,0.0018336007334401893,-0.38221709425897915,0.0,-1.0,1.0,0.0,0.0,1.0,0.0,1
0.0,0.0,0.0,-0.5775401069518716,0.0,0.0,0.0,1.0,0.0,0.0,0.0,0.0,-1.0,-0.39055695622278247,-0.3726094197298386,0.0,-1.0,0.0,0.0,0.0,0.0,1.0,0
0.0,0.0,0.0,-0.40641711229946526,0.0,0.0,0.0,0.0,1.0,0.0,1.0,1.0,0.0,0.44739857895943175,-0.09826822392267424,0.0,0.0,1.0,0.0,0.0,1.0,0.0,1
0.0,1.0,0.0,0.1711229946524064,0.0,1.0,0.0,0.0,1.0,1.0,1.0,0.0,-1.0,0.43639697455878984,0.6018729160090416,2.0,0.0,1.0,0.0,0.0,0.0,1.0,0
0.0,0.0,0.0,-0.5989304812834224,0.0,0.0,1.0,1.0,0.0,0.0,0.0,0.0,0.0,-0.2860417144166858,-0.3867742087637376,0.0,-1.0,0.0,0.0,0.0,1.0,0.0,1
0.0,1.0,1.0,-0.1925133689839572,0.0,0.0,0.0,0.0,0.0,0.0,0.0,0.0,-1.0,-0.931469172587669,-0.2878819213897748,1.0,-1.0,0.0,1.0,0.0,0.0,0.0,0
0.0,0.0,0.0,0.8556149732620321,0.0,1.0,0.0,0.0,1.0,1.0,1.0,1.0,-1.0,0.6142562457024984,1.6373973651460565,2.0,-1.0,1.0,0.0,0.0,1.0,0.0,0
0.0,1.0,1.0,0.8556149732620321,0.0,1.0,0.0,1.0,1.0,0.0,1.0,0.0,-1.0,0.4629841851936741,1.4872593092488382,1.0,0.0,1.0,0.0,1.0,0.0,0.0,0
0.0,1.0,1.0,-0.5989304812834224,0.0,0.0,0.0,0.0,0.0,0.0,0.0,0.0,-1.0,-0.9250515700206282,-0.39688984191602,0.0,-1.0,0.0,1.0,0.0,0.0,1.0,0
0.0,0.0,0.0,-0.5989304812834224,0.0,0.0,0.0,0.0,0.0,1.0,0.0,0.0,0.0,-0.3777217510887005,-0.38822551911557146,0.0,-1.0,0.0,0.0,0.0,1.0,0.0,0
0.0,1.0,0.0,-0.47058823529411764,0.0,0.0,1.0,0.0,0.0,0.0,0.0,0.0,0.0,-0.37038734815493934,-0.29963753523962955,0.0,-1.0,0.0,0.0,0.0,0.0,0.0,0
0.0,1.0,0.0,0.8556149732620321,0.0,1.0,1.0,1.0,1.0,1.0,1.0,1.0,0.0,0.8342883337153336,1.9724613860739517,2.0,-1.0,1.0,0.0,0.0,1.0,0.0,0
0.0,1.0,0.0,0.8128342245989305,0.0,0.0,0.0,0.0,0.0,0.0,0.0,0.0,-1.0,-0.9323859729543893,-0.015151680073146056,2.0,-1.0,0.0,1.0,0.0,0.0,1.0,0
0.0,1.0,1.0,0.5561497326203209,0.0,0.0,1.0,1.0,0.0,0.0,0.0,0.0,-1.0,-0.2713729085491634,0.5063331555478153,0.0,-1.0,0.0,0.0,0.0,1.0,0.0,0
0.0,1.0,1.0,0.8128342245989305,-1.0,0.0,1.0,1.0,0.0,0.0,0.0,0.0,-1.0,-0.6298418519367409,0.30391890077753947,2.0,-1.0,0.0,0.0,0.0,0.0,0.0,0
0.0,0.0,0.0,-0.42780748663101603,-1.0,0.0,0.0,0.0,0.0,0.0,1.0,0.0,0.0,-0.656429062571625,-0.31676299739126973,0.0,0.0,0.0,0.0,1.0,0.0,0.0,1
0.0,1.0,1.0,0.8983957219251337,0.0,0.0,1.0,1.0,1.0,0.0,1.0,1.0,0.0,0.6261746504698603,1.7128364772343831,1.0,0.0,1.0,0.0,0.0,0.0,0.0,0
1.0,1.0,0.0,0.9197860962566845,0.0,1.0,1.0,1.0,1.0,0.0,1.0,1.0,0.0,0.2493696997478798,1.33353651678259,2.0,0.0,0.0,0.0,1.0,0.0,0.0,0
1.0,1.0,0.0,-0.47058823529411764,0.0,1.0,0.0,0.0,1.0,0.0,1.0,1.0,0.0,0.5271602108640844,-0.20955470170129858,0.0,0.0,1.0,0.0,0.0,1.0,0.0,1
0.0,0.0,0.0,0.5561497326203209,0.0,0.0,1.0,1.0,0.0,0.0,1.0,1.0,0.0,0.5574146229658493,1.2088399313530203,1.0,0.0,1.0,0.0,0.0,0.0,1.0,0
1.0,0.0,0.0,-0.5775401069518716,0.0,1.0,0.0,1.0,0.0,0.0,0.0,0.0,0.0,-0.25578730231492103,-0.3683861066060019,0.0,-1.0,0.0,0.0,1.0,0.0,0.0,0
0.0,0.0,0.0,0.40641711229946526,0.0,1.0,0.0,0.0,1.0,1.0,1.0,1.0,0.0,0.6115058446023378,1.0329411167107503,0.0,-1.0,1.0,0.0,0.0,1.0,0.0,0
0.0,1.0,1.0,0.7914438502673797,0.0,1.0,0.0,0.0,0.0,0.0,0.0,0.0,0.0,0.06876002750401101,1.0077463690029136,1.0,-1.0,1.0,0.0,0.0,0.0,0.0,0
0.0,0.0,0.0,0.0855614973262032,0.0,0.0,0.0,0.0,0.0,0.0,0.0,0.0,0.0,-0.0018336007334401893,0.29568997108264117,0.0,-1.0,1.0,0.0,0.0,0.0,0.0,0
0.0,0.0,0.0,-0.0213903743315508,0.0,0.0,0.0,0.0,0.0,0.0,0.0,0.0,-1.0,-0.9580563832225534,-0.2475064674017554,1.0,0.0,0.0,1.0,1.0,0.0,0.0,0
1.0,0.0,0.0,0.8770053475935828,0.0,1.0,0.0,1.0,1.0,1.0,1.0,0.0,0.0,0.09168003667201467,1.1103249846705343,2.0,-1.0,0.0,0.0,0.0,0.0,0.0,0
0.0,0.0,0.0,0.21390374331550802,0.0,1.0,0.0,0.0,0.0,1.0,0.0,0.0,0.0,-0.30529452211780883,0.23607014182930405,2.0,0.0,0.0,0.0,1.0,0.0,0.0,0
0.0,1.0,1.0,-0.32085561497326204,0.0,1.0,0.0,0.0,1.0,0.0,0.0,1.0,0.0,0.3071281228512492,-0.03738575466324163,0.0,-1.0,1.0,0.0,0.0,1.0,0.0,1
0.0,0.0,0.0,-0.3422459893048128,0.0,1.0,1.0,0.0,1.0,0.0,1.0,1.0,0.0,0.15127206050882422,-0.11379724468729707,0.0,-1.0,0.0,0.0,0.0,1.0,0.0,0
0.0,0.0,0.0,-0.21390374331550802,0.0,0.0,0.0,1.0,0.0,1.0,0.0,1.0,0.0,-0.09443043777217522,-0.045150265045553056,1.0,0.0,0.0,0.0,0.0,0.0,0.0,0
0.0,0.0,0.0,0.3850267379679144,0.0,1.0,1.0,1.0,0.0,1.0,1.0,0.0,-1.0,0.5546642218656888,0.9525820625297065,0.0,0.0,1.0,0.0,0.0,0.0,1.0,0
0.0,1.0,0.0,0.8983957219251337,-1.0,0.0,1.0,1.0,1.0,1.0,1.0,1.0,-1.0,-0.06784322713729092,0.9583727908335237,1.0,-1.0,0.0,0.0,0.0,0.0,0.0,0
1.0,1.0,0.0,-0.47058823529411764,0.0,1.0,0.0,0.0,0.0,0.0,0.0,0.0,0.0,0.08984643593857448,-0.2479853998178606,0.0,0.0,1.0,0.0,0.0,1.0,0.0,0
1.0,0.0,0.0,-0.1925133689839572,0.0,1.0,1.0,0.0,0.0,0.0,0.0,0.0,0.0,0.1586064634425855,0.03874998639396545,0.0,-1.0,1.0,0.0,0.0,1.0,0.0,1
0.0,1.0,0.0,0.5775401069518716,0.0,1.0,1.0,0.0,0.0,0.0,1.0,1.0,0.0,0.5509970203988082,1.1980712085424126,1.0,0.0,1.0,0.0,0.0,1.0,0.0,0
0.0,1.0,1.0,0.0855614973262032,0.0,1.0,0.0,1.0,1.0,1.0,0.0,0.0,-1.0,0.331881732752693,0.43577044624165034,0.0,-1.0,1.0,0.0,1.0,0.0,0.0,0
1.0,0.0,0.0,-0.32085561497326204,0.0,1.0,0.0,0.0,0.0,0.0,0.0,0.0,0.0,0.08159523263809311,-0.10178039497411229,0.0,0.0,1.0,0.0,0.0,1.0,0.0,1
0.0,0.0,0.0,-0.5133689839572193,0.0,0.0,0.0,0.0,0.0,0.0,0.0,0.0,-1.0,-0.9268851707540684,-0.3716370417941099,0.0,0.0,0.0,1.0,0.0,0.0,1.0,0
0.0,0.0,0.0,0.7058823529411765,0.0,1.0,0.0,0.0,0.0,0.0,0.0,0.0,-1.0,-0.8636259454503783,0.012263572472996557,2.0,0.0,0.0,1.0,0.0,0.0,0.0,0
0.0,1.0,1.0,0.4919786096256685,0.0,1.0,0.0,0.0,0.0,0.0,0.0,0.0,-1.0,-0.842539537015815,-0.01635626766516823,2.0,0.0,0.0,1.0,0.0,0.0,1.0,0
0.0,1.0,1.0,-0.47058823529411764,-1.0,0.0,1.0,0.0,0.0,1.0,0.0,0.0,0.0,-0.6600962640385056,-0.32165391327695,0.0,0.0,0.0,0.0,0.0,1.0,0.0,1
0.0,0.0,0.0,-0.5989304812834224,0.0,0.0,0.0,0.0,0.0,0.0,1.0,0.0,0.0,-0.31171212468484993,-0.3871805756622511,0.0,0.0,0.0,0.0,0.0,0.0,1.0,1
0.0,0.0,0.0,-0.5347593582887701,0.0,0.0,0.0,0.0,0.0,0.0,0.0,0.0,-1.0,-0.9085491634196654,-0.37789218941051406,0.0,-1.0,0.0,1.0,0.0,0.0,0.0,1
0.0,1.0,0.0,0.44919786096256686,0.0,1.0,0.0,1.0,0.0,0.0,1.0,1.0,0.0,0.5088242035296815,1.0075867248642116,1.0,0.0,1.0,0.0,0.0,1.0,0.0,0
1.0,0.0,0.0,0.7700534759358288,0.0,1.0,1.0,0.0,1.0,1.0,1.0,1.0,0.0,0.7068530827412332,1.6605312521542885,2.0,0.0,1.0,0.0,0.0,1.0,0.0,0
0.0,0.0,0.0,-0.23529411764705882,0.0,0.0,1.0,0.0,0.0,0.0,1.0,1.0,0.0,0.46848498739399497,0.10254958946058422,0.0,-1.0,1.0,0.0,0.0,1.0,0.0,1
0.0,1.0,0.0,0.8983957219251337,0.0,0.0,1.0,0.0,1.0,1.0,1.0,1.0,0.0,0.2209488883795553,1.2902874682979395,2.0,0.0,0.0,0.0,0.0,1.0,0.0,0
0.0,0.0,0.0,-0.0213903743315508,0.0,0.0,0.0,0.0,1.0,0.0,1.0,0.0,0.0,-0.2007792803117122,0.07519238932851498,0.0,-1.0,0.0,0.0,0.0,0.0,0.0,0
0.0,0.0,0.0,-0.42780748663101603,0.0,0.0,0.0,0.0,0.0,0.0,0.0,0.0,0.0,-0.9177171670868669,-0.3598814279442552,0.0,-1.0,0.0,1.0,1.0,0.0,0.0,0
0.0,1.0,1.0,-0.1711229946524064,0.0,1.0,1.0,1.0,0.0,1.0,1.0,0.0,-1.0,0.12835205134082056,0.06896626791914748,1.0,0.0,0.0,0.0,0.0,0.0,1.0,1
0.0,1.0,1.0,0.0213903743315508,0.0,0.0,1.0,0.0,0.0,1.0,0.0,1.0,-1.0,-0.07701123080449238,0.15560949592363202,0.0,-1.0,0.0,0.0,0.0,0.0,0.0,0
0.0,1.0,0.0,0.7272727272727273,0.0,0.0,1.0,0.0,1.0,0.0,0.0,0.0,0.0,0.19527847811139137,1.1137645902043807,1.0,-1.0,1.0,0.0,1.0,0.0,0.0,0
0.0,0.0,0.0,-0.42780748663101603,0.0,0.0,0.0,0.0,0.0,0.0,0.0,0.0,0.0,-0.4904881961952785,-0.2849502744790703,0.0,-1.0,0.0,0.0,0.0,1.0,0.0,0
0.0,1.0,1.0,0.40641711229946526,0.0,1.0,1.0,1.0,0.0,0.0,1.0,1.0,0.0,0.637176254870502,1.047875100231121,0.0,-1.0,1.0,0.0,1.0,0.0,0.0,0
0.0,0.0,0.0,-0.1711229946524064,0.0,0.0,0.0,0.0,0.0,0.0,0.0,0.0,0.0,-0.9268851707540684,-0.28184447032614574,0.0,0.0,0.0,1.0,0.0,0.0,1.0,0
0.0,1.0,0.0,0.8128342245989305,0.0,1.0,0.0,1.0,1.0,0.0,1.0,1.0,0.0,0.6454274581709833,1.5759924241599632,1.0,-1.0,1.0,0.0,0.0,0.0,0.0,0
0.0,0.0,0.0,-0.10695187165775401,0.0,0.0,0.0,1.0,0.0,0.0,0.0,0.0,0.0,-0.38138895255558103,-0.04909782920254127,0.0,0.0,0.0,0.0,0.0,0.0,1.0,0
0.0,1.0,1.0,0.7486631016042781,0.0,1.0,0.0,0.0,0.0,0.0,0.0,0.0,-1.0,-0.8361219344487739,0.060403536843327395,1.0,-1.0,0.0,1.0,0.0,0.0,1.0,0
1.0,0.0,0.0,-0.5561497326203209,0.0,1.0,0.0,0.0,0.0,0.0,0.0,0.0,0.0,0.11918404767361908,-0.3336997891971714,0.0,0.0,1.0,0.0,0.0,1.0,0.0,1
0.0,1.0,1.0,0.8342245989304813,-1.0,0.0,0.0,1.0,1.0,1.0,1.0,1.0,-1.0,-0.18702727481091,0.789977250710235,2.0,-1.0,0.0,0.0,1.0,0.0,0.0,0
0.0,0.0,1.0,-0.1711229946524064,0.0,0.0,1.0,0.0,1.0,0.0,0.0,1.0,-1.0,-0.10359844143937669,-0.014687260760559229,1.0,-1.0,0.0,0.0,0.0,0.0,1.0,0
0.0,0.0,0.0,-0.0855614973262032,0.0,0.0,0.0,0.0,0.0,0.0,0.0,0.0,-1.0,-0.013752005500802201,0.0992551149619212,0.0,0.0,1.0,0.0,0.0,1.0,0.0,0
0.0,0.0,0.0,-0.12834224598930483,0.0,0.0,0.0,0.0,0.0,0.0,0.0,0.0,0.0,-0.9204675681870275,-0.2661122661122661,0.0,-1.0,0.0,1.0,0.0,0.0,0.0,0
0.0,1.0,1.0,0.9197860962566845,0.0,1.0,0.0,0.0,0.0,0.0,0.0,1.0,0.0,0.2567041026816411,1.3768436176813144,2.0,0.0,1.0,0.0,1.0,0.0,0.0,0
0.0,0.0,0.0,-0.1497326203208556,0.0,0.0,0.0,0.0,0.0,0.0,0.0,0.0,-1.0,-0.9204675681870275,-0.2671136702550316,1.0,0.0,0.0,1.0,1.0,0.0,0.0,0
0.0,1.0,1.0,0.3850267379679144,0.0,1.0,0.0,1.0,0.0,0.0,0.0,0.0,-1.0,-0.2979601191840477,0.3340335905780931,0.0,0.0,0.0,0.0,0.0,1.0,0.0,0
0.0,1.0,0.0,-0.23529411764705882,0.0,0.0,0.0,0.0,1.0,0.0,1.0,1.0,0.0,0.4666513866605548,0.10394284739834475,0.0,-1.0,1.0,0.0,1.0,0.0,0.0,0
0.0,1.0,0.0,0.6203208556149733,0.0,0.0,0.0,0.0,0.0,0.0,0.0,0.0,-1.0,-0.912216364886546,-0.05847329407538833,2.0,0.0,0.0,1.0,0.0,0.0,1.0,0
0.0,0.0,0.0,0.12834224598930483,0.0,0.0,1.0,1.0,1.0,0.0,0.0,0.0,-1.0,-0.17052486820994725,0.18396810019846668,1.0,0.0,0.0,0.0,0.0,0.0,1.0,0
0.0,0.0,0.0,-0.4919786096256685,0.0,0.0,1.0,1.0,0.0,0.0,0.0,0.0,0.0,0.15493926197570485,-0.259044384698835,0.0,0.0,1.0,0.0,0.0,1.0,0.0,0
0.0,1.0,1.0,0.47058823529411764,0.0,0.0,0.0,0.0,0.0,0.0,0.0,0.0,-1.0,-0.9268851707540684,-0.10410249153704654,2.0,-1.0,0.0,1.0,0.0,0.0,1.0,0
0.0,1.0,1.0,0.0427807486631016,0.0,0.0,0.0,0.0,0.0,0.0,0.0,0.0,0.0,-0.9342195736878296,-0.21144140515868268,0.0,-1.0,0.0,1.0,0.0,0.0,1.0,1
0.0,1.0,1.0,0.5347593582887701,0.0,0.0,0.0,0.0,0.0,0.0,0.0,0.0,0.0,-0.9195507678203072,-0.0856418238617192,2.0,-1.0,0.0,1.0,0.0,0.0,0.0,0
0.0,1.0,1.0,-0.5347593582887701,0.0,0.0,0.0,0.0,0.0,0.0,0.0,0.0,-1.0,-0.47123538849415547,-0.3534666361891493,0.0,0.0,0.0,0.0,0.0,1.0,0.0,0
0.0,0.0,0.0,-0.5347593582887701,0.0,0.0,0.0,0.0,1.0,0.0,0.0,0.0,0.0,0.062342424936970085,-0.32118949396436314,0.0,0.0,1.0,0.0,0.0,1.0,0.0,1
0.0,0.0,0.0,-0.27807486631016043,0.0,1.0,0.0,1.0,1.0,0.0,0.0,1.0,0.0,0.46023378409351356,0.04883659333921114,0.0,-1.0,1.0,0.0,1.0,0.0,0.0,1
0.0,0.0,0.0,-0.47058823529411764,0.0,1.0,0.0,0.0,0.0,0.0,0.0,0.0,0.0,0.0843456337382534,-0.2422091846175616,0.0,-1.0,1.0,0.0,0.0,0.0,0.0,1
0.0,1.0,0.0,0.36363636363636365,0.0,0.0,1.0,1.0,1.0,1.0,0.0,0.0,-1.0,-0.08892963557185414,0.4817624712912671,2.0,0.0,0.0,0.0,0.0,0.0,1.0,0
0.0,1.0,1.0,0.8556149732620321,0.0,0.0,1.0,1.0,0.0,1.0,1.0,1.0,-1.0,0.1861104744441899,1.206082441684536,2.0,0.0,0.0,0.0,0.0,0.0,0.0,0
0.0,0.0,0.0,0.1497326203208556,0.0,1.0,1.0,0.0,1.0,1.0,1.0,1.0,0.0,0.3511345404538163,0.5691168413681502,1.0,-1.0,0.0,0.0,1.0,0.0,0.0,0
0.0,0.0,0.0,0.40641711229946526,0.0,1.0,0.0,0.0,0.0,0.0,0.0,0.0,-1.0,-0.8333715333486135,-0.06266758099218835,1.0,-1.0,0.0,1.0,1.0,0.0,0.0,0
0.0,1.0,1.0,0.9197860962566845,0.0,0.0,1.0,1.0,0.0,1.0,1.0,1.0,-1.0,0.6417602567041027,1.8066346652734087,2.0,0.0,1.0,0.0,0.0,0.0,0.0,0
0.0,0.0,0.0,-0.42780748663101603,0.0,0.0,1.0,0.0,1.0,1.0,1.0,0.0,0.0,-0.018336007334402937,-0.21309589895977335,0.0,0.0,0.0,0.0,0.0,0.0,1.0,0
0.0,1.0,1.0,0.7486631016042781,0.0,0.0,1.0,0.0,1.0,0.0,1.0,1.0,0.0,0.04675681870272743,0.9582276597983403,1.0,0.0,0.0,0.0,1.0,0.0,0.0,0
0.0,1.0,0.0,0.3422459893048128,0.0,0.0,0.0,0.0,0.0,1.0,1.0,1.0,0.0,0.4528993811597526,0.8412955847510822,2.0,-1.0,1.0,0.0,1.0,0.0,0.0,0
0.0,0.0,0.0,-0.5133689839572193,0.0,0.0,0.0,0.0,0.0,0.0,0.0,0.0,-1.0,-0.9250515700206282,-0.3749750556033279,0.0,0.0,0.0,1.0,1.0,0.0,0.0,0
1.0,1.0,0.0,0.44919786096256686,0.0,1.0,1.0,0.0,1.0,0.0,1.0,1.0,0.0,0.6335090534036214,1.0960005514979339,2.0,0.0,1.0,0.0,1.0,0.0,0.0,0
0.0,0.0,1.0,0.25668449197860965,0.0,0.0,1.0,1.0,1.0,0.0,1.0,0.0,-1.0,-0.0055008022003208285,0.43746847935329614,1.0,0.0,0.0,0.0,0.0,0.0,1.0,0
0.0,1.0,1.0,-0.0213903743315508,0.0,0.0,0.0,0.0,0.0,0.0,0.0,0.0,0.0,-0.9204675681870275,-0.26107621919140245,2.0,0.0,0.0,1.0,1.0,0.0,0.0,0
0.0,1.0,0.0,0.8770053475935828,0.0,1.0,0.0,1.0,1.0,1.0,0.0,1.0,0.0,0.5170754068301628,1.58816891801185,2.0,0.0,1.0,0.0,0.0,0.0,0.0,0
1.0,0.0,0.0,-0.5989304812834224,0.0,0.0,0.0,0.0,1.0,0.0,0.0,1.0,0.0,0.26587210634884256,-0.37803732044569743,0.0,-1.0,1.0,0.0,0.0,1.0,0.0,1
0.0,0.0,0.0,0.25668449197860965,0.0,1.0,0.0,1.0,0.0,0.0,0.0,0.0,0.0,-0.2603713041485217,0.2834699379201997,1.0,-1.0,0.0,0.0,1.0,0.0,0.0,0
0.0,1.0,0.0,0.2994652406417112,0.0,0.0,1.0,0.0,1.0,1.0,0.0,0.0,0.0,0.2521201008480404,0.6246004361187607,1.0,0.0,1.0,0.0,0.0,0.0,0.0,0
0.0,0.0,0.0,0.5561497326203209,0.0,1.0,0.0,0.0,0.0,0.0,1.0,1.0,0.0,0.48223699289479716,1.131020670287686,0.0,0.0,1.0,0.0,0.0,1.0,0.0,1
0.0,1.0,1.0,0.7272727272727273,0.0,1.0,1.0,0.0,1.0,1.0,0.0,1.0,-1.0,0.09534723813889531,0.9547590280574573,2.0,0.0,0.0,0.0,0.0,0.0,1.0,0
0.0,1.0,1.0,-0.10695187165775401,0.0,0.0,0.0,0.0,0.0,0.0,0.0,0.0,0.0,-0.911299564519826,-0.2663880150791146,1.0,0.0,0.0,1.0,1.0,0.0,0.0,0
0.0,0.0,0.0,-0.1497326203208556,0.0,0.0,0.0,0.0,0.0,0.0,0.0,0.0,-1.0,-0.9103827641531057,-0.27190299441608345,1.0,-1.0,0.0,1.0,0.0,0.0,0.0,0
0.0,1.0,1.0,-0.47058823529411764,0.0,0.0,0.0,0.0,0.0,0.0,0.0,0.0,-1.0,-0.9140499656199864,-0.35917028587185656,1.0,0.0,0.0,1.0,0.0,0.0,1.0,0
0.0,1.0,1.0,0.4919786096256685,0.0,1.0,0.0,0.0,0.0,0.0,0.0,0.0,0.0,-0.8333715333486135,-0.03400420154346859,2.0,-1.0,0.0,1.0,0.0,0.0,0.0,0
0.0,1.0,1.0,0.44919786096256686,0.0,1.0,1.0,0.0,0.0,1.0,1.0,0.0,0.0,0.0,0.6093326512174679,2.0,0.0,0.0,0.0,1.0,0.0,0.0,0
1.0,1.0,0.0,-0.1711229946524064,0.0,0.0,1.0,1.0,0.0,0.0,0.0,1.0,0.0,-0.10176484070593624,-0.013816474549458883,0.0,0.0,0.0,0.0,0.0,0.0,0.0,0
0.0,0.0,0.0,-0.5775401069518716,0.0,1.0,0.0,1.0,0.0,0.0,0.0,0.0,-1.0,0.1659408663763465,-0.3586623272487147,0.0,-1.0,1.0,0.0,0.0,1.0,0.0,0
0.0,0.0,0.0,-0.21390374331550802,0.0,0.0,0.0,0.0,0.0,0.0,0.0,0.0,-1.0,-0.9323859729543893,-0.2987522359250108,2.0,0.0,0.0,1.0,0.0,0.0,1.0,0
0.0,1.0,1.0,0.10695187165775401,0.0,1.0,0.0,0.0,0.0,0.0,0.0,0.0,-1.0,-0.8352051340820537,-0.14312822689786045,2.0,-1.0,0.0,1.0,1.0,0.0,0.0,0
1.0,0.0,0.0,0.1711229946524064,0.0,1.0,0.0,0.0,0.0,0.0,0.0,0.0,0.0,0.10543204217281688,0.4220845896238567,0.0,-1.0,1.0,0.0,0.0,1.0,0.0,1
0.0,1.0,0.0,-0.4919786096256685,0.0,1.0,0.0,0.0,0.0,0.0,0.0,0.0,-1.0,-0.36947054778821914,-0.31140766219300253,0.0,-1.0,0.0,0.0,0.0,1.0,0.0,0
0.0,1.0,0.0,-0.5561497326203209,0.0,0.0,0.0,0.0,0.0,0.0,0.0,0.0,-1.0,-0.9259683703873482,-0.3882980846331632,0.0,0.0,0.0,1.0,0.0,0.0,0.0,0
1.0,1.0,0.0,-0.44919786096256686,0.0,1.0,0.0,1.0,0.0,0.0,0.0,0.0,0.0,0.1861104744441899,-0.21888662726359065,0.0,-1.0,1.0,0.0,1.0,0.0,0.0,1
1.0,0.0,0.0,0.0213903743315508,0.0,1.0,1.0,1.0,1.0,0.0,0.0,0.0,-1.0,0.3887233554893423,0.397876732955267,0.0,-1.0,1.0,0.0,1.0,0.0,0.0,1
0.0,1.0,0.0,-0.5561497326203209,-1.0,0.0,1.0,0.0,0.0,1.0,0.0,0.0,-1.0,-0.649094659637864,-0.3733641011127923,0.0,0.0,0.0,0.0,0.0,0.0,1.0,0
0.0,1.0,1.0,0.7914438502673797,0.0,0.0,0.0,0.0,0.0,0.0,0.0,0.0,0.0,-0.930552372220949,-0.012452242818734992,2.0,0.0,0.0,1.0,0.0,0.0,1.0,0
0.0,0.0,0.0,0.7486631016042781,0.0,0.0,1.0,1.0,0.0,0.0,1.0,1.0,0.0,0.5464130185652074,1.5141230638612837,1.0,0.0,1.0,0.0,1.0,0.0,0.0,0
0.0,0.0,0.0,0.6844919786096256,0.0,1.0,0.0,0.0,1.0,0.0,0.0,1.0,-1.0,0.34288333715333497,1.1939059478326497,0.0,-1.0,1.0,0.0,0.0,0.0,1.0,0
0.0,1.0,1.0,-0.1711229946524064,0.0,0.0,0.0,0.0,0.0,0.0,0.0,0.0,-1.0,-0.9296355718542288,-0.3010888455914634,1.0,0.0,0.0,1.0,0.0,0.0,1.0,0
0.0,1.0,0.0,0.6844919786096256,0.0,1.0,0.0,0.0,0.0,0.0,0.0,0.0,-1.0,-0.8452899381159754,0.008852993146186863,2.0,-1.0,0.0,1.0,0.0,0.0,1.0,0
0.0,0.0,0.0,0.23529411764705882,0.0,1.0,0.0,0.0,0.0,0.0,0.0,0.0,0.0,-0.8416227366490947,-0.1200088529931462,2.0,0.0,0.0,1.0,0.0,0.0,1.0,0
1.0,0.0,0.0,-0.5775401069518716,0.0,0.0,0.0,0.0,0.0,0.0,0.0,0.0,-1.0,-0.46848498739399497,-0.3779937811351424,0.0,0.0,0.0,0.0,0.0,0.0,1.0,1
0.0,0.0,0.0,-0.5989304812834224,0.0,0.0,0.0,0.0,0.0,0.0,0.0,0.0,-1.0,-0.4721521888608756,-0.38972036877796046,0.0,-1.0,0.0,0.0,0.0,0.0,1.0,0
0.0,0.0,1.0,-0.1497326203208556,0.0,0.0,0.0,1.0,1.0,0.0,1.0,0.0,0.0,0.34655053862021556,0.17824993741224104,0.0,0.0,1.0,0.0,0.0,1.0,0.0,1
0.0,1.0,1.0,0.1711229946524064,0.0,0.0,0.0,0.0,0.0,0.0,0.0,0.0,-1.0,-0.9378867751547101,-0.20424290581358648,0.0,-1.0,0.0,1.0,0.0,1.0,0.0,0
0.0,1.0,0.0,0.6844919786096256,0.0,1.0,0.0,1.0,1.0,1.0,1.0,1.0,0.0,0.7994499197799679,1.6674830287395732,0.0,0.0,1.0,0.0,0.0,1.0,0.0,0
1.0,1.0,0.0,-0.23529411764705882,0.0,0.0,0.0,0.0,0.0,0.0,0.0,1.0,-1.0,0.1476048590419436,0.01023173798042908,0.0,0.0,1.0,0.0,0.0,1.0,0.0,1
0.0,0.0,0.0,-0.5989304812834224,0.0,0.0,0.0,0.0,0.0,0.0,0.0,0.0,0.0,-0.018336007334402937,-0.38253638253638256,0.0,-1.0,1.0,0.0,0.0,1.0,0.0,1
0.0,0.0,0.0,-0.5561497326203209,0.0,0.0,0.0,1.0,0.0,1.0,1.0,1.0,0.0,0.08801283520513403,-0.3318566250503424,0.0,-1.0,0.0,0.0,0.0,1.0,0.0,0
0.0,0.0,0.0,0.47058823529411764,0.0,1.0,1.0,1.0,1.0,1.0,1.0,0.0,0.0,0.19527847811139137,0.7949697583205436,1.0,0.0,0.0,0.0,1.0,0.0,0.0,0
0.0,0.0,0.0,0.6203208556149733,0.0,1.0,0.0,0.0,0.0,0.0,0.0,0.0,0.0,-0.8443731377492552,0.03663107328028789,2.0,0.0,0.0,1.0,1.0,0.0,0.0,0
0.0,0.0,1.0,-0.5561497326203209,0.0,0.0,0.0,0.0,0.0,0.0,0.0,0.0,0.0,-0.9158835663534267,-0.3860485535878206,1.0,-1.0,0.0,1.0,1.0,0.0,0.0,0
0.0,0.0,0.0,0.36363636363636365,-1.0,0.0,1.0,0.0,1.0,1.0,0.0,0.0,-1.0,-0.5913362365344946,0.10680192879145754,2.0,0.0,0.0,0.0,0.0,0.0,1.0,0
0.0,1.0,1.0,0.9197860962566845,-1.0,0.0,1.0,1.0,1.0,1.0,1.0,1.0,0.0,-0.12285124914049972,0.956965019792245,2.0,-1.0,0.0,0.0,0.0,0.0,0.0,0
0.0,0.0,0.0,-0.42780748663101603,0.0,0.0,0.0,0.0,0.0,0.0,0.0,0.0,-1.0,-0.9287187714875087,-0.35081073824529324,0.0,0.0,0.0,1.0,0.0,0.0,1.0,0
0.0,1.0,1.0,-0.21390374331550802,0.0,1.0,0.0,0.0,0.0,1.0,1.0,1.0,0.0,0.5583314233325695,0.1416914296495448,1.0,0.0,1.0,0.0,0.0,1.0,0.0,1
0.0,0.0,1.0,-0.40641711229946526,-1.0,0.0,1.0,1.0,0.0,1.0,0.0,0.0,-1.0,-0.5546642218656888,-0.2832812675744613,1.0,-1.0,0.0,0.0,0.0,0.0,1.0,0
0.0,1.0,1.0,-0.5989304812834224,0.0,0.0,0.0,0.0,0.0,0.0,1.0,0.0,0.0,0.17510887004354797,-0.379474117694013,0.0,-1.0,1.0,0.0,0.0,0.0,1.0,1
0.0,1.0,0.0,0.10695187165775401,0.0,1.0,0.0,0.0,0.0,0.0,0.0,0.0,-1.0,-0.8397891359156544,-0.17624712912671028,0.0,-1.0,0.0,1.0,0.0,1.0,0.0,0
0.0,1.0,0.0,0.9197860962566845,0.0,1.0,1.0,1.0,1.0,1.0,1.0,1.0,-1.0,0.8058675223470091,2.028249755998447,2.0,0.0,1.0,0.0,1.0,0.0,0.0,0
1.0,1.0,0.0,0.7272727272727273,0.0,1.0,0.0,1.0,1.0,0.0,1.0,1.0,0.0,0.6050882420352969,1.478014462307656,0.0,-1.0,1.0,0.0,0.0,1.0,0.0,0
0.0,0.0,0.0,-0.12834224598930483,0.0,1.0,0.0,0.0,0.0,0.0,1.0,1.0,0.0,0.4217281686912675,0.2769535544404655,0.0,-1.0,1.0,0.0,0.0,1.0,0.0,0
0.0,0.0,0.0,-0.21390374331550802,0.0,0.0,0.0,0.0,0.0,0.0,0.0,0.0,-1.0,-0.9479715791886318,-0.3216684263804683,1.0,0.0,0.0,1.0,0.0,0.0,1.0,0
0.0,0.0,0.0,0.9197860962566845,0.0,1.0,1.0,1.0,1.0,0.0,1.0,0.0,0.0,0.5647490258996104,1.704955862023925,2.0,-1.0,1.0,0.0,0.0,0.0,0.0,0
0.0,1.0,0.0,-0.5989304812834224,0.0,0.0,1.0,0.0,1.0,0.0,0.0,0.0,-1.0,-0.2713729085491634,-0.38654199910744413,0.0,0.0,0.0,0.0,0.0,0.0,1.0,0
0.0,1.0,1.0,0.7486631016042781,0.0,0.0,1.0,1.0,0.0,0.0,0.0,0.0,-1.0,0.1934448773779509,1.0878877266311822,0.0,0.0,1.0,0.0,0.0,1.0,0.0,0
0.0,1.0,1.0,-0.44919786096256686,0.0,0.0,1.0,0.0,0.0,0.0,0.0,0.0,0.0,-0.3520513408205364,-0.2832377282639063,0.0,0.0,0.0,0.0,1.0,0.0,0.0,0
0.0,0.0,0.0,-0.1497326203208556,0.0,0.0,0.0,0.0,0.0,0.0,1.0,1.0,-1.0,0.34380013752005506,0.15106689452239186,0.0,-1.0,1.0,0.0,0.0,1.0,0.0,1
0.0,1.0,1.0,0.5133689839572193,0.0,1.0,1.0,0.0,0.0,1.0,0.0,1.0,-1.0,0.02475360990144386,0.7083845827301325,0.0,0.0,0.0,0.0,0.0,1.0,0.0,0
1.0,1.0,0.0,0.7700534759358288,0.0,1.0,1.0,0.0,0.0,0.0,1.0,1.0,0.0,0.5546642218656888,1.5346881315467704,1.0,0.0,1.0,0.0,0.0,1.0,0.0,0
0.0,1.0,1.0,0.23529411764705882,0.0,1.0,0.0,0.0,0.0,0.0,0.0,0.0,0.0,-0.81228512491405,-0.0899522156066659,0.0,-1.0,0.0,1.0,0.0,1.0,0.0,0
0.0,1.0,1.0,0.06417112299465241,0.0,0.0,0.0,0.0,0.0,0.0,0.0,0.0,0.0,-0.9360531744212698,-0.20691331686096087,0.0,0.0,0.0,1.0,1.0,0.0,0.0,0
1.0,0.0,0.0,0.23529411764705882,0.0,1.0,0.0,0.0,1.0,1.0,1.0,1.0,0.0,0.6096722438688976,0.8130240590973574,1.0,-1.0,1.0,0.0,1.0,0.0,0.0,0
0.0,1.0,1.0,0.5347593582887701,0.0,0.0,0.0,1.0,0.0,1.0,0.0,0.0,0.0,0.17327526931010778,0.8634280676165493,2.0,0.0,1.0,0.0,0.0,0.0,0.0,0
0.0,0.0,0.0,-0.5989304812834224,0.0,0.0,0.0,0.0,0.0,0.0,0.0,0.0,0.0,-0.4528993811597526,-0.38941559360407535,0.0,0.0,0.0,0.0,0.0,0.0,1.0,0
0.0,0.0,1.0,-0.21390374331550802,0.0,1.0,0.0,0.0,0.0,0.0,0.0,0.0,0.0,-0.8507907403162962,-0.2752264951217831,0.0,0.0,0.0,1.0,1.0,0.0,0.0,0
0.0,1.0,1.0,0.0,0.0,1.0,1.0,0.0,0.0,1.0,1.0,0.0,-1.0,-0.02658721063488431,0.1657541552829511,1.0,0.0,0.0,0.0,0.0,0.0,0.0,0
1.0,1.0,0.0,-0.12834224598930483,0.0,0.0,0.0,0.0,0.0,0.0,1.0,1.0,0.0,0.3658033463213386,0.21184777205719613,0.0,0.0,1.0,0.0,0.0,1.0,0.0,0
0.0,1.0,0.0,-0.5989304812834224,0.0,0.0,0.0,0.0,0.0,0.0,1.0,0.0,0.0,0.16227366490946588,-0.3796773011432698,0.0,-1.0,1.0,0.0,0.0,0.0,0.0,1
0.0,0.0,0.0,0.8770053475935828,0.0,1.0,1.0,1.0,1.0,0.0,1.0,1.0,-1.0,0.2603713041485217,1.3362649802440378,2.0,-1.0,0.0,0.0,0.0,0.0,1.0,0
0.0,0.0,0.0,0.10695187165775401,0.0,1.0,1.0,1.0,1.0,0.0,1.0,1.0,0.0,0.7206050882420353,0.6385330154963663,0.0,-1.0,1.0,0.0,0.0,0.0,1.0,1
0.0,0.0,1.0,-0.5561497326203209,0.0,0.0,0.0,0.0,0.0,0.0,0.0,0.0,-1.0,-0.9103827641531057,-0.38510520185912855,0.0,0.0,0.0,1.0,0.0,0.0,1.0,0
0.0,1.0,1.0,0.3422459893048128,0.0,1.0,0.0,0.0,0.0,0.0,0.0,0.0,0.0,-0.8407059362823747,-0.07215915069318214,2.0,-1.0,0.0,1.0,0.0,0.0,0.0,0
0.0,0.0,0.0,-0.3422459893048128,-1.0,0.0,0.0,0.0,0.0,0.0,0.0,0.0,0.0,-0.8544579417831768,-0.3153987656605458,0.0,-1.0,0.0,0.0,0.0,1.0,0.0,1
0.0,1.0,1.0,0.42780748663101603,-1.0,0.0,1.0,0.0,0.0,1.0,0.0,0.0,0.0,-0.636259454503782,0.11453741296673231,1.0,-1.0,0.0,0.0,1.0,0.0,0.0,0
1.0,1.0,0.0,-0.5989304812834224,0.0,1.0,0.0,0.0,0.0,0.0,1.0,1.0,0.0,0.4510657804263121,-0.37510567353499297,0.0,0.0,1.0,0.0,0.0,1.0,0.0,1
0.0,1.0,1.0,-0.0213903743315508,0.0,1.0,0.0,0.0,0.0,1.0,0.0,1.0,0.0,0.3658033463213386,0.32563050364097484,1.0,-1.0,1.0,0.0,0.0,1.0,0.0,0
0.0,1.0,1.0,0.5133689839572193,0.0,1.0,1.0,0.0,1.0,1.0,1.0,1.0,-1.0,0.27870731148292466,0.9371691465932305,0.0,0.0,0.0,0.0,0.0,1.0,0.0,0
0.0,0.0,0.0,-0.5561497326203209,0.0,0.0,0.0,0.0,0.0,0.0,0.0,0.0,0.0,-0.9333027733211094,-0.3853664377224587,0.0,-1.0,0.0,1.0,0.0,0.0,1.0,1
0.0,0.0,0.0,-0.5775401069518716,0.0,0.0,0.0,1.0,0.0,0.0,0.0,0.0,0.0,-0.37038734815493934,-0.3757877894003549,0.0,0.0,0.0,0.0,0.0,0.0,1.0,0
1.0,0.0,0.0,-0.5989304812834224,0.0,0.0,0.0,0.0,0.0,0.0,0.0,0.0,0.0,-0.018336007334402937,-0.38253638253638256,0.0,0.0,1.0,0.0,0.0,0.0,0.0,1
0.0,1.0,1.0,0.7914438502673797,0.0,0.0,0.0,0.0,0.0,1.0,0.0,0.0,0.0,-0.386889754755902,0.5411791170953474,1.0,-1.0,0.0,0.0,1.0,0.0,0.0,0
0.0,1.0,1.0,0.6203208556149733,0.0,0.0,0.0,0.0,0.0,0.0,0.0,0.0,-1.0,-0.9168003667201468,-0.05689136579188935,2.0,-1.0,0.0,1.0,1.0,0.0,0.0,0
0.0,1.0,1.0,0.9197860962566845,0.0,0.0,1.0,1.0,1.0,1.0,1.0,1.0,0.0,0.7151042860417145,1.8772699400971653,2.0,-1.0,1.0,0.0,1.0,0.0,0.0,0
0.0,1.0,0.0,0.5347593582887701,0.0,1.0,0.0,0.0,0.0,0.0,1.0,1.0,0.0,-0.0064176025670409234,0.6758026653314612,1.0,-1.0,0.0,0.0,1.0,0.0,0.0,1
1.0,0.0,0.0,-0.1925133689839572,0.0,0.0,0.0,0.0,0.0,0.0,1.0,0.0,-1.0,0.18702727481091,0.06583143755918625,0.0,-1.0,1.0,0.0,0.0,0.0,0.0,0
0.0,1.0,1.0,0.6631016042780749,0.0,0.0,1.0,1.0,1.0,0.0,0.0,0.0,-1.0,-0.18336007334402935,0.6696491094396853,2.0,0.0,0.0,0.0,0.0,0.0,0.0,0
0.0,1.0,1.0,0.32085561497326204,0.0,0.0,0.0,0.0,0.0,0.0,0.0,0.0,-1.0,-0.9333027733211094,-0.17623261602319196,0.0,-1.0,0.0,1.0,0.0,0.0,1.0,0
0.0,1.0,0.0,0.8983957219251337,0.0,1.0,0.0,0.0,0.0,0.0,0.0,0.0,-1.0,-0.8232867293146918,0.14537775794320296,2.0,-1.0,0.0,1.0,1.0,0.0,0.0,0
0.0,0.0,0.0,-0.5775401069518716,0.0,0.0,0.0,0.0,0.0,0.0,0.0,0.0,-1.0,-0.9268851707540684,-0.3916360984423812,0.0,-1.0,0.0,1.0,0.0,0.0,1.0,0
0.0,1.0,0.0,0.8556149732620321,0.0,1.0,1.0,1.0,1.0,1.0,1.0,1.0,0.0,0.7710291084116434,1.8632212558914132,2.0,0.0,1.0,0.0,0.0,0.0,0.0,0
0.0,1.0,0.0,0.42780748663101603,0.0,1.0,0.0,1.0,0.0,0.0,1.0,1.0,0.0,0.5234930093972038,1.0061499276158963,0.0,0.0,1.0,0.0,0.0,0.0,0.0,1
0.0,1.0,1.0,-0.5989304812834224,0.0,0.0,0.0,0.0,0.0,0.0,0.0,0.0,-1.0,-0.9397203758881505,-0.3971220515723134,0.0,-1.0,0.0,1.0,0.0,1.0,0.0,0
0.0,0.0,0.0,-0.47058823529411764,0.0,0.0,1.0,1.0,1.0,0.0,0.0,0.0,-1.0,-0.16685766674306673,-0.27531357374289317,0.0,-1.0,0.0,0.0,0.0,1.0,0.0,0
0.0,1.0,0.0,0.7486631016042781,0.0,1.0,0.0,0.0,1.0,1.0,0.0,0.0,-1.0,-0.22278248911299564,0.6876453578024257,1.0,-1.0,0.0,0.0,0.0,0.0,0.0,0
0.0,1.0,1.0,-0.4919786096256685,-1.0,0.0,0.0,1.0,1.0,1.0,0.0,0.0,-1.0,-0.549163419665368,-0.33957759612209876,2.0,-1.0,0.0,0.0,0.0,0.0,1.0,0
0.0,0.0,0.0,-0.3422459893048128,0.0,0.0,0.0,0.0,1.0,0.0,1.0,0.0,0.0,0.23286729314691734,-0.09485764459586454,0.0,0.0,1.0,0.0,0.0,1.0,0.0,1
0.0,1.0,1.0,0.0,0.0,0.0,0.0,0.0,0.0,0.0,0.0,0.0,-1.0,-0.9223011689204677,-0.24051115150591595,2.0,-1.0,0.0,1.0,0.0,0.0,1.0,0
1.0,1.0,1.0,0.40641711229946526,-1.0,0.0,0.0,1.0,0.0,0.0,0.0,0.0,-1.0,-0.7444418977767592,0.00039185379499512984,1.0,-1.0,0.0,0.0,0.0,0.0,0.0,0
1.0,0.0,0.0,-0.5989304812834224,0.0,1.0,0.0,0.0,0.0,0.0,0.0,1.0,0.0,0.26678890671556266,-0.37802280734217913,0.0,-1.0,1.0,0.0,0.0,1.0,0.0,1
1.0,0.0,0.0,0.7700534759358288,0.0,1.0,1.0,0.0,1.0,1.0,1.0,1.0,0.0,0.7306898922759569,1.7005729047613865,2.0,0.0,1.0,0.0,0.0,1.0,0.0,0
0.0,0.0,0.0,-0.1711229946524064,0.0,0.0,0.0,0.0,0.0,0.0,0.0,0.0,-1.0,-0.9333027733211094,-0.2893912841556821,2.0,0.0,0.0,1.0,0.0,0.0,1.0,0
0.0,0.0,0.0,-0.5561497326203209,0.0,1.0,0.0,0.0,0.0,0.0,0.0,1.0,0.0,0.2713729085491634,-0.32584820019375,0.0,0.0,1.0,0.0,0.0,1.0,0.0,1
0.0,1.0,1.0,-0.6203208556149733,0.0,0.0,1.0,1.0,1.0,0.0,1.0,1.0,-1.0,0.18977767591107028,0.0,2.0,-1.0,0.0,0.0,0.0,0.0,1.0,0
0.0,0.0,0.0,-0.40641711229946526,0.0,0.0,0.0,1.0,0.0,1.0,0.0,1.0,-1.0,-0.10268164107265633,-0.20372043408692628,1.0,-1.0,0.0,0.0,0.0,0.0,1.0,0
0.0,0.0,0.0,0.0,0.0,0.0,0.0,0.0,0.0,0.0,0.0,0.0,-1.0,-0.9424707769883108,-0.24901583016766266,1.0,0.0,0.0,1.0,0.0,0.0,1.0,0
0.0,1.0,0.0,0.4919786096256685,0.0,1.0,0.0,1.0,0.0,1.0,0.0,1.0,0.0,0.46115058446023394,1.0742599224274616,0.0,0.0,1.0,0.0,1.0,0.0,0.0,0
0.0,0.0,0.0,0.40641711229946526,0.0,0.0,1.0,0.0,1.0,1.0,0.0,0.0,0.0,-0.18611047444418977,0.4380054641834747,1.0,-1.0,0.0,0.0,1.0,0.0,0.0,1
0.0,0.0,0.0,-0.5989304812834224,0.0,0.0,0.0,0.0,0.0,0.0,0.0,0.0,-1.0,-0.9204675681870275,-0.3968172763984283,0.0,-1.0,0.0,1.0,1.0,0.0,0.0,0
0.0,1.0,1.0,0.7058823529411765,0.0,1.0,0.0,0.0,0.0,0.0,0.0,0.0,0.0,-0.8480403392161358,0.010797749017644253,2.0,0.0,0.0,1.0,0.0,0.0,0.0,0
0.0,0.0,0.0,-0.5561497326203209,-1.0,0.0,0.0,0.0,1.0,0.0,1.0,0.0,0.0,-0.5564978225991292,-0.36475783072641715,0.0,0.0,0.0,0.0,0.0,0.0,1.0,1
1.0,0.0,0.0,-0.44919786096256686,0.0,1.0,0.0,0.0,0.0,0.0,0.0,0.0,0.0,0.0962640385056154,-0.2267382162670121,0.0,-1.0,1.0,0.0,0.0,1.0,0.0,1
0.0,1.0,0.0,0.2994652406417112,0.0,1.0,1.0,1.0,0.0,1.0,0.0,0.0,-1.0,-0.07792803117121248,0.4411838338539909,0.0,0.0,0.0,0.0,0.0,0.0,0.0,0
0.0,0.0,1.0,0.7914438502673797,0.0,1.0,1.0,1.0,0.0,1.0,0.0,0.0,-1.0,-0.08801283520513403,0.8683189835022295,2.0,0.0,0.0,0.0,0.0,0.0,0.0,0
0.0,0.0,0.0,0.0855614973262032,0.0,1.0,0.0,1.0,0.0,0.0,1.0,1.0,0.0,0.5409122163648866,0.5611346344330637,0.0,-1.0,1.0,0.0,0.0,1.0,0.0,0
1.0,0.0,0.0,0.7914438502673797,0.0,1.0,1.0,0.0,0.0,0.0,1.0,1.0,0.0,0.5849186339674538,1.475822983676387,2.0,-1.0,1.0,0.0,0.0,0.0,0.0,0
0.0,0.0,0.0,-0.27807486631016043,0.0,1.0,0.0,1.0,0.0,0.0,0.0,0.0,-1.0,-0.27870731148292466,-0.14862869313131097,0.0,0.0,0.0,0.0,0.0,1.0,0.0,0
0.0,1.0,1.0,-0.3850267379679144,0.0,0.0,0.0,0.0,0.0,0.0,0.0,0.0,-1.0,-0.9149667659867065,-0.33481729816808353,1.0,-1.0,0.0,1.0,0.0,0.0,1.0,0
0.0,1.0,1.0,0.9197860962566845,0.0,0.0,0.0,0.0,0.0,0.0,0.0,0.0,-1.0,-0.9204675681870275,0.003991103467543259,2.0,0.0,0.0,1.0,0.0,0.0,0.0,0
0.0,0.0,0.0,0.0,0.0,1.0,0.0,1.0,1.0,0.0,0.0,1.0,-1.0,0.007334402933761279,0.16753926701570676,1.0,0.0,0.0,0.0,1.0,0.0,0.0,0
0.0,0.0,1.0,-0.5775401069518716,0.0,1.0,0.0,0.0,0.0,0.0,1.0,1.0,0.0,0.43456337382534965,-0.34645680718979155,0.0,-1.0,1.0,0.0,0.0,0.0,0.0,1
0.0,0.0,0.0,-0.5989304812834224,0.0,0.0,0.0,0.0,0.0,0.0,0.0,0.0,0.0,-0.015585606234242391,-0.38249284322582755,0.0,0.0,1.0,0.0,0.0,1.0,0.0,1
0.0,1.0,0.0,-0.32085561497326204,0.0,1.0,0.0,0.0,0.0,1.0,1.0,0.0,0.0,-0.07151042860417155,-0.11839789850261058,0.0,0.0,0.0,0.0,1.0,0.0,0.0,0
0.0,0.0,0.0,0.5133689839572193,0.0,0.0,0.0,0.0,0.0,0.0,0.0,0.0,-1.0,-0.9287187714875087,-0.09805052736989915,2.0,-1.0,0.0,1.0,1.0,0.0,0.0,0
0.0,0.0,0.0,-0.5775401069518716,0.0,0.0,0.0,0.0,0.0,0.0,0.0,0.0,0.0,0.008251203300481373,-0.3626679438197763,0.0,-1.0,1.0,0.0,0.0,1.0,0.0,1
0.0,1.0,1.0,0.6417112299465241,0.0,1.0,1.0,1.0,0.0,1.0,1.0,1.0,0.0,0.7444418977767591,1.500016327241458,2.0,0.0,1.0,0.0,0.0,0.0,1.0,0
0.0,1.0,1.0,-0.4919786096256685,0.0,0.0,1.0,1.0,0.0,0.0,0.0,0.0,-1.0,-0.26770570708228286,-0.29666234901836996,0.0,-1.0,0.0,0.0,1.0,0.0,0.0,1
0.0,1.0,0.0,0.7486631016042781,0.0,0.0,0.0,0.0,0.0,0.0,0.0,0.0,-1.0,-0.9360531744212698,-0.05189885818158075,2.0,-1.0,0.0,1.0,1.0,0.0,0.0,0
0.0,1.0,0.0,0.27807486631016043,0.0,1.0,0.0,0.0,0.0,0.0,0.0,0.0,0.0,-0.37130414852165944,0.23692641493688615,0.0,-1.0,0.0,0.0,0.0,1.0,0.0,1
0.0,1.0,1.0,0.40641711229946526,0.0,0.0,0.0,0.0,0.0,0.0,0.0,0.0,-1.0,-0.9140499656199864,-0.09590258804918493,2.0,-1.0,0.0,1.0,0.0,0.0,0.0,0
0.0,1.0,0.0,0.4919786096256685,-1.0,0.0,1.0,0.0,1.0,0.0,0.0,0.0,-1.0,-0.6426770570708228,0.16589928631813447,1.0,-1.0,0.0,0.0,0.0,0.0,1.0,0
0.0,1.0,0.0,0.8128342245989305,0.0,0.0,1.0,1.0,1.0,1.0,1.0,1.0,0.0,0.743525097410039,1.7223135338318585,2.0,0.0,1.0,0.0,0.0,1.0,0.0,0
0.0,0.0,0.0,0.0,0.0,0.0,0.0,0.0,0.0,1.0,1.0,1.0,0.0,0.43456337382534965,0.35417777826154784,0.0,0.0,1.0,0.0,0.0,1.0,0.0,0
0.0,1.0,1.0,-0.5775401069518716,0.0,0.0,0.0,0.0,0.0,0.0,0.0,0.0,-1.0,-0.9287187714875087,-0.39228918810070645,1.0,0.0,0.0,1.0,0.0,0.0,1.0,1
0.0,1.0,0.0,0.10695187165775401,0.0,1.0,0.0,0.0,1.0,0.0,1.0,1.0,0.0,0.5418290167316067,0.6074024084495289,0.0,0.0,1.0,0.0,0.0,1.0,0.0,1
0.0,0.0,0.0,0.7700534759358288,0.0,1.0,0.0,0.0,0.0,0.0,0.0,0.0,0.0,-0.8324547329818932,0.09799247495582572,2.0,0.0,0.0,1.0,0.0,0.0,0.0,0
0.0,0.0,0.0,-0.40641711229946526,0.0,0.0,0.0,0.0,0.0,0.0,0.0,1.0,0.0,-0.2521201008480404,-0.2566352095147907,0.0,0.0,0.0,0.0,0.0,0.0,0.0,0
0.0,0.0,0.0,-0.21390374331550802,-1.0,0.0,0.0,0.0,0.0,0.0,0.0,0.0,0.0,-0.8315379326151732,-0.2667653557705914,0.0,0.0,0.0,0.0,0.0,0.0,0.0,0
0.0,1.0,1.0,0.5561497326203209,0.0,1.0,1.0,0.0,0.0,0.0,1.0,1.0,-1.0,0.5574146229658493,1.1788123201735767,1.0,-1.0,1.0,0.0,0.0,0.0,1.0,0
0.0,0.0,0.0,-0.5561497326203209,0.0,0.0,0.0,0.0,0.0,1.0,1.0,1.0,0.0,-0.02108640843456348,-0.34716794926219013,0.0,0.0,0.0,0.0,0.0,1.0,0.0,1
0.0,1.0,1.0,-0.5561497326203209,0.0,0.0,0.0,1.0,0.0,1.0,0.0,0.0,0.0,0.17419206967682788,-0.33266935884736937,0.0,-1.0,1.0,0.0,0.0,1.0,0.0,0
1.0,0.0,0.0,0.06417112299465241,0.0,0.0,0.0,0.0,0.0,0.0,0.0,0.0,-1.0,-0.9296355718542288,-0.23212257767231592,1.0,0.0,0.0,1.0,1.0,0.0,0.0,0
0.0,1.0,0.0,0.8556149732620321,0.0,0.0,0.0,0.0,0.0,0.0,0.0,0.0,-1.0,-0.9278019711207885,-0.006951776585284452,2.0,0.0,0.0,1.0,0.0,0.0,1.0,0
0.0,0.0,0.0,-0.3850267379679144,0.0,0.0,0.0,0.0,0.0,0.0,0.0,0.0,-1.0,-0.9351363740545497,-0.33687815886768774,1.0,0.0,0.0,1.0,0.0,0.0,1.0,0
0.0,0.0,0.0,-0.25668449197860965,0.0,0.0,0.0,0.0,0.0,0.0,0.0,0.0,-1.0,-0.9232179692871878,-0.3000584152416613,1.0,-1.0,0.0,1.0,0.0,0.0,1.0,0
0.0,1.0,1.0,0.6203208556149733,0.0,0.0,0.0,1.0,0.0,1.0,1.0,1.0,0.0,0.08617923447169384,0.8456495158065839,1.0,0.0,0.0,0.0,1.0,0.0,0.0,0
0.0,0.0,1.0,-0.5989304812834224,0.0,0.0,0.0,0.0,1.0,0.0,0.0,1.0,-1.0,-0.20719688287875312,-0.38552608186116044,0.0,-1.0,0.0,0.0,0.0,1.0,0.0,1
0.0,0.0,0.0,-0.5989304812834224,-1.0,0.0,0.0,0.0,0.0,0.0,0.0,0.0,-1.0,-0.8187027274810911,-0.3952063219078927,1.0,-1.0,0.0,0.0,0.0,0.0,1.0,0
0.0,0.0,0.0,0.8983957219251337,0.0,1.0,1.0,1.0,1.0,1.0,0.0,1.0,-1.0,0.18519367407746953,1.2541643536407932,2.0,0.0,0.0,0.0,0.0,0.0,0.0,0
0.0,1.0,1.0,0.5133689839572193,0.0,1.0,0.0,0.0,0.0,0.0,0.0,0.0,-1.0,-0.824203529681412,-0.01489044420981599,2.0,0.0,0.0,1.0,1.0,0.0,0.0,0
1.0,1.0,0.0,-0.27807486631016043,0.0,0.0,0.0,1.0,0.0,0.0,0.0,0.0,0.0,0.06967682787073111,-0.06070831201721257,0.0,0.0,1.0,0.0,1.0,0.0,0.0,1
0.0,0.0,0.0,-0.10695187165775401,0.0,1.0,0.0,0.0,0.0,0.0,0.0,0.0,-1.0,-0.8416227366490947,-0.22702847833737888,1.0,-1.0,0.0,1.0,0.0,0.0,0.0,0
0.0,0.0,0.0,0.0213903743315508,0.0,0.0,0.0,0.0,0.0,0.0,1.0,1.0,0.0,0.362136144854458,0.39706399915824,0.0,0.0,1.0,0.0,0.0,1.0,0.0,1
0.0,1.0,0.0,-0.1925133689839572,-1.0,0.0,0.0,0.0,0.0,0.0,0.0,0.0,0.0,-0.8443731377492552,-0.2625710688537914,0.0,-1.0,0.0,0.0,0.0,1.0,0.0,1
0.0,0.0,0.0,-0.5561497326203209,0.0,0.0,0.0,1.0,0.0,0.0,1.0,0.0,-1.0,0.2429520971808389,-0.330942299528687,0.0,-1.0,1.0,0.0,0.0,1.0,0.0,1
0.0,1.0,1.0,-0.21390374331550802,0.0,0.0,0.0,0.0,0.0,0.0,0.0,0.0,-1.0,-0.9149667659867065,-0.28226535032817757,0.0,0.0,0.0,1.0,0.0,0.0,1.0,0
0.0,1.0,0.0,0.6631016042780749,0.0,1.0,0.0,1.0,1.0,1.0,1.0,1.0,0.0,0.7389410955764383,1.5248337342578178,2.0,-1.0,1.0,0.0,1.0,0.0,0.0,0
0.0,1.0,0.0,-0.44919786096256686,0.0,0.0,1.0,0.0,0.0,0.0,0.0,0.0,0.0,0.07334402933761175,-0.22567875971017337,0.0,0.0,1.0,0.0,0.0,1.0,0.0,1
0.0,1.0,1.0,-0.4919786096256685,0.0,0.0,0.0,0.0,0.0,0.0,0.0,0.0,-1.0,-0.9287187714875087,-0.3680813314321168,0.0,-1.0,0.0,1.0,0.0,0.0,1.0,0
0.0,1.0,1.0,-0.3422459893048128,0.0,0.0,0.0,0.0,0.0,0.0,1.0,1.0,-1.0,0.3272977309190923,-0.04777713678237243,0.0,-1.0,1.0,0.0,0.0,1.0,0.0,1
0.0,1.0,1.0,0.0213903743315508,0.0,0.0,0.0,0.0,0.0,0.0,0.0,0.0,-1.0,-0.9342195736878296,-0.22608512660868685,1.0,-1.0,0.0,1.0,0.0,0.0,0.0,0
0.0,0.0,0.0,0.6203208556149733,0.0,1.0,1.0,1.0,1.0,0.0,1.0,1.0,0.0,0.6830162732065094,1.4354475296883675,1.0,-1.0,1.0,0.0,0.0,1.0,0.0,0
1.0,1.0,0.0,-0.2994652406417112,0.0,0.0,0.0,1.0,0.0,0.0,1.0,1.0,0.0,0.442814577125831,-0.02970832290204022,0.0,-1.0,1.0,0.0,0.0,1.0,0.0,0
1.0,1.0,1.0,0.0,-1.0,0.0,0.0,1.0,1.0,0.0,0.0,0.0,0.0,-0.6390098556039423,-0.10514743499036693,0.0,-1.0,0.0,0.0,0.0,0.0,1.0,0
1.0,1.0,0.0,-0.5561497326203209,0.0,1.0,0.0,1.0,1.0,0.0,1.0,1.0,0.0,0.6490946596378641,-0.3055733945786302,0.0,0.0,1.0,0.0,0.0,1.0,0.0,1
0.0,0.0,0.0,-0.21390374331550802,0.0,0.0,0.0,0.0,0.0,0.0,0.0,0.0,0.0,-0.9268851707540684,-0.2942967131448807,2.0,0.0,0.0,1.0,0.0,0.0,1.0,0
0.0,0.0,0.0,0.10695187165775401,0.0,0.0,1.0,0.0,1.0,1.0,1.0,1.0,0.0,0.17327526931010778,0.3889221480844518,1.0,-1.0,0.0,0.0,0.0,0.0,0.0,0
0.0,0.0,0.0,0.2994652406417112,0.0,1.0,0.0,1.0,0.0,0.0,0.0,0.0,0.0,0.13476965390786147,0.5742689931171606,0.0,0.0,1.0,0.0,0.0,1.0,0.0,1
1.0,1.0,1.0,0.6631016042780749,0.0,1.0,1.0,0.0,0.0,0.0,0.0,0.0,0.0,0.19161127664451072,1.0077028296923587,0.0,0.0,1.0,0.0,0.0,1.0,0.0,0
0.0,1.0,1.0,0.9197860962566845,0.0,1.0,1.0,1.0,0.0,1.0,1.0,0.0,-1.0,0.5390786156314464,1.7021838592519218,2.0,-1.0,1.0,0.0,0.0,0.0,0.0,0
0.0,0.0,0.0,0.8556149732620321,0.0,1.0,0.0,1.0,1.0,1.0,1.0,0.0,0.0,0.4978225991290398,1.5546871881950415,2.0,0.0,1.0,0.0,1.0,0.0,0.0,0
0.0,1.0,0.0,0.9197860962566845,0.0,1.0,1.0,1.0,1.0,1.0,1.0,1.0,0.0,0.37863855145542075,1.524021000460791,2.0,-1.0,0.0,0.0,0.0,0.0,0.0,0
0.0,1.0,0.0,-0.44919786096256686,0.0,0.0,1.0,0.0,0.0,1.0,0.0,1.0,-1.0,-0.09168003667201467,-0.2389001970153803,2.0,-1.0,0.0,0.0,0.0,0.0,1.0,0
0.0,0.0,0.0,0.12834224598930483,0.0,0.0,1.0,0.0,0.0,1.0,0.0,1.0,0.0,0.34288333715333497,0.5410194729566458,1.0,0.0,1.0,0.0,0.0,1.0,0.0,0
0.0,0.0,0.0,-0.5989304812834224,0.0,0.0,0.0,0.0,0.0,0.0,0.0,0.0,0.0,-0.9278019711207885,-0.39693338122657496,0.0,0.0,0.0,1.0,0.0,0.0,1.0,0
0.0,1.0,1.0,0.4919786096256685,0.0,1.0,0.0,0.0,0.0,0.0,0.0,0.0,-1.0,-0.8205363282145314,-0.012060389023739862,2.0,0.0,0.0,1.0,0.0,0.0,1.0,0
1.0,0.0,0.0,-0.47058823529411764,0.0,0.0,1.0,0.0,0.0,0.0,0.0,0.0,-1.0,0.10909924363969752,-0.2565336177901623,0.0,-1.0,1.0,0.0,0.0,0.0,0.0,1
0.0,0.0,0.0,0.44919786096256686,-1.0,0.0,1.0,0.0,0.0,1.0,0.0,0.0,0.0,-0.643593857437543,0.10492973843759185,1.0,0.0,0.0,0.0,0.0,0.0,1.0,0
0.0,1.0,1.0,0.8983957219251337,0.0,1.0,0.0,0.0,0.0,0.0,0.0,0.0,-1.0,-0.8544579417831768,0.0801413576282686,2.0,-1.0,0.0,1.0,1.0,0.0,0.0,0
0.0,0.0,0.0,0.7486631016042781,0.0,0.0,0.0,0.0,0.0,0.0,0.0,0.0,-1.0,-0.9342195736878296,-0.04274108986150871,2.0,0.0,0.0,1.0,0.0,0.0,1.0,0
0.0,1.0,0.0,-0.0213903743315508,0.0,0.0,1.0,0.0,0.0,1.0,0.0,0.0,-1.0,-0.2961265184506074,0.01133473384782284,1.0,0.0,0.0,0.0,0.0,0.0,1.0,0
0.0,1.0,0.0,0.0,0.0,1.0,0.0,1.0,0.0,0.0,0.0,0.0,0.0,0.17694247077698844,0.2548065584714799,0.0,0.0,1.0,0.0,0.0,0.0,0.0,1
0.0,0.0,0.0,0.42780748663101603,-1.0,0.0,0.0,0.0,1.0,0.0,0.0,0.0,0.0,-0.7389410955764383,0.01907021802309755,0.0,0.0,0.0,0.0,0.0,0.0,0.0,0
0.0,1.0,1.0,-0.23529411764705882,0.0,0.0,0.0,0.0,0.0,0.0,0.0,0.0,0.0,-0.9213843685537475,-0.28603875724294575,0.0,-1.0,0.0,1.0,0.0,0.0,1.0,0
0.0,1.0,1.0,-0.42780748663101603,0.0,1.0,0.0,1.0,0.0,0.0,0.0,0.0,0.0,-0.27870731148292466,-0.2572302467590426,0.0,-1.0,0.0,0.0,0.0,0.0,1.0,0
0.0,0.0,0.0,-0.47058823529411764,0.0,0.0,0.0,0.0,0.0,0.0,0.0,0.0,-1.0,-0.9397203758881505,-0.3701131659246843,0.0,0.0,0.0,1.0,0.0,1.0,0.0,1
0.0,1.0,1.0,0.7272727272727273,0.0,1.0,0.0,1.0,0.0,0.0,0.0,1.0,0.0,0.3823057529223011,1.2705641606165166,1.0,0.0,1.0,0.0,0.0,1.0,0.0,0
0.0,0.0,0.0,-0.47058823529411764,-1.0,0.0,0.0,1.0,0.0,0.0,0.0,1.0,0.0,-0.5574146229658492,-0.3175757311882967,0.0,-1.0,0.0,0.0,1.0,0.0,0.0,1
0.0,1.0,1.0,-0.10695187165775401,0.0,1.0,1.0,0.0,0.0,0.0,0.0,0.0,-1.0,-0.28879211551684625,-0.014295406965564033,0.0,0.0,0.0,0.0,0.0,1.0,0.0,1
1.0,1.0,0.0,-0.21390374331550802,0.0,0.0,1.0,0.0,1.0,0.0,1.0,0.0,-1.0,-0.07517763007105194,-0.029418060831673438,0.0,0.0,0.0,0.0,0.0,0.0,0.0,0
1.0,0.0,0.0,-0.44919786096256686,0.0,1.0,0.0,0.0,0.0,1.0,1.0,1.0,0.0,0.5436626174650472,-0.1389919923951338,0.0,-1.0,1.0,0.0,1.0,0.0,0.0,0
1.0,1.0,1.0,0.9197860962566845,0.0,1.0,1.0,1.0,1.0,1.0,1.0,1.0,0.0,0.8150355260142106,1.9763944371274216,2.0,0.0,1.0,0.0,0.0,0.0,0.0,0
0.0,1.0,1.0,-0.0213903743315508,0.0,1.0,1.0,1.0,0.0,0.0,1.0,1.0,-1.0,0.6527618611047444,0.4237826227355023,1.0,0.0,1.0,0.0,0.0,1.0,0.0,1
0.0,1.0,0.0,-0.06417112299465241,0.0,0.0,0.0,1.0,0.0,1.0,1.0,1.0,0.0,0.04675681870272743,0.1660589304568362,0.0,-1.0,0.0,0.0,0.0,1.0,0.0,0
0.0,1.0,1.0,-0.21390374331550802,-1.0,0.0,0.0,0.0,0.0,0.0,0.0,0.0,0.0,-0.837038734815494,-0.27650364823139695,0.0,-1.0,0.0,0.0,0.0,0.0,1.0,0
0.0,1.0,1.0,-0.4919786096256685,0.0,1.0,0.0,0.0,0.0,0.0,0.0,0.0,0.0,-0.3951409580563832,-0.32339548569915066,0.0,-1.0,0.0,0.0,1.0,0.0,0.0,0
0.0,0.0,0.0,0.7272727272727273,0.0,0.0,0.0,0.0,1.0,0.0,0.0,1.0,-1.0,-0.21911528764611513,0.6142235671031483,1.0,-1.0,0.0,0.0,1.0,0.0,0.0,0
0.0,1.0,1.0,-0.5133689839572193,0.0,0.0,0.0,0.0,0.0,0.0,0.0,0.0,-1.0,-0.9360531744212698,-0.3777325452718123,0.0,0.0,0.0,1.0,0.0,0.0,1.0,0
0.0,1.0,1.0,0.8983957219251337,0.0,1.0,1.0,0.0,0.0,0.0,1.0,1.0,0.0,0.4895713958285584,1.6030883884287026,2.0,0.0,1.0,0.0,0.0,1.0,0.0,0
0.0,0.0,0.0,-0.5561497326203209,0.0,0.0,0.0,0.0,0.0,0.0,0.0,0.0,0.0,-0.4987393994957599,-0.3668186914260213,0.0,0.0,0.0,0.0,0.0,1.0,0.0,1
0.0,0.0,0.0,-0.5775401069518716,0.0,0.0,0.0,0.0,0.0,0.0,0.0,1.0,0.0,0.17785927114370853,-0.35014313548344966,0.0,0.0,1.0,0.0,0.0,1.0,0.0,1
0.0,1.0,0.0,0.9197860962566845,0.0,1.0,1.0,0.0,1.0,1.0,1.0,1.0,0.0,0.7270226908090766,1.8849038325478114,2.0,-1.0,1.0,0.0,1.0,0.0,0.0,0
0.0,0.0,0.0,-0.40641711229946526,0.0,0.0,0.0,0.0,0.0,0.0,0.0,0.0,-1.0,-0.9470547788219116,-0.3553388265430151,0.0,-1.0,0.0,1.0,0.0,0.0,1.0,0
0.0,0.0,0.0,-0.5989304812834224,0.0,0.0,0.0,0.0,0.0,0.0,0.0,0.0,-1.0,-0.9204675681870275,-0.3968172763984283,0.0,0.0,0.0,1.0,0.0,0.0,1.0,0
0.0,0.0,0.0,-0.5347593582887701,0.0,0.0,0.0,0.0,0.0,0.0,1.0,0.0,-1.0,0.13476965390786147,-0.31586318497313265,0.0,0.0,1.0,0.0,0.0,1.0,0.0,1
0.0,0.0,0.0,-0.0427807486631016,0.0,0.0,1.0,1.0,0.0,0.0,0.0,0.0,-1.0,-0.32363052945221177,0.032291655328304546,2.0,-1.0,0.0,0.0,0.0,0.0,0.0,0
0.0,0.0,0.0,0.4919786096256685,0.0,1.0,0.0,0.0,1.0,0.0,0.0,1.0,0.0,0.34746733898693566,0.9260375961946643,2.0,0.0,1.0,0.0,1.0,0.0,0.0,0
0.0,1.0,0.0,-0.1497326203208556,0.0,0.0,0.0,0.0,0.0,0.0,1.0,0.0,0.0,0.17419206967682788,0.09260811355052191,0.0,-1.0,1.0,0.0,1.0,0.0,0.0,0
1.0,0.0,0.0,-0.5989304812834224,0.0,0.0,0.0,0.0,0.0,0.0,0.0,0.0,0.0,-0.010084804033921563,-0.38240576460471754,0.0,-1.0,1.0,0.0,0.0,1.0,0.0,1
0.0,1.0,0.0,-0.40641711229946526,0.0,0.0,1.0,0.0,0.0,1.0,0.0,0.0,0.0,-0.2851249140499656,-0.23759401769872976,0.0,0.0,0.0,0.0,1.0,0.0,0.0,0
0.0,1.0,1.0,0.40641711229946526,0.0,0.0,0.0,1.0,1.0,0.0,0.0,0.0,0.0,-0.2695393078157232,0.36683320452953955,1.0,0.0,0.0,0.0,1.0,0.0,0.0,0
0.0,0.0,0.0,-0.5989304812834224,0.0,0.0,0.0,0.0,0.0,0.0,0.0,0.0,-1.0,-0.911299564519826,-0.3966721453632449,0.0,0.0,0.0,1.0,0.0,0.0,1.0,0
0.0,1.0,0.0,-0.36363636363636365,0.0,0.0,0.0,0.0,0.0,0.0,0.0,0.0,0.0,-0.9250515700206282,-0.32592076571134165,2.0,-1.0,0.0,1.0,0.0,1.0,0.0,0
0.0,1.0,1.0,-0.27807486631016043,0.0,1.0,1.0,1.0,0.0,1.0,1.0,1.0,-1.0,0.2640385056154024,0.0031493434634795626,0.0,0.0,0.0,0.0,0.0,1.0,0.0,0
0.0,0.0,0.0,-0.5775401069518716,0.0,0.0,0.0,0.0,0.0,0.0,0.0,0.0,-1.0,-0.9388035755214303,-0.39449517983549404,1.0,0.0,0.0,1.0,1.0,0.0,0.0,1
1.0,0.0,0.0,-0.32085561497326204,0.0,1.0,0.0,0.0,0.0,0.0,1.0,1.0,0.0,0.46023378409351356,-0.03311890222884991,0.0,0.0,1.0,0.0,0.0,1.0,0.0,0
0.0,1.0,1.0,0.6844919786096256,0.0,1.0,0.0,0.0,1.0,1.0,1.0,1.0,0.0,0.1925280770112308,1.0416780050287902,2.0,0.0,0.0,0.0,0.0,0.0,0.0,0
0.0,1.0,1.0,-0.3850267379679144,0.0,0.0,0.0,0.0,0.0,0.0,0.0,0.0,0.0,-0.9177171670868669,-0.32991186917888493,0.0,0.0,0.0,1.0,0.0,1.0,0.0,0
0.0,0.0,0.0,-0.36363636363636365,0.0,1.0,0.0,0.0,0.0,1.0,1.0,1.0,-1.0,0.06509282603713037,-0.14941240072130127,1.0,-1.0,0.0,0.0,0.0,0.0,1.0,1
0.0,1.0,0.0,0.8770053475935828,0.0,0.0,0.0,0.0,0.0,0.0,0.0,0.0,-1.0,-0.9287187714875087,0.013468160065018664,2.0,0.0,0.0,1.0,1.0,0.0,0.0,0
0.0,0.0,0.0,-0.25668449197860965,0.0,0.0,0.0,0.0,0.0,0.0,0.0,0.0,-1.0,-0.9250515700206282,-0.30463004284993817,1.0,-1.0,0.0,1.0,1.0,0.0,0.0,0
0.0,0.0,0.0,-0.5775401069518716,0.0,0.0,0.0,0.0,0.0,0.0,0.0,0.0,-1.0,-0.009168003667201469,-0.3582849865572379,0.0,-1.0,1.0,0.0,0.0,0.0,0.0,1
0.0,0.0,0.0,-0.42780748663101603,0.0,0.0,0.0,0.0,0.0,0.0,0.0,0.0,0.0,-0.9452211780884713,-0.34883695616679916,0.0,0.0,0.0,1.0,0.0,0.0,1.0,1
0.0,1.0,1.0,0.0855614973262032,0.0,0.0,1.0,1.0,1.0,0.0,0.0,0.0,0.0,-0.2209488883795553,0.16486885596833242,1.0,-1.0,0.0,0.0,0.0,0.0,1.0,0
0.0,1.0,1.0,0.8556149732620321,0.0,1.0,1.0,0.0,1.0,1.0,1.0,1.0,-1.0,0.30071052028420825,1.3952026936320132,2.0,0.0,0.0,0.0,0.0,0.0,0.0,0
0.0,0.0,0.0,-0.2994652406417112,0.0,0.0,0.0,1.0,0.0,0.0,0.0,0.0,-1.0,-0.3969745587898235,-0.1888445029806287,0.0,-1.0,0.0,0.0,0.0,1.0,0.0,0
1.0,1.0,0.0,0.12834224598930483,0.0,1.0,1.0,1.0,0.0,1.0,1.0,0.0,0.0,0.5500802200320881,0.6577193383476105,0.0,-1.0,1.0,0.0,0.0,0.0,0.0,1
0.0,0.0,1.0,0.3850267379679144,0.0,0.0,1.0,1.0,0.0,0.0,0.0,0.0,0.0,-0.27870731148292466,0.36766045143008497,0.0,0.0,0.0,0.0,0.0,1.0,0.0,0
0.0,0.0,0.0,-0.5989304812834224,0.0,0.0,0.0,0.0,0.0,0.0,0.0,0.0,0.0,-0.48315379326151736,-0.3898945260201805,0.0,0.0,0.0,0.0,0.0,0.0,1.0,1
0.0,0.0,0.0,0.25668449197860965,0.0,1.0,0.0,0.0,1.0,0.0,0.0,0.0,0.0,-0.2713729085491634,0.2467662991223201,0.0,0.0,0.0,0.0,0.0,0.0,0.0,0
0.0,1.0,1.0,-0.1711229946524064,-1.0,0.0,0.0,0.0,0.0,0.0,0.0,0.0,0.0,-0.8150355260142106,-0.2384938301168668,0.0,0.0,0.0,0.0,0.0,1.0,0.0,0
0.0,1.0,0.0,0.10695187165775401,0.0,0.0,0.0,0.0,0.0,1.0,0.0,0.0,-1.0,-0.37222094888837953,0.12420313990994615,0.0,-1.0,0.0,0.0,0.0,0.0,0.0,0
0.0,1.0,1.0,0.0855614973262032,0.0,0.0,1.0,0.0,1.0,0.0,1.0,1.0,-1.0,0.07792803117121248,0.3093903408039534,1.0,0.0,0.0,0.0,1.0,0.0,0.0,0
1.0,0.0,0.0,-0.3850267379679144,0.0,1.0,0.0,1.0,1.0,1.0,1.0,1.0,0.0,0.7499426999770802,-0.05931505407945203,0.0,0.0,1.0,0.0,0.0,1.0,0.0,0
0.0,1.0,1.0,0.5133689839572193,0.0,1.0,0.0,0.0,1.0,1.0,1.0,1.0,0.0,0.15127206050882422,0.7416341028906474,1.0,0.0,0.0,0.0,0.0,0.0,1.0,0
0.0,0.0,0.0,-0.5775401069518716,0.0,0.0,0.0,0.0,0.0,0.0,0.0,1.0,-1.0,0.18427687371074944,-0.34927234927234935,0.0,-1.0,1.0,0.0,0.0,1.0,0.0,1
1.0,0.0,0.0,-0.5989304812834224,0.0,1.0,0.0,0.0,0.0,0.0,0.0,0.0,0.0,0.10909924363969752,-0.3805190611473334,0.0,0.0,1.0,0.0,0.0,1.0,0.0,1
1.0,0.0,0.0,-0.21390374331550802,0.0,0.0,0.0,0.0,1.0,0.0,1.0,1.0,0.0,0.4657345862938347,0.11334733847822853,0.0,0.0,1.0,0.0,1.0,0.0,0.0,1
0.0,0.0,0.0,-0.5133689839572193,0.0,1.0,0.0,1.0,0.0,0.0,0.0,1.0,0.0,-0.11918404767361908,-0.29524006487357274,0.0,-1.0,0.0,0.0,0.0,1.0,0.0,0
0.0,0.0,0.0,0.12834224598930483,0.0,1.0,1.0,0.0,1.0,1.0,1.0,1.0,0.0,0.705019482007793,0.7657403678346086,2.0,0.0,1.0,0.0,0.0,1.0,0.0,0
1.0,1.0,0.0,-0.5775401069518716,0.0,0.0,0.0,1.0,0.0,0.0,0.0,0.0,-1.0,-0.3731377492550998,-0.36930043212765734,0.0,-1.0,0.0,0.0,1.0,0.0,0.0,1
0.0,0.0,0.0,-0.1925133689839572,0.0,0.0,0.0,0.0,0.0,0.0,0.0,0.0,0.0,-0.931469172587669,-0.2809736841150454,2.0,0.0,0.0,1.0,0.0,0.0,1.0,0
0.0,1.0,0.0,0.9197860962566845,0.0,1.0,0.0,1.0,1.0,1.0,1.0,1.0,-1.0,0.2832913133165254,1.3829536342625348,2.0,0.0,0.0,0.0,0.0,0.0,0.0,0
0.0,1.0,1.0,0.1925133689839572,0.0,0.0,0.0,0.0,0.0,0.0,0.0,0.0,-1.0,-0.9204675681870275,-0.18520171399752555,1.0,-1.0,0.0,1.0,0.0,0.0,1.0,0
0.0,0.0,0.0,0.32085561497326204,0.0,1.0,0.0,0.0,0.0,0.0,0.0,0.0,0.0,-0.3731377492550998,0.21818999829471028,0.0,-1.0,0.0,0.0,0.0,0.0,1.0,0
0.0,0.0,0.0,0.21390374331550802,-1.0,0.0,1.0,1.0,0.0,1.0,1.0,0.0,0.0,-0.3951409580563832,0.14322981862248874,0.0,0.0,0.0,0.0,1.0,0.0,0.0,1
0.0,1.0,0.0,0.6844919786096256,0.0,1.0,1.0,1.0,1.0,1.0,0.0,1.0,0.0,0.1888608755443502,1.0082107883155005,2.0,0.0,0.0,0.0,0.0,0.0,0.0,0
0.0,0.0,0.0,-0.5989304812834224,0.0,0.0,0.0,0.0,0.0,0.0,0.0,0.0,0.0,-0.4859041943616778,-0.38993806533073555,0.0,-1.0,0.0,0.0,0.0,0.0,1.0,0
0.0,0.0,0.0,0.1497326203208556,0.0,0.0,0.0,0.0,0.0,0.0,0.0,0.0,0.0,-0.9195507678203072,-0.2007307347621484,1.0,0.0,0.0,1.0,1.0,0.0,0.0,0
0.0,1.0,1.0,-0.44919786096256686,0.0,0.0,0.0,0.0,0.0,0.0,0.0,0.0,-1.0,-0.9433875773550311,-0.34416373683389395,2.0,-1.0,0.0,1.0,0.0,0.0,1.0,0
1.0,1.0,0.0,0.25668449197860965,-1.0,0.0,0.0,1.0,1.0,0.0,1.0,1.0,0.0,-0.30346092138436853,0.24033699426369584,0.0,0.0,0.0,0.0,0.0,1.0,0.0,0
0.0,0.0,0.0,0.5775401069518716,0.0,0.0,1.0,0.0,1.0,1.0,0.0,0.0,0.0,-0.1879440751776301,0.550148215069681,1.0,-1.0,0.0,0.0,1.0,0.0,0.0,0
0.0,1.0,0.0,0.27807486631016043,0.0,0.0,0.0,0.0,0.0,0.0,0.0,0.0,-1.0,-0.9213843685537475,-0.16019563663542724,2.0,0.0,0.0,1.0,0.0,1.0,0.0,0
0.0,0.0,0.0,-0.5133689839572193,0.0,0.0,0.0,0.0,0.0,0.0,0.0,0.0,-1.0,-0.9342195736878296,-0.37379949421834247,1.0,-1.0,0.0,1.0,0.0,1.0,0.0,0
0.0,1.0,0.0,0.8983957219251337,0.0,0.0,0.0,0.0,0.0,0.0,0.0,0.0,-1.0,-0.9333027733211094,0.008446626247673342,2.0,-1.0,0.0,1.0,0.0,0.0,1.0,0
0.0,1.0,1.0,0.9197860962566845,0.0,0.0,1.0,1.0,1.0,1.0,1.0,1.0,0.0,0.6931010772404309,1.8264015122653867,2.0,-1.0,1.0,0.0,0.0,0.0,0.0,0
1.0,1.0,0.0,-0.3850267379679144,0.0,1.0,0.0,0.0,1.0,0.0,1.0,1.0,0.0,0.5326610130644053,-0.07436514242796967,0.0,-1.0,1.0,0.0,0.0,1.0,0.0,1
1.0,0.0,0.0,-0.44919786096256686,0.0,0.0,0.0,0.0,0.0,0.0,0.0,0.0,0.0,-0.014668805867522297,-0.23643296941726263,0.0,0.0,1.0,0.0,0.0,1.0,0.0,0
0.0,1.0,1.0,0.6844919786096256,0.0,0.0,0.0,0.0,0.0,0.0,0.0,0.0,-1.0,-0.930552372220949,-0.02200186493380216,2.0,-1.0,0.0,1.0,1.0,0.0,0.0,0
0.0,1.0,0.0,0.8556149732620321,0.0,0.0,0.0,1.0,0.0,0.0,0.0,1.0,0.0,-0.1659408663763465,0.7964210686723775,2.0,-1.0,0.0,0.0,1.0,0.0,0.0,0
0.0,1.0,1.0,0.8556149732620321,0.0,1.0,0.0,0.0,1.0,0.0,1.0,1.0,0.0,0.5308274123309651,1.6313308878753907,0.0,0.0,1.0,0.0,1.0,0.0,0.0,1
0.0,0.0,0.0,0.25668449197860965,-1.0,0.0,0.0,0.0,1.0,0.0,1.0,1.0,0.0,-0.3511345404538162,0.19961322579123622,1.0,0.0,0.0,0.0,0.0,1.0,0.0,0
0.0,1.0,1.0,0.40641711229946526,0.0,0.0,1.0,1.0,1.0,0.0,0.0,1.0,0.0,-0.007334402933761279,0.5372750922489142,2.0,-1.0,0.0,0.0,1.0,0.0,0.0,0
0.0,1.0,1.0,0.3850267379679144,0.0,0.0,0.0,0.0,0.0,0.0,0.0,0.0,-1.0,-0.930552372220949,-0.12727991785583412,2.0,-1.0,0.0,1.0,0.0,0.0,1.0,0
0.0,1.0,1.0,0.36363636363636365,0.0,0.0,0.0,0.0,0.0,0.0,0.0,0.0,0.0,-0.924134769653908,-0.13077757580375385,2.0,0.0,0.0,1.0,0.0,0.0,1.0,0
0.0,1.0,1.0,-0.3422459893048128,0.0,1.0,0.0,0.0,0.0,0.0,0.0,0.0,0.0,0.07151042860417155,-0.1424170848254618,0.0,0.0,1.0,0.0,1.0,0.0,0.0,1
0.0,1.0,0.0,0.8342245989304813,0.0,0.0,1.0,1.0,0.0,1.0,1.0,1.0,0.0,0.16685766674306662,1.1983179313022245,2.0,-1.0,0.0,0.0,0.0,0.0,0.0,0
0.0,0.0,0.0,-0.2994652406417112,0.0,1.0,0.0,1.0,0.0,0.0,1.0,1.0,0.0,0.5436626174650472,0.008011233142123169,0.0,-1.0,1.0,0.0,0.0,1.0,0.0,0
0.0,1.0,1.0,-0.06417112299465241,0.0,0.0,0.0,0.0,0.0,0.0,0.0,1.0,-1.0,0.15493926197570485,0.18775602021675317,1.0,0.0,1.0,0.0,0.0,0.0,0.0,0
0.0,0.0,0.0,-0.47058823529411764,0.0,0.0,1.0,0.0,0.0,0.0,0.0,1.0,0.0,-0.20903048361219345,-0.29553032694393955,1.0,-1.0,0.0,0.0,0.0,1.0,0.0,0
0.0,0.0,0.0,0.7058823529411765,0.0,0.0,0.0,0.0,0.0,0.0,0.0,0.0,0.0,-0.9406371762548705,-0.07655662105923887,2.0,-1.0,0.0,1.0,1.0,0.0,0.0,0
1.0,0.0,0.0,0.9197860962566845,0.0,1.0,0.0,0.0,0.0,0.0,0.0,0.0,0.0,-0.8324547329818932,0.11683048332262992,2.0,0.0,0.0,1.0,1.0,0.0,0.0,0
1.0,0.0,0.0,-0.1711229946524064,0.0,1.0,0.0,0.0,0.0,0.0,1.0,1.0,0.0,0.4565665826266332,0.1851001222728971,0.0,-1.0,1.0,0.0,0.0,0.0,0.0,0
0.0,1.0,0.0,-0.10695187165775401,0.0,1.0,0.0,0.0,0.0,0.0,0.0,0.0,0.0,0.08984643593857448,0.10462496326370667,0.0,-1.0,1.0,0.0,1.0,0.0,0.0,1
1.0,1.0,0.0,0.5989304812834224,0.0,1.0,0.0,1.0,0.0,0.0,0.0,1.0,0.0,0.3548017419206967,1.026932691854158,0.0,0.0,1.0,0.0,0.0,1.0,0.0,0
0.0,1.0,0.0,0.42780748663101603,0.0,0.0,0.0,0.0,0.0,0.0,0.0,0.0,-1.0,-0.9177171670868669,-0.14121249723343968,1.0,-1.0,0.0,1.0,0.0,0.0,0.0,0
1.0,1.0,0.0,0.9197860962566845,0.0,1.0,0.0,0.0,0.0,0.0,0.0,0.0,-1.0,-0.8471235388494157,0.11357954813452195,2.0,-1.0,0.0,1.0,0.0,0.0,0.0,0
0.0,1.0,0.0,0.7486631016042781,0.0,0.0,1.0,1.0,0.0,1.0,1.0,1.0,0.0,0.6151730460692184,1.5146310224844255,2.0,0.0,1.0,0.0,1.0,0.0,0.0,0
1.0,0.0,0.0,0.1711229946524064,-1.0,0.0,0.0,1.0,1.0,0.0,0.0,0.0,-1.0,-0.6206738482695394,-0.02101497389455507,0.0,0.0,0.0,0.0,0.0,1.0,0.0,0
0.0,0.0,0.0,-0.25668449197860965,0.0,0.0,0.0,0.0,1.0,0.0,0.0,0.0,0.0,0.11276644510657816,-0.02143585389658692,0.0,0.0,1.0,0.0,0.0,1.0,0.0,1
0.0,1.0,1.0,0.9197860962566845,-1.0,0.0,1.0,1.0,1.0,1.0,1.0,1.0,-1.0,-0.08801283520513403,0.9253409672257841,2.0,-1.0,0.0,0.0,0.0,0.0,0.0,0
0.0,1.0,0.0,0.42780748663101603,0.0,0.0,0.0,0.0,0.0,0.0,0.0,0.0,0.0,-0.9250515700206282,-0.1347686792712971,1.0,-1.0,0.0,1.0,0.0,0.0,0.0,0
0.0,0.0,0.0,-0.5561497326203209,0.0,0.0,0.0,0.0,0.0,0.0,0.0,0.0,-1.0,-0.9342195736878296,-0.3849890970309819,0.0,-1.0,0.0,1.0,0.0,1.0,0.0,0
0.0,1.0,1.0,0.47058823529411764,0.0,1.0,0.0,0.0,0.0,0.0,0.0,0.0,0.0,-0.8352051340820537,-0.047936780921074146,2.0,0.0,0.0,1.0,0.0,0.0,1.0,0
0.0,0.0,0.0,-0.5989304812834224,-1.0,0.0,0.0,1.0,0.0,1.0,0.0,1.0,0.0,-0.4739857895943159,-0.3897493949849971,0.0,0.0,0.0,0.0,0.0,0.0,1.0,1
0.0,1.0,1.0,0.25668449197860965,0.0,1.0,1.0,1.0,1.0,0.0,1.0,0.0,0.0,0.14393765757506294,0.5293799639349377,1.0,-1.0,0.0,0.0,1.0,0.0,0.0,0
0.0,1.0,0.0,0.9197860962566845,0.0,1.0,1.0,0.0,1.0,1.0,1.0,1.0,0.0,0.2640385056154024,1.3578169389687713,2.0,-1.0,0.0,0.0,0.0,0.0,0.0,0
1.0,0.0,0.0,-0.44919786096256686,0.0,1.0,0.0,0.0,0.0,0.0,0.0,1.0,-1.0,0.2695393078157232,-0.20075976096918507,0.0,-1.0,1.0,0.0,0.0,1.0,0.0,0
0.0,0.0,0.0,0.32085561497326204,0.0,0.0,1.0,0.0,0.0,1.0,1.0,0.0,-1.0,-0.09351363740545486,0.40263703090928227,1.0,0.0,0.0,0.0,0.0,1.0,0.0,0
0.0,1.0,1.0,0.5775401069518716,0.0,1.0,1.0,1.0,0.0,1.0,0.0,1.0,0.0,0.0980976392390556,0.8341551378200592,2.0,0.0,0.0,0.0,1.0,0.0,0.0,0
1.0,1.0,0.0,-0.10695187165775401,-1.0,0.0,1.0,0.0,0.0,0.0,0.0,1.0,-1.0,-0.5757506303002522,-0.1207780474796182,0.0,0.0,0.0,0.0,0.0,0.0,0.0,1
0.0,0.0,0.0,-0.5561497326203209,-1.0,0.0,0.0,0.0,0.0,0.0,0.0,0.0,-1.0,-0.8297043318817329,-0.38561316048227046,0.0,-1.0,0.0,0.0,0.0,1.0,0.0,1
0.0,0.0,0.0,-0.3850267379679144,0.0,0.0,0.0,0.0,0.0,0.0,0.0,0.0,-1.0,-0.9195507678203072,-0.34023068578042404,0.0,0.0,0.0,1.0,0.0,0.0,1.0,0
0.0,1.0,1.0,-0.44919786096256686,0.0,0.0,0.0,0.0,0.0,0.0,0.0,0.0,-1.0,-0.9351363740545497,-0.3564563355139272,2.0,-1.0,0.0,1.0,0.0,0.0,0.0,0
0.0,0.0,0.0,-0.5989304812834224,0.0,0.0,0.0,0.0,0.0,0.0,0.0,0.0,-1.0,-0.9131331652532662,-0.39670117157028156,0.0,-1.0,0.0,1.0,0.0,1.0,0.0,0
1.0,0.0,0.0,-0.2994652406417112,0.0,0.0,0.0,1.0,0.0,0.0,0.0,0.0,0.0,0.08801283520513403,-0.06964838378450945,0.0,-1.0,1.0,0.0,1.0,0.0,0.0,1
1.0,0.0,0.0,-0.3850267379679144,0.0,1.0,0.0,0.0,0.0,0.0,1.0,1.0,0.0,0.4519825807930325,-0.11312964192545348,0.0,-1.0,1.0,0.0,0.0,0.0,0.0,1
0.0,0.0,0.0,-0.42780748663101603,-1.0,0.0,0.0,0.0,0.0,0.0,0.0,0.0,0.0,-0.8352051340820537,-0.3474872375395936,0.0,0.0,0.0,0.0,0.0,1.0,0.0,0
0.0,0.0,0.0,-0.3422459893048128,0.0,1.0,1.0,0.0,0.0,0.0,1.0,1.0,-1.0,0.5069906027962413,-0.04561468435813988,0.0,0.0,1.0,0.0,0.0,0.0,1.0,1
0.0,0.0,0.0,0.1497326203208556,-1.0,0.0,1.0,1.0,1.0,1.0,0.0,1.0,0.0,-0.3190465276186111,0.1491511648579711,2.0,-1.0,0.0,0.0,0.0,0.0,1.0,0
0.0,1.0,0.0,0.7058823529411765,-1.0,0.0,0.0,0.0,0.0,1.0,1.0,0.0,0.0,-0.5775842310336925,0.27576347995196154,2.0,0.0,0.0,0.0,0.0,0.0,0.0,0
0.0,1.0,1.0,0.06417112299465241,0.0,0.0,0.0,1.0,0.0,0.0,1.0,0.0,0.0,0.2860417144166857,0.38789171773464964,0.0,-1.0,1.0,0.0,0.0,1.0,0.0,0
0.0,0.0,0.0,0.6417112299465241,0.0,0.0,0.0,0.0,1.0,0.0,1.0,1.0,-1.0,0.4639009855603942,1.2388530294289455,2.0,-1.0,1.0,0.0,0.0,1.0,0.0,0
0.0,1.0,0.0,0.8770053475935828,0.0,1.0,1.0,1.0,1.0,1.0,1.0,1.0,-1.0,0.8278707311482927,1.9103453030154602,1.0,0.0,1.0,0.0,1.0,0.0,0.0,1
0.0,1.0,1.0,-0.5989304812834224,0.0,0.0,0.0,0.0,0.0,0.0,0.0,0.0,-1.0,-0.9360531744212698,-0.39706399915824003,0.0,-1.0,0.0,1.0,0.0,1.0,0.0,0
0.0,1.0,0.0,0.9197860962566845,0.0,1.0,1.0,1.0,0.0,1.0,0.0,1.0,0.0,0.5509970203988082,1.7234890952168442,2.0,0.0,1.0,0.0,0.0,0.0,0.0,0
0.0,1.0,0.0,-0.25668449197860965,-1.0,0.0,0.0,1.0,0.0,0.0,1.0,1.0,0.0,-0.37955535182214084,-0.15994891387561547,0.0,0.0,0.0,0.0,0.0,0.0,1.0,0
1.0,0.0,0.0,0.5775401069518716,0.0,1.0,0.0,0.0,1.0,0.0,1.0,1.0,0.0,0.5601650240660097,1.221016425204907,0.0,0.0,1.0,0.0,0.0,1.0,0.0,0
0.0,0.0,0.0,-0.5989304812834224,-1.0,0.0,0.0,1.0,0.0,0.0,0.0,0.0,-1.0,-0.743525097410039,-0.3940162474193888,0.0,-1.0,0.0,0.0,0.0,0.0,0.0,1
0.0,0.0,0.0,-0.10695187165775401,0.0,0.0,0.0,0.0,0.0,0.0,0.0,1.0,0.0,0.17144166857666734,0.17810480637705767,0.0,0.0,1.0,0.0,1.0,0.0,0.0,0
0.0,0.0,0.0,-0.44919786096256686,0.0,0.0,1.0,0.0,0.0,1.0,0.0,0.0,-1.0,-0.2979601191840477,-0.2727447544201471,1.0,-1.0,0.0,0.0,0.0,0.0,0.0,0
0.0,1.0,1.0,0.8770053475935828,0.0,0.0,1.0,1.0,1.0,1.0,0.0,1.0,-1.0,0.06600962640385047,1.113126013649574,1.0,-1.0,0.0,0.0,1.0,0.0,0.0,0
0.0,1.0,1.0,-0.42780748663101603,-1.0,0.0,0.0,1.0,0.0,0.0,0.0,0.0,0.0,-0.743525097410039,-0.33044885400906343,0.0,0.0,0.0,0.0,0.0,1.0,0.0,1
0.0,0.0,0.0,0.7486631016042781,0.0,1.0,0.0,0.0,0.0,0.0,0.0,0.0,-1.0,-0.8397891359156544,0.07411841966815787,1.0,-1.0,0.0,1.0,0.0,0.0,1.0,0
1.0,0.0,0.0,-0.1925133689839572,0.0,0.0,0.0,0.0,0.0,0.0,1.0,1.0,-1.0,0.35663534265413716,0.07577291346924854,0.0,0.0,1.0,0.0,0.0,1.0,0.0,0
0.0,0.0,0.0,-0.5347593582887701,0.0,0.0,0.0,1.0,0.0,0.0,0.0,0.0,0.0,0.11276644510657816,-0.30587816975251536,0.0,-1.0,1.0,0.0,0.0,0.0,0.0,1
0.0,1.0,1.0,0.2994652406417112,-1.0,0.0,0.0,1.0,0.0,0.0,0.0,0.0,-1.0,-0.755443502177401,-0.047414309194413945,0.0,0.0,0.0,0.0,1.0,0.0,0.0,0
0.0,0.0,0.0,-0.36363636363636365,0.0,0.0,0.0,0.0,0.0,0.0,0.0,1.0,-1.0,0.13935365574146222,-0.12774433716842098,0.0,-1.0,1.0,0.0,0.0,0.0,0.0,1
0.0,0.0,0.0,-0.3850267379679144,0.0,1.0,0.0,0.0,0.0,0.0,0.0,1.0,0.0,-0.21178088471235385,-0.22808793489421764,0.0,-1.0,0.0,0.0,0.0,0.0,1.0,0
1.0,0.0,1.0,-0.5989304812834224,0.0,0.0,0.0,0.0,0.0,0.0,0.0,0.0,0.0,0.009168003667201469,-0.38210098943083237,0.0,-1.0,1.0,0.0,0.0,1.0,0.0,1
0.0,1.0,0.0,0.7272727272727273,0.0,1.0,0.0,0.0,1.0,1.0,1.0,1.0,-1.0,0.17052486820994725,1.058484178903027,2.0,0.0,0.0,0.0,1.0,0.0,0.0,0
1.0,0.0,0.0,0.12834224598930483,0.0,0.0,0.0,0.0,0.0,0.0,0.0,0.0,-1.0,0.0009168003667200947,0.2994343517903727,0.0,-1.0,1.0,0.0,0.0,1.0,0.0,0
1.0,0.0,1.0,0.0855614973262032,0.0,1.0,0.0,1.0,1.0,0.0,1.0,1.0,0.0,0.6390098556039422,0.6030629904975455,0.0,-1.0,1.0,0.0,0.0,0.0,0.0,0
1.0,0.0,0.0,-0.5133689839572193,0.0,0.0,0.0,0.0,0.0,0.0,1.0,1.0,0.0,0.38322255328902144,-0.27216423027941355,0.0,0.0,1.0,0.0,0.0,1.0,0.0,1
0.0,0.0,0.0,-0.36363636363636365,-1.0,0.0,0.0,1.0,1.0,1.0,1.0,1.0,-1.0,-0.18060967224386895,-0.1869577995232446,1.0,-1.0,0.0,0.0,0.0,1.0,0.0,0
0.0,0.0,1.0,-0.5347593582887701,-1.0,0.0,1.0,1.0,1.0,0.0,1.0,1.0,0.0,-0.243868897547559,-0.3377634581823064,0.0,-1.0,0.0,0.0,0.0,0.0,1.0,0
0.0,1.0,0.0,-0.23529411764705882,0.0,0.0,0.0,0.0,1.0,1.0,0.0,0.0,-1.0,0.14118725647490266,0.023612819424337725,0.0,0.0,1.0,0.0,0.0,1.0,0.0,0
1.0,0.0,0.0,-0.0427807486631016,0.0,1.0,0.0,0.0,1.0,0.0,0.0,0.0,0.0,0.13843685537474212,0.2171450548413899,0.0,-1.0,1.0,0.0,0.0,1.0,0.0,1
0.0,0.0,0.0,0.7058823529411765,0.0,1.0,1.0,1.0,0.0,1.0,0.0,1.0,-1.0,0.5775842310336925,1.4924840265154402,1.0,0.0,1.0,0.0,0.0,1.0,0.0,1
0.0,1.0,1.0,0.9197860962566845,0.0,1.0,0.0,0.0,0.0,0.0,0.0,0.0,-1.0,-0.8443731377492552,0.09337730803699384,2.0,-1.0,0.0,1.0,0.0,0.0,0.0,0
0.0,0.0,0.0,-0.44919786096256686,0.0,1.0,1.0,1.0,1.0,0.0,0.0,0.0,0.0,-0.09168003667201467,-0.23634589079615262,0.0,-1.0,0.0,0.0,0.0,0.0,0.0,0
0.0,0.0,0.0,-0.1711229946524064,0.0,0.0,0.0,1.0,0.0,1.0,1.0,1.0,0.0,0.5253266101306442,0.1651591180386992,0.0,-1.0,1.0,0.0,0.0,0.0,0.0,0
0.0,0.0,0.0,0.9197860962566845,0.0,1.0,1.0,1.0,1.0,1.0,1.0,1.0,0.0,0.8141187256474904,2.0635601368585665,2.0,-1.0,1.0,0.0,0.0,1.0,0.0,0
0.0,1.0,0.0,0.06417112299465241,0.0,1.0,0.0,0.0,1.0,0.0,0.0,0.0,0.0,0.15402246160898475,0.30783743872749103,0.0,0.0,1.0,0.0,0.0,1.0,0.0,1
0.0,0.0,0.0,0.0855614973262032,0.0,0.0,0.0,1.0,1.0,0.0,1.0,0.0,0.0,-0.07517763007105194,0.2490448563746993,0.0,0.0,0.0,0.0,1.0,0.0,0.0,0
0.0,1.0,1.0,-0.1497326203208556,0.0,0.0,0.0,1.0,1.0,0.0,1.0,1.0,0.0,0.5418290167316067,0.204010696157293,1.0,0.0,1.0,0.0,0.0,0.0,1.0,0
0.0,1.0,1.0,0.8983957219251337,0.0,1.0,1.0,0.0,1.0,0.0,1.0,1.0,-1.0,0.6426770570708228,1.7468261656743334,2.0,0.0,1.0,0.0,0.0,1.0,0.0,0
0.0,0.0,0.0,0.8342245989304813,-1.0,0.0,0.0,0.0,1.0,0.0,0.0,1.0,0.0,-0.5610818244327298,0.40896474404327804,0.0,0.0,0.0,0.0,0.0,0.0,0.0,0
1.0,1.0,0.0,-0.0427807486631016,0.0,1.0,0.0,1.0,1.0,0.0,0.0,1.0,0.0,0.45931698372679347,0.32590625260782324,0.0,0.0,1.0,0.0,0.0,1.0,0.0,1
0.0,0.0,0.0,0.7058823529411765,0.0,1.0,1.0,1.0,0.0,0.0,0.0,1.0,0.0,0.39972495988998397,1.260912946776821,1.0,0.0,1.0,0.0,0.0,0.0,0.0,0
0.0,0.0,0.0,0.9197860962566845,0.0,1.0,0.0,1.0,1.0,1.0,1.0,1.0,0.0,0.331881732752693,1.3974812508843921,2.0,0.0,0.0,0.0,0.0,0.0,0.0,0
0.0,0.0,0.0,0.0427807486631016,0.0,1.0,0.0,0.0,0.0,1.0,0.0,0.0,-1.0,0.20536328214531294,0.33706682921342607,1.0,0.0,1.0,0.0,1.0,0.0,0.0,0
1.0,0.0,0.0,0.4919786096256685,-1.0,0.0,0.0,1.0,0.0,0.0,1.0,1.0,0.0,-0.3914737565895027,0.33771991887175135,0.0,0.0,0.0,0.0,0.0,1.0,0.0,1
0.0,0.0,0.0,-0.1925133689839572,0.0,0.0,0.0,0.0,0.0,0.0,0.0,0.0,0.0,-0.9461379784551915,-0.301799987663862,0.0,-1.0,0.0,1.0,1.0,0.0,0.0,0
0.0,1.0,0.0,0.8983957219251337,0.0,1.0,1.0,0.0,1.0,1.0,1.0,1.0,0.0,0.6976850790740317,1.807926331486541,2.0,0.0,1.0,0.0,1.0,0.0,0.0,0
0.0,1.0,0.0,0.6631016042780749,0.0,1.0,1.0,0.0,1.0,1.0,1.0,1.0,0.0,0.7141874856749943,1.505139452783432,0.0,0.0,1.0,0.0,0.0,0.0,0.0,0
0.0,1.0,1.0,-0.12834224598930483,0.0,1.0,0.0,1.0,0.0,1.0,0.0,0.0,-1.0,-0.19802887921155166,0.007779023485829755,2.0,0.0,0.0,0.0,0.0,0.0,1.0,0
0.0,1.0,1.0,0.1711229946524064,0.0,0.0,0.0,0.0,0.0,0.0,1.0,1.0,-1.0,0.37955535182214084,0.5399309901927704,1.0,0.0,1.0,0.0,1.0,0.0,0.0,0
0.0,1.0,1.0,0.7272727272727273,0.0,1.0,1.0,0.0,0.0,0.0,1.0,1.0,0.0,0.5344946137978457,1.429192382071963,1.0,-1.0,1.0,0.0,1.0,0.0,0.0,0
0.0,1.0,0.0,0.8770053475935828,0.0,1.0,0.0,1.0,1.0,1.0,1.0,1.0,0.0,0.7334402933761174,1.8474164861599416,2.0,-1.0,1.0,0.0,0.0,1.0,0.0,0
0.0,1.0,1.0,0.06417112299465241,0.0,0.0,1.0,1.0,0.0,0.0,0.0,1.0,0.0,0.37222094888837953,0.474999365051721,1.0,0.0,1.0,0.0,0.0,1.0,0.0,0
0.0,0.0,0.0,-0.23529411764705882,0.0,1.0,0.0,0.0,0.0,0.0,0.0,0.0,0.0,0.09351363740545486,0.002220504838305846,0.0,0.0,1.0,0.0,0.0,0.0,0.0,0
1.0,1.0,0.0,0.5133689839572193,0.0,0.0,0.0,1.0,1.0,1.0,1.0,0.0,0.0,0.430896172358469,1.0112875662613883,1.0,-1.0,1.0,0.0,0.0,1.0,0.0,0
0.0,0.0,0.0,0.4919786096256685,0.0,0.0,1.0,0.0,0.0,0.0,0.0,0.0,0.0,-0.38047215218886093,0.3332643960916213,0.0,-1.0,0.0,0.0,0.0,0.0,0.0,0
0.0,0.0,0.0,-0.5989304812834224,0.0,0.0,0.0,0.0,0.0,0.0,0.0,0.0,-1.0,-0.9149667659867065,-0.39673019777731827,0.0,0.0,0.0,1.0,0.0,0.0,1.0,0
0.0,0.0,0.0,0.6417112299465241,0.0,0.0,0.0,0.0,0.0,0.0,0.0,0.0,0.0,-0.9223011689204677,-0.056630129928559286,2.0,0.0,0.0,1.0,0.0,0.0,0.0,0
0.0,1.0,1.0,-0.5989304812834224,0.0,0.0,0.0,0.0,0.0,0.0,0.0,0.0,0.0,0.009168003667201469,-0.38210098943083237,0.0,0.0,1.0,0.0,0.0,1.0,0.0,1
0.0,1.0,1.0,0.25668449197860965,0.0,0.0,1.0,1.0,1.0,0.0,0.0,0.0,0.0,-0.18702727481091,0.32622554088522676,1.0,0.0,0.0,0.0,0.0,0.0,0.0,0
0.0,1.0,0.0,0.8770053475935828,0.0,1.0,1.0,0.0,1.0,1.0,0.0,1.0,0.0,0.07884483153793258,1.140265517228868,2.0,0.0,0.0,0.0,1.0,0.0,0.0,0
0.0,0.0,0.0,0.8556149732620321,0.0,1.0,1.0,0.0,1.0,1.0,1.0,1.0,0.0,0.2722897089158835,1.3090819373541887,2.0,-1.0,0.0,0.0,1.0,0.0,0.0,0
1.0,1.0,0.0,0.42780748663101603,0.0,0.0,0.0,1.0,0.0,0.0,0.0,0.0,-1.0,-0.37955535182214084,0.29345495314081704,2.0,0.0,0.0,0.0,0.0,0.0,1.0,0
0.0,0.0,0.0,0.06417112299465241,0.0,0.0,0.0,0.0,0.0,1.0,1.0,1.0,0.0,0.47123538849415547,0.5213106783787412,0.0,0.0,1.0,0.0,0.0,1.0,0.0,1
1.0,0.0,0.0,-0.5347593582887701,0.0,1.0,0.0,0.0,0.0,0.0,0.0,0.0,-1.0,-0.39880815952326387,-0.35050596307140813,0.0,-1.0,0.0,0.0,0.0,0.0,1.0,0
0.0,0.0,0.0,-0.5347593582887701,0.0,0.0,0.0,0.0,0.0,0.0,0.0,0.0,0.0,-0.9287187714875087,-0.3844230859937667,0.0,0.0,0.0,1.0,0.0,1.0,0.0,0
0.0,0.0,0.0,-0.42780748663101603,0.0,0.0,1.0,0.0,1.0,1.0,0.0,1.0,0.0,-0.0412560165024066,-0.23524289492875883,0.0,0.0,0.0,0.0,0.0,0.0,0.0,0
0.0,1.0,0.0,0.32085561497326204,0.0,1.0,1.0,0.0,1.0,0.0,0.0,0.0,0.0,0.2622049048819619,0.6498822624477074,0.0,0.0,1.0,0.0,1.0,0.0,0.0,0
0.0,0.0,0.0,-0.10695187165775401,0.0,0.0,0.0,1.0,1.0,1.0,0.0,0.0,0.0,0.2832913133165254,0.20891612514649163,0.0,0.0,1.0,0.0,0.0,1.0,0.0,0
0.0,0.0,0.0,-0.5989304812834224,0.0,1.0,0.0,0.0,0.0,0.0,0.0,0.0,0.0,0.06876002750401101,-0.38115763770214034,0.0,0.0,1.0,0.0,0.0,0.0,1.0,1
1.0,0.0,0.0,-0.5775401069518716,-1.0,0.0,0.0,0.0,1.0,0.0,0.0,0.0,0.0,-0.7352738941095578,-0.3798804845925265,0.0,-1.0,0.0,0.0,0.0,1.0,0.0,1
0.0,1.0,1.0,0.47058823529411764,-1.0,0.0,1.0,0.0,0.0,1.0,0.0,0.0,-1.0,-0.6655970662388265,0.11453741296673231,2.0,-1.0,0.0,0.0,0.0,0.0,0.0,0
0.0,0.0,0.0,0.6631016042780749,0.0,0.0,0.0,1.0,1.0,1.0,1.0,0.0,0.0,-0.0064176025670409234,0.8235605722516717,1.0,-1.0,0.0,0.0,1.0,0.0,0.0,0
1.0,0.0,0.0,0.06417112299465241,0.0,0.0,0.0,1.0,0.0,0.0,0.0,0.0,0.0,0.07151042860417155,0.25820262469477123,0.0,-1.0,1.0,0.0,0.0,1.0,0.0,1
0.0,1.0,1.0,0.7058823529411765,0.0,0.0,0.0,0.0,0.0,0.0,0.0,0.0,-1.0,-0.9140499656199864,-0.0490397767884679,2.0,0.0,0.0,1.0,1.0,0.0,0.0,0
0.0,0.0,0.0,-0.5561497326203209,0.0,1.0,0.0,1.0,1.0,0.0,1.0,1.0,0.0,0.6390098556039422,-0.30888238218081154,0.0,0.0,1.0,0.0,0.0,0.0,0.0,1
0.0,0.0,0.0,-0.5989304812834224,-1.0,0.0,0.0,0.0,0.0,0.0,0.0,0.0,-1.0,-0.8278707311482926,-0.39535145294307605,0.0,0.0,0.0,0.0,0.0,0.0,1.0,0
0.0,0.0,0.0,0.9197860962566845,0.0,1.0,0.0,1.0,1.0,1.0,1.0,1.0,-1.0,0.2952097180838872,1.4405996814373778,2.0,-1.0,0.0,0.0,0.0,0.0,0.0,0
0.0,0.0,0.0,-0.5347593582887701,0.0,1.0,0.0,0.0,0.0,0.0,0.0,0.0,0.0,0.0705936282374512,-0.32568855605504826,0.0,0.0,1.0,0.0,0.0,1.0,0.0,1
0.0,0.0,0.0,0.8128342245989305,0.0,0.0,0.0,0.0,0.0,1.0,0.0,0.0,-1.0,-0.3658033463213386,0.5435737791758734,2.0,0.0,0.0,0.0,0.0,0.0,0.0,0
0.0,1.0,1.0,0.3422459893048128,-1.0,0.0,0.0,1.0,1.0,1.0,0.0,1.0,-1.0,-0.35755214302085725,0.25458886191870483,1.0,-1.0,0.0,0.0,0.0,0.0,0.0,0
0.0,1.0,0.0,0.9197860962566845,0.0,1.0,1.0,1.0,1.0,1.0,1.0,1.0,0.0,0.7994499197799679,1.9444656093870754,2.0,0.0,1.0,0.0,1.0,0.0,0.0,0
0.0,0.0,0.0,0.7272727272727273,0.0,1.0,0.0,1.0,0.0,0.0,1.0,1.0,-1.0,0.5390786156314464,1.3786287294140698,1.0,-1.0,1.0,0.0,0.0,0.0,0.0,1
0.0,0.0,1.0,-0.5775401069518716,0.0,0.0,0.0,0.0,0.0,0.0,0.0,1.0,0.0,-0.27870731148292466,-0.371172622481523,0.0,0.0,0.0,0.0,0.0,1.0,0.0,0
0.0,1.0,0.0,-0.27807486631016043,-1.0,0.0,0.0,0.0,0.0,1.0,1.0,1.0,0.0,-0.3768049507219803,-0.16753926701570682,0.0,-1.0,0.0,0.0,0.0,1.0,0.0,1
0.0,0.0,0.0,-0.44919786096256686,0.0,1.0,0.0,1.0,1.0,0.0,1.0,0.0,0.0,0.430896172358469,-0.17814834568761273,0.0,0.0,1.0,0.0,0.0,1.0,0.0,1
0.0,0.0,0.0,-0.5561497326203209,0.0,0.0,0.0,0.0,0.0,0.0,1.0,1.0,0.0,0.34746733898693566,-0.3329160816071811,0.0,-1.0,1.0,0.0,0.0,1.0,0.0,1
0.0,1.0,0.0,0.5561497326203209,-1.0,0.0,0.0,0.0,1.0,1.0,1.0,1.0,0.0,-0.2924593169837269,0.46177792774651416,0.0,0.0,0.0,0.0,0.0,0.0,0.0,1
1.0,1.0,0.0,0.44919786096256686,0.0,0.0,0.0,0.0,0.0,0.0,0.0,0.0,0.0,0.010084804033921563,0.5971996966761365,0.0,-1.0,1.0,0.0,0.0,1.0,0.0,1
0.0,0.0,0.0,-0.36363636363636365,0.0,1.0,0.0,0.0,1.0,0.0,1.0,0.0,0.0,0.34930093972037585,-0.10613432602961402,0.0,0.0,1.0,0.0,0.0,1.0,0.0,0
0.0,0.0,1.0,0.23529411764705882,0.0,0.0,1.0,1.0,0.0,0.0,0.0,0.0,0.0,-0.27962411184964475,0.21821902450174693,0.0,0.0,0.0,0.0,0.0,0.0,1.0,1
0.0,1.0,1.0,-0.5989304812834224,0.0,0.0,0.0,0.0,0.0,0.0,0.0,0.0,0.0,-0.009168003667201469,-0.3823912515011992,0.0,0.0,1.0,0.0,0.0,1.0,0.0,1
0.0,0.0,0.0,-0.5347593582887701,0.0,0.0,0.0,0.0,1.0,1.0,0.0,1.0,0.0,0.3648865459546185,-0.29918762903056095,0.0,0.0,1.0,0.0,0.0,1.0,0.0,0
0.0,0.0,1.0,-0.2994652406417112,0.0,1.0,0.0,1.0,0.0,0.0,1.0,0.0,0.0,0.3758881503552602,0.01237967730114323,0.0,0.0,1.0,0.0,0.0,1.0,0.0,0
0.0,1.0,1.0,0.1925133689839572,0.0,1.0,0.0,0.0,1.0,0.0,1.0,1.0,0.0,0.5619986247994501,0.745770337393374,0.0,0.0,1.0,0.0,1.0,0.0,0.0,0
0.0,0.0,1.0,-0.47058823529411764,0.0,0.0,0.0,0.0,0.0,0.0,0.0,0.0,0.0,0.010084804033921563,-0.26551722886801427,0.0,-1.0,1.0,0.0,0.0,1.0,0.0,0
0.0,0.0,0.0,-0.5561497326203209,0.0,0.0,0.0,0.0,0.0,0.0,0.0,0.0,-1.0,-0.9268851707540684,-0.38587439634560056,0.0,-1.0,0.0,1.0,0.0,0.0,1.0,0
1.0,0.0,0.0,-0.5561497326203209,0.0,1.0,0.0,0.0,0.0,0.0,0.0,0.0,0.0,0.08342883337153331,-0.328329940895386,0.0,-1.0,1.0,0.0,1.0,0.0,0.0,1
1.0,1.0,1.0,-0.5989304812834224,0.0,0.0,0.0,0.0,0.0,0.0,0.0,0.0,0.0,-0.022920009168003668,-0.3826089480539743,0.0,-1.0,1.0,0.0,0.0,1.0,0.0,1
0.0,0.0,0.0,-0.47058823529411764,0.0,0.0,0.0,0.0,0.0,0.0,0.0,0.0,0.0,-0.9452211780884713,-0.3648158831404905,0.0,0.0,0.0,1.0,0.0,0.0,1.0,0
1.0,1.0,0.0,-0.5347593582887701,0.0,1.0,0.0,0.0,0.0,0.0,0.0,0.0,0.0,0.07151042860417155,-0.3137152456524185,0.0,0.0,1.0,0.0,0.0,0.0,1.0,1
0.0,0.0,0.0,-0.47058823529411764,0.0,1.0,0.0,0.0,0.0,0.0,1.0,1.0,0.0,0.4327297730919092,-0.19914880647864946,0.0,0.0,1.0,0.0,0.0,1.0,0.0,0
0.0,0.0,0.0,0.06417112299465241,0.0,1.0,1.0,1.0,0.0,1.0,1.0,1.0,0.0,0.6903506761402707,0.5937310649352534,0.0,0.0,1.0,0.0,1.0,0.0,0.0,1
0.0,1.0,1.0,0.8556149732620321,0.0,1.0,1.0,0.0,1.0,1.0,0.0,0.0,0.0,-0.11643364657345853,0.8320942771204553,2.0,-1.0,0.0,0.0,1.0,0.0,0.0,0
1.0,1.0,1.0,0.8770053475935828,0.0,1.0,0.0,1.0,1.0,1.0,1.0,1.0,0.0,0.6857666743066699,1.7672461023246366,1.0,-1.0,1.0,0.0,0.0,1.0,0.0,0
1.0,0.0,0.0,0.9197860962566845,0.0,1.0,1.0,1.0,1.0,1.0,0.0,1.0,0.0,0.6765986706394684,1.8464586213277314,2.0,-1.0,1.0,0.0,0.0,0.0,0.0,0
1.0,0.0,0.0,0.8342245989304813,0.0,0.0,0.0,0.0,0.0,0.0,0.0,0.0,0.0,-0.9259683703873482,0.0024962538051543025,2.0,0.0,0.0,1.0,1.0,0.0,0.0,0
1.0,0.0,0.0,-0.44919786096256686,0.0,0.0,0.0,0.0,1.0,0.0,0.0,0.0,0.0,0.06509282603713037,-0.2285088148962495,0.0,-1.0,1.0,0.0,0.0,0.0,0.0,0
0.0,1.0,1.0,0.8128342245989305,0.0,1.0,1.0,0.0,1.0,1.0,1.0,1.0,0.0,0.7013522805409123,1.6744638315318943,2.0,-1.0,1.0,0.0,1.0,0.0,0.0,1
0.0,1.0,1.0,0.27807486631016043,0.0,1.0,1.0,0.0,0.0,0.0,1.0,1.0,-1.0,0.487737795095118,0.7632005747188993,1.0,0.0,1.0,0.0,0.0,1.0,0.0,0
0.0,1.0,1.0,0.7486631016042781,0.0,1.0,1.0,0.0,1.0,0.0,0.0,1.0,-1.0,0.4198945679578273,1.2872832558696432,2.0,0.0,1.0,0.0,0.0,0.0,0.0,0
0.0,0.0,0.0,-0.5775401069518716,0.0,0.0,0.0,0.0,0.0,0.0,0.0,0.0,0.0,-0.05042402016960807,-0.36885052591858875,0.0,0.0,1.0,0.0,0.0,1.0,0.0,1
0.0,1.0,1.0,-0.25668449197860965,0.0,0.0,1.0,0.0,0.0,1.0,1.0,0.0,-1.0,0.39147375658950256,0.05429352026210664,0.0,-1.0,1.0,0.0,0.0,1.0,0.0,1
0.0,1.0,1.0,-0.0213903743315508,0.0,0.0,0.0,0.0,0.0,0.0,0.0,1.0,0.0,0.1934448773779509,0.24373306048698715,0.0,-1.0,1.0,0.0,0.0,1.0,0.0,1
0.0,0.0,0.0,0.44919786096256686,0.0,1.0,0.0,1.0,0.0,1.0,1.0,1.0,0.0,0.16685766674306662,0.7653630271431318,2.0,-1.0,0.0,0.0,0.0,0.0,1.0,0
0.0,0.0,0.0,0.23529411764705882,0.0,0.0,0.0,0.0,0.0,0.0,0.0,0.0,0.0,-0.9149667659867065,-0.16257578561243488,2.0,-1.0,0.0,1.0,0.0,0.0,0.0,0
0.0,1.0,1.0,0.9197860962566845,-1.0,0.0,1.0,1.0,1.0,1.0,0.0,0.0,-1.0,-0.4629841851936741,0.5086552521107496,2.0,0.0,0.0,0.0,1.0,0.0,0.0,0
0.0,0.0,0.0,-0.5347593582887701,0.0,0.0,0.0,0.0,0.0,0.0,0.0,1.0,0.0,0.1723584689433877,-0.30857760700692644,0.0,0.0,1.0,0.0,0.0,1.0,0.0,1
0.0,0.0,0.0,0.5561497326203209,0.0,1.0,1.0,0.0,1.0,0.0,0.0,0.0,0.0,0.2521201008480404,0.9295497672461024,1.0,-1.0,1.0,0.0,1.0,0.0,0.0,0
0.0,1.0,0.0,0.5561497326203209,0.0,0.0,1.0,1.0,1.0,0.0,0.0,0.0,-1.0,-0.21819848727939492,0.48798859270063455,2.0,0.0,0.0,0.0,0.0,1.0,0.0,0
0.0,1.0,0.0,0.2994652406417112,-1.0,0.0,1.0,0.0,0.0,1.0,0.0,0.0,-1.0,-0.6692642677057071,0.03423641119976193,0.0,-1.0,0.0,0.0,0.0,0.0,0.0,0
0.0,1.0,1.0,-0.5989304812834224,0.0,1.0,0.0,0.0,0.0,0.0,0.0,0.0,0.0,0.07334402933761175,-0.3810850721845487,0.0,0.0,1.0,0.0,0.0,1.0,0.0,1
0.0,1.0,0.0,-0.5989304812834224,0.0,0.0,0.0,0.0,0.0,0.0,1.0,0.0,-1.0,0.1521888608755443,-0.3798369452819715,0.0,-1.0,1.0,0.0,0.0,1.0,0.0,1
0.0,0.0,0.0,-0.5989304812834224,0.0,1.0,0.0,1.0,0.0,0.0,0.0,1.0,0.0,0.3731377492550996,-0.3763392873340518,0.0,0.0,1.0,0.0,1.0,0.0,0.0,1
0.0,0.0,0.0,-0.2994652406417112,0.0,1.0,0.0,0.0,0.0,0.0,0.0,0.0,-1.0,-0.34746733898693566,-0.18051398156110202,0.0,0.0,0.0,0.0,0.0,1.0,0.0,1
0.0,1.0,1.0,-0.5989304812834224,0.0,0.0,0.0,0.0,0.0,0.0,0.0,1.0,-1.0,0.17419206967682788,-0.37948863079753137,0.0,0.0,1.0,0.0,0.0,1.0,0.0,1
1.0,0.0,0.0,-0.5989304812834224,0.0,0.0,0.0,0.0,0.0,0.0,0.0,0.0,0.0,-0.013752005500802201,-0.3824638170187909,0.0,0.0,1.0,0.0,0.0,1.0,0.0,1
0.0,1.0,1.0,-0.1497326203208556,0.0,0.0,1.0,0.0,1.0,1.0,1.0,0.0,0.0,-0.055008022003208805,0.04546955332295643,1.0,0.0,0.0,0.0,0.0,0.0,0.0,1
1.0,1.0,0.0,0.7272727272727273,0.0,0.0,1.0,1.0,1.0,1.0,1.0,1.0,0.0,0.24753609901443963,1.1442566206964113,1.0,0.0,0.0,0.0,0.0,0.0,0.0,0
0.0,0.0,0.0,0.5133689839572193,0.0,1.0,1.0,0.0,1.0,0.0,1.0,1.0,0.0,0.6683474673389871,1.2766016116801457,1.0,-1.0,1.0,0.0,1.0,0.0,0.0,1
0.0,0.0,0.0,-0.3422459893048128,0.0,0.0,0.0,0.0,0.0,0.0,0.0,0.0,-1.0,-0.930552372220949,-0.32557245122690154,2.0,0.0,0.0,1.0,0.0,0.0,1.0,0
0.0,1.0,0.0,-0.5561497326203209,0.0,1.0,0.0,0.0,0.0,0.0,0.0,0.0,0.0,0.0980976392390556,-0.3282283491707576,0.0,-1.0,1.0,0.0,0.0,1.0,0.0,1
1.0,1.0,0.0,0.8770053475935828,0.0,1.0,0.0,0.0,0.0,0.0,0.0,0.0,0.0,0.09443043777217522,1.1680145711559322,2.0,-1.0,1.0,0.0,1.0,0.0,0.0,0
0.0,0.0,0.0,-0.4919786096256685,0.0,1.0,0.0,1.0,1.0,1.0,1.0,1.0,0.0,0.7224386889754758,-0.20839365341983146,0.0,-1.0,1.0,0.0,1.0,0.0,0.0,1
0.0,1.0,1.0,0.1925133689839572,0.0,0.0,0.0,0.0,0.0,0.0,0.0,0.0,-1.0,-0.9333027733211094,-0.19450461335278094,0.0,0.0,0.0,1.0,0.0,1.0,0.0,0
0.0,1.0,0.0,-0.5133689839572193,0.0,0.0,0.0,0.0,0.0,0.0,0.0,0.0,-1.0,-0.9378867751547101,-0.366122062457141,0.0,0.0,0.0,1.0,0.0,0.0,1.0,1
0.0,1.0,0.0,-0.1711229946524064,0.0,0.0,0.0,0.0,0.0,1.0,1.0,0.0,0.0,0.2851249140499656,0.12524808336326662,0.0,-1.0,1.0,0.0,0.0,1.0,0.0,0
0.0,1.0,1.0,-0.0855614973262032,0.0,0.0,1.0,1.0,1.0,0.0,0.0,0.0,0.0,-0.1631904652761861,0.06490259893401253,1.0,0.0,0.0,0.0,0.0,0.0,0.0,0
0.0,1.0,0.0,-0.1925133689839572,0.0,0.0,0.0,0.0,0.0,0.0,0.0,0.0,-1.0,-0.9397203758881505,-0.29378875452173886,0.0,-1.0,0.0,1.0,0.0,0.0,0.0,0
0.0,0.0,0.0,-0.5133689839572193,0.0,0.0,0.0,0.0,0.0,0.0,0.0,0.0,-1.0,-0.9140499656199864,-0.37555557974406145,0.0,0.0,0.0,1.0,0.0,0.0,0.0,0
0.0,1.0,1.0,0.44919786096256686,0.0,0.0,0.0,0.0,0.0,0.0,0.0,0.0,-1.0,-0.9158835663534267,-0.09205661561682507,2.0,-1.0,0.0,1.0,1.0,0.0,0.0,0
1.0,1.0,0.0,-0.10695187165775401,0.0,1.0,0.0,1.0,1.0,0.0,1.0,1.0,0.0,0.6188402475360991,0.3037592566388378,0.0,0.0,1.0,0.0,0.0,1.0,0.0,1
1.0,0.0,0.0,-0.27807486631016043,0.0,0.0,0.0,0.0,0.0,0.0,0.0,0.0,-1.0,-0.015585606234242391,-0.09987917841320987,0.0,0.0,1.0,0.0,0.0,1.0,0.0,0
1.0,0.0,0.0,-0.27807486631016043,0.0,1.0,0.0,0.0,0.0,0.0,1.0,0.0,0.0,0.2612881045152418,-0.010812262121162645,0.0,-1.0,1.0,0.0,0.0,1.0,0.0,1
0.0,1.0,0.0,-0.3422459893048128,0.0,1.0,0.0,1.0,1.0,0.0,1.0,0.0,-1.0,0.4327297730919092,-0.04986702368901327,0.0,-1.0,1.0,0.0,0.0,1.0,0.0,1
0.0,0.0,0.0,-0.5989304812834224,0.0,1.0,0.0,1.0,0.0,0.0,0.0,0.0,0.0,0.1586064634425855,-0.3797353535573431,0.0,-1.0,1.0,0.0,0.0,0.0,1.0,0
0.0,0.0,0.0,-0.5989304812834224,0.0,0.0,0.0,0.0,0.0,0.0,0.0,0.0,-1.0,-0.930552372220949,-0.39697692053713,0.0,0.0,0.0,1.0,0.0,0.0,1.0,1
0.0,0.0,0.0,0.36363636363636365,0.0,1.0,1.0,0.0,0.0,0.0,1.0,0.0,0.0,0.34196653678661487,0.8296125364188192,0.0,0.0,1.0,0.0,1.0,0.0,0.0,0
0.0,1.0,1.0,-0.0213903743315508,0.0,0.0,0.0,0.0,0.0,0.0,1.0,1.0,0.0,0.35938574375429744,0.35166701135287515,1.0,-1.0,1.0,0.0,0.0,0.0,0.0,1
0.0,0.0,0.0,-0.5989304812834224,0.0,0.0,0.0,0.0,0.0,0.0,0.0,0.0,-1.0,-0.9213843685537475,-0.3968317895019466,0.0,0.0,0.0,1.0,0.0,0.0,1.0,1
1.0,1.0,0.0,0.5133689839572193,0.0,1.0,0.0,1.0,0.0,0.0,1.0,1.0,0.0,0.5757506303002523,1.2080707368665484,0.0,0.0,1.0,0.0,0.0,1.0,0.0,1
1.0,0.0,0.0,-0.5775401069518716,0.0,0.0,0.0,0.0,0.0,0.0,0.0,0.0,0.0,0.0027504011001605448,-0.3613907907101625,0.0,-1.0,1.0,0.0,0.0,1.0,0.0,1
0.0,0.0,0.0,0.7058823529411765,0.0,1.0,1.0,1.0,1.0,0.0,0.0,0.0,0.0,0.3951409580563832,1.2679808281902523,1.0,-1.0,1.0,0.0,0.0,1.0,0.0,0
0.0,0.0,1.0,-0.42780748663101603,0.0,0.0,0.0,0.0,0.0,0.0,0.0,0.0,-1.0,-0.924134769653908,-0.3474872375395936,1.0,0.0,0.0,1.0,0.0,0.0,1.0,0
1.0,0.0,0.0,0.5775401069518716,0.0,1.0,0.0,1.0,1.0,0.0,1.0,1.0,-1.0,0.6280082512033005,1.2928127483101308,0.0,-1.0,1.0,0.0,0.0,1.0,0.0,0
0.0,1.0,0.0,0.7486631016042781,0.0,1.0,1.0,0.0,1.0,1.0,1.0,1.0,0.0,0.6967682787073115,1.594540170456401,1.0,0.0,1.0,0.0,0.0,0.0,1.0,0
1.0,1.0,1.0,0.7700534759358288,0.0,1.0,0.0,0.0,1.0,1.0,1.0,1.0,0.0,0.6124226449690582,1.5615228599521795,1.0,-1.0,1.0,0.0,0.0,0.0,0.0,0
0.0,0.0,0.0,0.0,0.0,0.0,0.0,0.0,0.0,0.0,0.0,0.0,-1.0,-0.9378867751547101,-0.22808793489421764,0.0,-1.0,0.0,1.0,1.0,0.0,0.0,0
0.0,1.0,1.0,-0.0855614973262032,0.0,0.0,0.0,1.0,1.0,0.0,0.0,0.0,-1.0,-0.3089617235846895,-0.009273873148218712,1.0,0.0,0.0,0.0,0.0,0.0,1.0,0
0.0,0.0,0.0,0.42780748663101603,0.0,1.0,0.0,0.0,0.0,1.0,1.0,0.0,0.0,-0.07976163190465267,0.525838766676463,2.0,0.0,0.0,0.0,0.0,0.0,0.0,0
0.0,0.0,0.0,0.6417112299465241,0.0,1.0,1.0,0.0,0.0,1.0,0.0,1.0,-1.0,-0.033004813201925234,0.7789327789327789,1.0,-1.0,0.0,0.0,0.0,0.0,0.0,0
0.0,0.0,0.0,-0.40641711229946526,0.0,0.0,0.0,0.0,0.0,0.0,0.0,0.0,0.0,-0.9158835663534267,-0.3483289975436573,0.0,-1.0,0.0,1.0,0.0,0.0,1.0,0
1.0,1.0,0.0,0.8983957219251337,0.0,0.0,0.0,1.0,1.0,1.0,0.0,1.0,0.0,0.4584001833600734,1.5441216488336909,2.0,0.0,1.0,0.0,1.0,0.0,0.0,0
0.0,1.0,1.0,-0.12834224598930483,0.0,0.0,0.0,0.0,1.0,0.0,0.0,0.0,0.0,0.08801283520513403,0.09157768320071985,0.0,-1.0,1.0,0.0,1.0,0.0,0.0,0
0.0,1.0,0.0,0.6844919786096256,0.0,1.0,0.0,0.0,0.0,0.0,0.0,0.0,-1.0,-0.8287875315150127,0.04861889678643606,2.0,-1.0,0.0,1.0,0.0,0.0,0.0,0
0.0,0.0,0.0,-0.5989304812834224,0.0,0.0,0.0,1.0,0.0,0.0,0.0,0.0,0.0,-0.40155856062342427,-0.38860285980704834,0.0,-1.0,0.0,0.0,0.0,1.0,0.0,0
0.0,0.0,0.0,-0.5989304812834224,0.0,0.0,0.0,0.0,0.0,0.0,0.0,0.0,0.0,-0.004584001833600734,-0.38231868598360746,0.0,-1.0,1.0,0.0,0.0,1.0,0.0,1
0.0,1.0,1.0,0.42780748663101603,0.0,1.0,0.0,0.0,1.0,0.0,1.0,1.0,0.0,0.5372450148980059,1.011577828331755,0.0,0.0,1.0,0.0,0.0,1.0,0.0,1
1.0,0.0,0.0,-0.5561497326203209,-1.0,0.0,0.0,0.0,0.0,0.0,0.0,0.0,-1.0,-0.8287875315150127,-0.3801417204558566,0.0,-1.0,0.0,0.0,0.0,1.0,0.0,1
0.0,1.0,1.0,0.42780748663101603,0.0,1.0,0.0,1.0,0.0,0.0,1.0,1.0,-1.0,0.549163419665368,1.0317075029116916,1.0,-1.0,1.0,0.0,0.0,0.0,1.0,1
0.0,1.0,1.0,0.9197860962566845,0.0,1.0,0.0,0.0,1.0,0.0,1.0,1.0,0.0,0.11551684620673844,1.1845740222703574,2.0,-1.0,0.0,0.0,0.0,0.0,0.0,0
0.0,0.0,0.0,-0.5133689839572193,0.0,0.0,0.0,0.0,0.0,0.0,0.0,0.0,0.0,-0.014668805867522297,-0.3107255463276406,0.0,0.0,1.0,0.0,0.0,1.0,0.0,1
0.0,1.0,1.0,-0.0213903743315508,0.0,1.0,0.0,0.0,0.0,0.0,0.0,0.0,-1.0,-0.3777217510887005,0.006632488307880951,0.0,-1.0,0.0,0.0,0.0,0.0,1.0,0
0.0,1.0,0.0,0.7914438502673797,0.0,1.0,0.0,1.0,1.0,1.0,0.0,0.0,0.0,0.3676369470547788,1.3768726438883505,1.0,-1.0,1.0,0.0,0.0,0.0,0.0,0
0.0,1.0,1.0,-0.23529411764705882,0.0,0.0,0.0,0.0,1.0,0.0,1.0,1.0,-1.0,0.4519825807930325,0.11394237572248042,0.0,0.0,1.0,0.0,0.0,0.0,1.0,1
0.0,1.0,1.0,0.8983957219251337,0.0,0.0,1.0,1.0,1.0,1.0,1.0,1.0,-1.0,0.3071281228512492,1.4342719683033818,2.0,-1.0,0.0,0.0,1.0,0.0,0.0,0
0.0,1.0,0.0,0.8128342245989305,0.0,1.0,0.0,1.0,0.0,0.0,1.0,0.0,0.0,0.3282145312858126,1.2803169661808405,1.0,0.0,1.0,0.0,0.0,0.0,0.0,0
0.0,1.0,1.0,-0.40641711229946526,0.0,1.0,0.0,0.0,0.0,0.0,0.0,0.0,-1.0,-0.8141187256474903,-0.3372409864556462,2.0,-1.0,0.0,1.0,1.0,0.0,0.0,0
0.0,0.0,0.0,-0.5989304812834224,0.0,0.0,0.0,0.0,0.0,0.0,0.0,0.0,-1.0,-0.9296355718542288,-0.39696240743361166,0.0,0.0,0.0,1.0,0.0,0.0,1.0,1
0.0,0.0,0.0,0.1497326203208556,0.0,1.0,1.0,0.0,0.0,0.0,0.0,0.0,-1.0,-0.2942929177171671,0.14690163381262855,1.0,-1.0,0.0,0.0,0.0,0.0,1.0,0
0.0,1.0,1.0,0.27807486631016043,0.0,1.0,1.0,1.0,0.0,0.0,1.0,0.0,0.0,-0.020169608067843126,0.4849988933758568,0.0,0.0,0.0,0.0,0.0,0.0,0.0,0
0.0,1.0,0.0,-0.32085561497326204,0.0,0.0,0.0,0.0,0.0,1.0,0.0,0.0,-1.0,-0.3978913591565438,-0.20985947687518372,0.0,0.0,0.0,0.0,0.0,0.0,0.0,0
0.0,0.0,0.0,-0.5775401069518716,0.0,1.0,0.0,0.0,0.0,0.0,0.0,1.0,0.0,0.2842081136832455,-0.3546857368846898,0.0,0.0,1.0,0.0,0.0,1.0,0.0,1
0.0,1.0,1.0,0.5561497326203209,0.0,0.0,0.0,0.0,0.0,0.0,0.0,0.0,-1.0,-0.9415539766215908,-0.11299902399378842,1.0,-1.0,0.0,1.0,1.0,0.0,0.0,0
0.0,1.0,1.0,0.8128342245989305,0.0,0.0,1.0,1.0,1.0,0.0,1.0,1.0,-1.0,0.19894567957827175,1.1642992166552377,2.0,0.0,0.0,0.0,1.0,0.0,0.0,0
0.0,1.0,1.0,0.1497326203208556,0.0,0.0,1.0,0.0,1.0,0.0,0.0,1.0,0.0,-0.1246848498739399,0.23252894457082937,1.0,0.0,0.0,0.0,1.0,0.0,0.0,0
1.0,1.0,1.0,0.10695187165775401,0.0,1.0,0.0,1.0,0.0,0.0,0.0,0.0,0.0,0.16685766674306662,0.38630978945115074,0.0,-1.0,1.0,0.0,0.0,0.0,1.0,1
0.0,0.0,0.0,-0.0855614973262032,0.0,0.0,0.0,0.0,0.0,0.0,0.0,0.0,-1.0,-0.9296355718542288,-0.2647770605885789,2.0,-1.0,0.0,1.0,1.0,0.0,0.0,0
0.0,1.0,1.0,0.3422459893048128,0.0,1.0,1.0,1.0,1.0,1.0,1.0,0.0,-1.0,0.19802887921155166,0.6251374209489392,0.0,-1.0,0.0,0.0,0.0,0.0,1.0,0
0.0,0.0,0.0,0.8128342245989305,0.0,0.0,0.0,0.0,0.0,0.0,0.0,0.0,0.0,-0.9296355718542288,-0.022088943554912182,2.0,0.0,0.0,1.0,0.0,0.0,1.0,0
0.0,1.0,1.0,0.0855614973262032,0.0,1.0,0.0,0.0,0.0,0.0,0.0,1.0,-1.0,0.28695851478340606,0.3942629701792005,0.0,-1.0,1.0,0.0,1.0,0.0,0.0,1
0.0,1.0,1.0,0.9197860962566845,0.0,1.0,1.0,0.0,1.0,1.0,0.0,0.0,0.0,-0.07334402933761175,0.9939153813499364,2.0,0.0,0.0,0.0,1.0,0.0,0.0,0
0.0,0.0,0.0,0.0855614973262032,0.0,1.0,0.0,0.0,0.0,0.0,0.0,0.0,-1.0,-0.8214531285812514,-0.162924100096875,2.0,-1.0,0.0,1.0,1.0,0.0,0.0,0
0.0,0.0,0.0,0.0213903743315508,0.0,0.0,0.0,1.0,0.0,0.0,1.0,1.0,0.0,0.4859041943616778,0.47425919677228584,1.0,0.0,1.0,0.0,0.0,0.0,0.0,0
0.0,1.0,1.0,0.5561497326203209,0.0,0.0,0.0,0.0,0.0,0.0,0.0,0.0,-1.0,-0.9168003667201468,-0.06079539063832259,2.0,0.0,0.0,1.0,0.0,0.0,1.0,0
0.0,0.0,0.0,-0.5347593582887701,0.0,0.0,0.0,0.0,0.0,0.0,1.0,0.0,0.0,0.15585606234242497,-0.3147166497951838,0.0,-1.0,1.0,0.0,0.0,1.0,0.0,1
0.0,1.0,0.0,-0.5989304812834224,0.0,0.0,0.0,0.0,0.0,0.0,0.0,0.0,0.0,-0.02475360990144386,-0.3826379742610109,0.0,0.0,1.0,0.0,0.0,1.0,0.0,1
0.0,1.0,1.0,0.8983957219251337,0.0,1.0,1.0,1.0,1.0,1.0,1.0,1.0,-1.0,0.35571854228741706,1.4715561312419951,2.0,0.0,0.0,0.0,1.0,0.0,0.0,0
1.0,0.0,0.0,0.4919786096256685,-1.0,0.0,0.0,1.0,1.0,1.0,1.0,0.0,0.0,-0.3667201466880587,0.3421899547553998,0.0,-1.0,0.0,0.0,0.0,1.0,0.0,0
0.0,0.0,0.0,-0.06417112299465241,0.0,1.0,0.0,0.0,1.0,1.0,0.0,0.0,0.0,0.25303690121476047,0.2595523433219768,0.0,0.0,1.0,0.0,0.0,0.0,1.0,0
0.0,1.0,1.0,0.8128342245989305,0.0,1.0,1.0,0.0,1.0,1.0,0.0,1.0,0.0,0.5454962181984874,1.5388533922565337,1.0,-1.0,1.0,0.0,0.0,0.0,0.0,0
0.0,0.0,0.0,-0.5133689839572193,0.0,1.0,1.0,0.0,0.0,0.0,0.0,0.0,0.0,-0.3062113224845291,-0.32028968154622606,0.0,-1.0,0.0,0.0,0.0,1.0,0.0,0
0.0,0.0,0.0,-0.23529411764705882,0.0,1.0,0.0,0.0,1.0,0.0,0.0,1.0,0.0,0.37038734815493934,0.06091149546646926,0.0,0.0,1.0,0.0,1.0,0.0,0.0,1
0.0,1.0,1.0,0.44919786096256686,0.0,1.0,1.0,1.0,1.0,1.0,0.0,1.0,0.0,0.17510887004354797,0.7705877444097339,1.0,-1.0,0.0,0.0,0.0,0.0,0.0,0
0.0,0.0,0.0,-0.44919786096256686,0.0,0.0,0.0,0.0,0.0,0.0,0.0,0.0,-1.0,-0.49415539766215916,-0.3053556980258551,0.0,0.0,0.0,0.0,0.0,0.0,1.0,0
0.0,0.0,0.0,-0.3422459893048128,0.0,1.0,1.0,1.0,0.0,0.0,1.0,0.0,0.0,0.4794865917946369,-0.041478449855413234,0.0,-1.0,1.0,0.0,0.0,1.0,0.0,1
1.0,0.0,0.0,-0.27807486631016043,0.0,1.0,0.0,0.0,0.0,0.0,1.0,0.0,0.0,0.2952097180838872,-0.030883884287025674,0.0,0.0,1.0,0.0,0.0,1.0,0.0,1
0.0,0.0,0.0,-0.10695187165775401,0.0,0.0,0.0,0.0,0.0,0.0,1.0,1.0,0.0,0.3639697455878982,0.2470420480891685,0.0,0.0,1.0,0.0,0.0,1.0,0.0,1
0.0,0.0,0.0,-0.44919786096256686,0.0,0.0,0.0,1.0,0.0,1.0,1.0,0.0,0.0,-0.0705936282374512,-0.25149757086929864,0.0,0.0,0.0,0.0,0.0,1.0,0.0,0
0.0,0.0,0.0,0.5989304812834224,0.0,0.0,0.0,0.0,1.0,0.0,1.0,1.0,0.0,0.4538161815264727,1.1834710264029635,2.0,-1.0,1.0,0.0,0.0,1.0,0.0,1
0.0,1.0,1.0,-0.4919786096256685,0.0,0.0,0.0,0.0,0.0,0.0,0.0,0.0,-1.0,-0.931469172587669,-0.3697648514402441,0.0,-1.0,0.0,1.0,0.0,0.0,1.0,0
0.0,1.0,1.0,0.6417112299465241,0.0,0.0,0.0,1.0,0.0,1.0,1.0,1.0,0.0,0.09993123997249605,0.9157623189036803,2.0,-1.0,0.0,0.0,1.0,0.0,0.0,0
0.0,1.0,1.0,0.8128342245989305,0.0,1.0,0.0,1.0,1.0,1.0,1.0,1.0,0.0,0.7462754985101996,1.783196003091291,2.0,0.0,1.0,0.0,0.0,0.0,0.0,0
0.0,0.0,0.0,-0.5133689839572193,0.0,0.0,1.0,0.0,0.0,1.0,0.0,0.0,-1.0,-0.30529452211780883,-0.32729951054558387,0.0,-1.0,0.0,0.0,1.0,0.0,0.0,1
1.0,1.0,0.0,0.23529411764705882,-1.0,0.0,0.0,1.0,0.0,0.0,1.0,0.0,0.0,-0.5720834288333716,0.0725655175916956,0.0,-1.0,0.0,0.0,0.0,1.0,0.0,1
0.0,1.0,1.0,0.8128342245989305,0.0,1.0,0.0,1.0,0.0,1.0,1.0,0.0,-1.0,0.4327297730919092,1.4267541806808821,2.0,-1.0,1.0,0.0,1.0,0.0,0.0,0
0.0,0.0,1.0,0.40641711229946526,0.0,1.0,1.0,1.0,1.0,0.0,0.0,0.0,0.0,-0.1118496447398578,0.478337378860939,1.0,0.0,0.0,0.0,0.0,0.0,0.0,0
0.0,0.0,0.0,0.25668449197860965,0.0,0.0,0.0,0.0,0.0,1.0,0.0,0.0,0.0,0.06876002750401101,0.4939389651431536,0.0,0.0,1.0,0.0,0.0,1.0,0.0,0
0.0,1.0,1.0,0.12834224598930483,0.0,0.0,0.0,0.0,0.0,0.0,0.0,0.0,-1.0,-0.924134769653908,-0.21250086171552143,2.0,0.0,0.0,1.0,0.0,0.0,1.0,0
0.0,0.0,1.0,0.7058823529411765,0.0,1.0,0.0,0.0,1.0,1.0,1.0,1.0,0.0,0.6151730460692184,1.5102625783254058,2.0,0.0,1.0,0.0,0.0,1.0,0.0,0
1.0,0.0,0.0,-0.5989304812834224,0.0,0.0,0.0,0.0,0.0,0.0,0.0,0.0,0.0,-0.016502406600962746,-0.3825073563293459,0.0,-1.0,1.0,0.0,0.0,1.0,0.0,1
0.0,1.0,0.0,-0.2994652406417112,0.0,0.0,0.0,0.0,1.0,0.0,1.0,0.0,0.0,0.25303690121476047,-0.02293070355897581,0.0,-1.0,1.0,0.0,0.0,1.0,0.0,1
0.0,1.0,1.0,-0.5989304812834224,0.0,0.0,0.0,0.0,0.0,0.0,0.0,0.0,-1.0,-0.918633967453587,-0.3967882501913916,1.0,0.0,0.0,1.0,0.0,0.0,1.0,0
0.0,1.0,1.0,0.8556149732620321,0.0,0.0,0.0,0.0,0.0,0.0,0.0,0.0,-1.0,-0.930552372220949,-0.003483144844401389,2.0,-1.0,0.0,1.0,0.0,0.0,0.0,0
0.0,0.0,0.0,-0.5989304812834224,0.0,0.0,0.0,0.0,0.0,0.0,0.0,0.0,-1.0,-0.93696997478799,-0.39707851226175833,0.0,-1.0,0.0,1.0,1.0,0.0,0.0,0
0.0,1.0,1.0,0.9197860962566845,0.0,1.0,1.0,1.0,1.0,1.0,1.0,1.0,-1.0,0.3538849415539766,1.4870270995925445,2.0,-1.0,0.0,0.0,1.0,0.0,0.0,0
0.0,0.0,0.0,0.0,0.0,1.0,0.0,0.0,1.0,0.0,1.0,1.0,-1.0,0.5509970203988082,0.43288233864150094,0.0,-1.0,1.0,0.0,0.0,0.0,0.0,0
0.0,1.0,0.0,0.8342245989304813,0.0,1.0,0.0,0.0,0.0,0.0,0.0,0.0,-1.0,-0.8333715333486135,0.07018536861468798,2.0,0.0,0.0,1.0,1.0,0.0,0.0,0
0.0,0.0,0.0,-0.42780748663101603,0.0,0.0,0.0,0.0,0.0,0.0,1.0,0.0,0.0,0.1311024524409811,-0.1954189388744363,0.0,-1.0,1.0,0.0,0.0,0.0,0.0,1
0.0,1.0,0.0,-0.40641711229946526,0.0,0.0,0.0,0.0,0.0,0.0,0.0,0.0,-1.0,-0.924134769653908,-0.3491852706512392,1.0,-1.0,0.0,1.0,0.0,0.0,1.0,0
0.0,1.0,0.0,0.6417112299465241,0.0,1.0,0.0,1.0,0.0,1.0,1.0,1.0,0.0,0.17602567041026806,0.9595483522185092,1.0,-1.0,0.0,0.0,0.0,1.0,0.0,0
0.0,0.0,0.0,-0.5989304812834224,0.0,1.0,0.0,0.0,0.0,0.0,0.0,0.0,0.0,-0.3768049507219803,-0.38821100601205316,0.0,-1.0,0.0,0.0,0.0,0.0,0.0,1
0.0,1.0,0.0,-0.3422459893048128,-1.0,0.0,0.0,0.0,1.0,0.0,1.0,1.0,0.0,-0.39880815952326387,-0.21885760105655397,0.0,-1.0,0.0,0.0,0.0,0.0,0.0,1
1.0,0.0,0.0,0.36363636363636365,0.0,1.0,0.0,1.0,1.0,0.0,1.0,1.0,0.0,0.6225074490029797,1.0090815745266009,0.0,-1.0,1.0,0.0,0.0,1.0,0.0,0
0.0,1.0,1.0,0.8128342245989305,0.0,0.0,0.0,1.0,1.0,1.0,1.0,1.0,-1.0,0.5986706394682559,1.5987925097872744,2.0,0.0,1.0,0.0,0.0,0.0,0.0,0
0.0,1.0,1.0,0.7058823529411765,0.0,0.0,1.0,1.0,1.0,1.0,1.0,1.0,-1.0,0.6903506761402707,1.5785177041721545,2.0,0.0,1.0,0.0,0.0,0.0,1.0,0
0.0,1.0,0.0,0.9197860962566845,0.0,1.0,1.0,1.0,1.0,1.0,0.0,0.0,0.0,-0.049507219802887976,0.9918980599608871,2.0,0.0,0.0,0.0,0.0,0.0,0.0,0
0.0,0.0,0.0,-0.5989304812834224,0.0,0.0,0.0,0.0,0.0,0.0,0.0,0.0,-1.0,-0.9278019711207885,-0.39693338122657496,0.0,-1.0,0.0,1.0,0.0,0.0,1.0,0
1.0,1.0,0.0,0.4919786096256685,0.0,1.0,1.0,1.0,1.0,0.0,1.0,1.0,0.0,0.7077698831079532,1.2366760639011947,0.0,-1.0,1.0,0.0,0.0,1.0,0.0,0
0.0,1.0,1.0,0.9197860962566845,0.0,1.0,1.0,1.0,1.0,1.0,1.0,1.0,-1.0,0.33371533348613347,1.484385714752207,2.0,0.0,0.0,0.0,1.0,0.0,0.0,0
0.0,1.0,0.0,0.7700534759358288,0.0,0.0,0.0,0.0,0.0,1.0,1.0,0.0,0.0,-0.19619527847811147,0.7026664199439068,2.0,-1.0,0.0,0.0,1.0,0.0,0.0,0
0.0,1.0,1.0,-0.5347593582887701,0.0,0.0,0.0,0.0,0.0,1.0,0.0,1.0,-1.0,-0.1659408663763465,-0.3360799381741791,0.0,0.0,0.0,0.0,1.0,0.0,0.0,1
0.0,1.0,1.0,0.6203208556149733,0.0,1.0,0.0,1.0,0.0,1.0,1.0,0.0,0.0,0.4437313774925511,1.173515037389383,1.0,0.0,1.0,0.0,1.0,0.0,0.0,0
0.0,0.0,1.0,-0.5347593582887701,0.0,0.0,1.0,0.0,0.0,0.0,0.0,0.0,-1.0,-0.3878065551226221,-0.3389535326708102,0.0,0.0,0.0,0.0,0.0,1.0,0.0,1
0.0,1.0,1.0,-0.0427807486631016,0.0,0.0,0.0,0.0,0.0,0.0,0.0,0.0,0.0,-0.9158835663534267,-0.23339973078192977,1.0,-1.0,0.0,1.0,0.0,0.0,1.0,0
0.0,1.0,1.0,0.5775401069518716,0.0,1.0,1.0,1.0,1.0,1.0,1.0,1.0,-1.0,0.8315379326151731,1.5037026555351163,2.0,0.0,1.0,0.0,0.0,0.0,1.0,0
0.0,1.0,1.0,0.5775401069518716,0.0,0.0,0.0,0.0,0.0,0.0,0.0,0.0,-1.0,-0.9250515700206282,-0.08629491352004447,2.0,-1.0,0.0,1.0,0.0,0.0,1.0,0
0.0,1.0,1.0,0.8128342245989305,0.0,1.0,0.0,0.0,0.0,0.0,0.0,0.0,-1.0,-0.8407059362823747,0.06764557549897864,2.0,0.0,0.0,1.0,0.0,0.0,0.0,0
0.0,0.0,0.0,-0.12834224598930483,0.0,0.0,0.0,0.0,0.0,0.0,1.0,1.0,0.0,-0.10268164107265633,0.03552807741289413,1.0,0.0,0.0,0.0,0.0,0.0,0.0,0
0.0,1.0,1.0,0.7272727272727273,0.0,0.0,0.0,1.0,1.0,0.0,0.0,0.0,0.0,0.17969287187714872,1.0185150918135213,0.0,0.0,1.0,0.0,1.0,0.0,0.0,0
0.0,1.0,0.0,-0.2994652406417112,0.0,1.0,0.0,0.0,1.0,1.0,1.0,1.0,0.0,0.6041714416685768,0.0442359395238976,0.0,0.0,1.0,0.0,0.0,1.0,0.0,0
0.0,0.0,0.0,0.7914438502673797,0.0,1.0,1.0,1.0,1.0,1.0,0.0,0.0,-1.0,-0.03208801283520514,0.8882454746329093,2.0,0.0,0.0,0.0,0.0,0.0,0.0,0
0.0,1.0,1.0,0.9197860962566845,0.0,1.0,1.0,1.0,0.0,1.0,1.0,0.0,-1.0,0.07426082970433184,1.1736021160104928,2.0,-1.0,0.0,0.0,0.0,0.0,1.0,0
0.0,0.0,0.0,-0.5561497326203209,0.0,0.0,0.0,0.0,0.0,0.0,0.0,0.0,0.0,-0.0036672014668806393,-0.3387358361180351,0.0,0.0,1.0,0.0,0.0,0.0,1.0,0
0.0,0.0,0.0,0.06417112299465241,0.0,0.0,0.0,0.0,0.0,0.0,1.0,1.0,0.0,-0.10359844143937669,0.18099291397720715,1.0,0.0,0.0,0.0,0.0,0.0,0.0,0
0.0,0.0,0.0,-0.5133689839572193,0.0,1.0,0.0,0.0,0.0,0.0,1.0,1.0,0.0,0.4290625716250288,-0.2613955074688059,0.0,-1.0,1.0,0.0,0.0,0.0,1.0,1
0.0,0.0,0.0,0.12834224598930483,0.0,1.0,0.0,0.0,0.0,0.0,0.0,0.0,-1.0,-0.81228512491405,-0.12553834543363343,1.0,0.0,0.0,1.0,0.0,0.0,0.0,0
0.0,1.0,1.0,0.6417112299465241,0.0,0.0,0.0,0.0,0.0,0.0,0.0,0.0,-1.0,-0.9287187714875087,-0.057805691313544745,2.0,0.0,0.0,1.0,0.0,0.0,1.0,0
0.0,1.0,1.0,0.8556149732620321,0.0,1.0,0.0,0.0,0.0,1.0,1.0,1.0,0.0,0.5289938115975246,1.5874577759394513,2.0,0.0,1.0,0.0,0.0,1.0,0.0,0
0.0,1.0,1.0,-0.3422459893048128,0.0,0.0,1.0,0.0,1.0,0.0,0.0,1.0,0.0,-0.1347696539078616,-0.1656235373512861,0.0,-1.0,0.0,0.0,0.0,0.0,1.0,0
1.0,0.0,0.0,0.5989304812834224,-1.0,0.0,0.0,1.0,1.0,0.0,1.0,1.0,0.0,-0.2842081136832455,0.49537576239146924,0.0,-1.0,0.0,0.0,0.0,1.0,0.0,0
0.0,1.0,0.0,0.42780748663101603,0.0,0.0,0.0,0.0,0.0,0.0,0.0,0.0,-1.0,-0.9131331652532662,-0.10314462670483616,1.0,-1.0,0.0,1.0,1.0,0.0,0.0,0
0.0,1.0,1.0,-0.47058823529411764,0.0,0.0,0.0,0.0,0.0,0.0,0.0,0.0,-1.0,-0.9287187714875087,-0.36086831898350225,2.0,-1.0,0.0,1.0,0.0,0.0,1.0,0
0.0,0.0,0.0,0.6417112299465241,0.0,1.0,0.0,1.0,1.0,1.0,1.0,1.0,0.0,0.7490258996103598,1.4897265368469559,0.0,0.0,1.0,0.0,0.0,1.0,0.0,0
0.0,1.0,1.0,0.40641711229946526,0.0,1.0,0.0,0.0,0.0,0.0,0.0,0.0,-1.0,-0.8608755443502178,-0.06213059616200983,2.0,0.0,0.0,1.0,0.0,0.0,1.0,0
0.0,0.0,0.0,-0.36363636363636365,0.0,0.0,0.0,1.0,0.0,0.0,0.0,1.0,0.0,0.2585377034150813,-0.10741147913922786,0.0,-1.0,1.0,0.0,0.0,1.0,0.0,0
0.0,0.0,0.0,-0.5347593582887701,0.0,1.0,0.0,0.0,0.0,0.0,0.0,0.0,0.0,0.10176484070593624,-0.31014502218690704,0.0,0.0,1.0,0.0,0.0,1.0,0.0,1
0.0,1.0,1.0,0.6844919786096256,0.0,0.0,0.0,0.0,0.0,0.0,0.0,0.0,-1.0,-0.918633967453587,-0.046717680225533645,1.0,0.0,0.0,1.0,0.0,0.0,1.0,0
0.0,0.0,0.0,-0.5989304812834224,0.0,0.0,0.0,0.0,0.0,0.0,0.0,0.0,-1.0,-0.9342195736878296,-0.3970349729512034,0.0,-1.0,0.0,1.0,0.0,0.0,1.0,0
0.0,0.0,0.0,0.0,0.0,1.0,0.0,0.0,1.0,0.0,1.0,1.0,0.0,0.5152418060967224,0.44868710837297215,0.0,-1.0,1.0,0.0,1.0,0.0,0.0,1
1.0,1.0,1.0,0.9197860962566845,0.0,1.0,1.0,1.0,1.0,1.0,1.0,1.0,0.0,0.8297043318817329,2.0352450718942867,2.0,0.0,1.0,0.0,1.0,0.0,0.0,0
1.0,1.0,0.0,0.06417112299465241,0.0,1.0,0.0,0.0,0.0,0.0,1.0,0.0,0.0,0.2832913133165254,0.3602732817392503,0.0,-1.0,1.0,0.0,1.0,0.0,0.0,1
0.0,0.0,0.0,-0.21390374331550802,0.0,0.0,0.0,0.0,1.0,1.0,1.0,0.0,-1.0,0.35663534265413716,0.08562731075820082,0.0,0.0,1.0,0.0,0.0,0.0,1.0,0
0.0,0.0,0.0,-0.5989304812834224,0.0,1.0,0.0,0.0,0.0,0.0,1.0,1.0,-1.0,0.46115058446023394,-0.3749460293962912,0.0,-1.0,1.0,0.0,0.0,0.0,1.0,1
0.0,1.0,0.0,0.3422459893048128,0.0,1.0,0.0,1.0,1.0,0.0,1.0,1.0,0.0,0.6830162732065094,1.0145820407600512,0.0,0.0,1.0,0.0,0.0,0.0,0.0,0
1.0,0.0,0.0,-0.5989304812834224,-1.0,0.0,0.0,0.0,0.0,0.0,0.0,0.0,0.0,-0.8306211322484529,-0.395394992253631,0.0,-1.0,0.0,0.0,0.0,1.0,0.0,1
0.0,0.0,0.0,-0.5989304812834224,0.0,0.0,0.0,0.0,0.0,0.0,0.0,0.0,-1.0,-0.9433875773550311,-0.39718010398638676,0.0,0.0,0.0,1.0,0.0,0.0,1.0,0
0.0,0.0,0.0,-0.5989304812834224,0.0,0.0,0.0,0.0,0.0,0.0,0.0,0.0,-1.0,-0.9250515700206282,-0.39688984191602,0.0,0.0,0.0,1.0,0.0,0.0,1.0,0
0.0,0.0,0.0,0.40641711229946526,0.0,1.0,1.0,0.0,0.0,1.0,0.0,1.0,0.0,0.4565665826266332,0.8875923849745839,0.0,0.0,1.0,0.0,0.0,1.0,0.0,0
0.0,1.0,1.0,0.44919786096256686,0.0,1.0,0.0,1.0,1.0,1.0,1.0,1.0,0.0,0.2502865001146002,0.8060577694085547,1.0,-1.0,0.0,0.0,1.0,0.0,0.0,0
0.0,0.0,0.0,0.7272727272727273,0.0,1.0,1.0,1.0,1.0,1.0,0.0,0.0,-1.0,-0.031171212468485043,0.790659366575597,1.0,0.0,0.0,0.0,0.0,0.0,0.0,0
0.0,0.0,0.0,0.5989304812834224,0.0,1.0,1.0,1.0,1.0,0.0,1.0,1.0,0.0,0.7783635113454047,1.4738346884943745,2.0,-1.0,1.0,0.0,0.0,0.0,0.0,1
0.0,1.0,0.0,0.27807486631016043,0.0,1.0,0.0,0.0,0.0,0.0,0.0,0.0,-1.0,-0.8297043318817329,-0.08104117004640567,2.0,-1.0,0.0,1.0,0.0,1.0,0.0,0
0.0,0.0,0.0,-0.23529411764705882,0.0,1.0,0.0,0.0,0.0,0.0,0.0,0.0,-1.0,0.06692642677057081,-0.00011610482814673936,0.0,0.0,1.0,0.0,0.0,0.0,1.0,0
0.0,0.0,0.0,-0.12834224598930483,0.0,1.0,0.0,0.0,0.0,1.0,1.0,1.0,0.0,0.05959202383680954,0.10716475637941601,1.0,-1.0,0.0,0.0,0.0,0.0,1.0,0
0.0,0.0,0.0,0.8128342245989305,-1.0,0.0,0.0,0.0,1.0,1.0,1.0,1.0,0.0,-0.31354572541829023,0.6361818927263954,0.0,-1.0,0.0,0.0,1.0,0.0,0.0,0
0.0,1.0,1.0,0.40641711229946526,0.0,0.0,0.0,0.0,0.0,0.0,0.0,0.0,-1.0,-0.9342195736878296,-0.1463065965683767,2.0,-1.0,0.0,1.0,0.0,0.0,1.0,0
0.0,0.0,1.0,-0.5989304812834224,0.0,0.0,1.0,0.0,0.0,0.0,0.0,0.0,-1.0,-0.3538849415539766,-0.3878481784240947,0.0,-1.0,0.0,0.0,0.0,0.0,1.0,0
0.0,0.0,0.0,-0.4919786096256685,0.0,1.0,0.0,0.0,0.0,0.0,0.0,0.0,0.0,0.06142562457024973,-0.2862274275886842,0.0,-1.0,1.0,0.0,0.0,0.0,1.0,0
0.0,0.0,0.0,-0.36363636363636365,0.0,0.0,0.0,1.0,0.0,1.0,0.0,0.0,0.0,-0.3071281228512492,-0.21443110448346053,0.0,0.0,0.0,0.0,0.0,0.0,1.0,0
0.0,0.0,0.0,0.5561497326203209,0.0,1.0,0.0,0.0,0.0,0.0,0.0,0.0,0.0,0.04767361906944753,0.8003976590364024,0.0,-1.0,1.0,0.0,0.0,1.0,0.0,0
0.0,0.0,0.0,0.6631016042780749,0.0,1.0,0.0,1.0,1.0,0.0,1.0,1.0,-1.0,0.6270914508365805,1.4357523048622525,2.0,-1.0,1.0,0.0,0.0,1.0,0.0,0
0.0,1.0,0.0,0.8983957219251337,0.0,0.0,0.0,0.0,0.0,0.0,0.0,0.0,-1.0,-0.9103827641531057,0.044221426420379274,1.0,0.0,0.0,1.0,0.0,1.0,0.0,0
0.0,0.0,1.0,0.25668449197860965,0.0,0.0,1.0,1.0,1.0,1.0,1.0,1.0,0.0,0.7453586981434794,0.9055450940267693,2.0,0.0,1.0,0.0,0.0,1.0,0.0,0
0.0,1.0,0.0,0.5133689839572193,-1.0,0.0,0.0,1.0,1.0,1.0,1.0,1.0,0.0,-0.18427687371074944,0.521557401138553,1.0,0.0,0.0,0.0,0.0,1.0,0.0,1
0.0,0.0,0.0,-0.0855614973262032,-1.0,0.0,0.0,0.0,1.0,1.0,1.0,1.0,-1.0,-0.2988769195507678,0.010376869015612472,1.0,-1.0,0.0,0.0,0.0,1.0,0.0,0
0.0,0.0,1.0,-0.21390374331550802,0.0,0.0,0.0,0.0,0.0,0.0,0.0,0.0,0.0,-0.9259683703873482,-0.2931211517598953,0.0,0.0,0.0,1.0,0.0,1.0,0.0,0
0.0,1.0,0.0,0.8556149732620321,0.0,0.0,0.0,1.0,0.0,0.0,1.0,1.0,0.0,0.46115058446023394,1.5548758585407798,1.0,-1.0,1.0,0.0,1.0,0.0,0.0,0
0.0,0.0,0.0,-0.1711229946524064,0.0,1.0,0.0,0.0,0.0,0.0,0.0,1.0,0.0,0.2493696997478798,0.10160623773189217,0.0,0.0,1.0,0.0,0.0,1.0,0.0,0
0.0,0.0,0.0,0.8770053475935828,0.0,0.0,1.0,0.0,1.0,1.0,1.0,1.0,-1.0,0.16685766674306662,1.2196957327847378,2.0,-1.0,0.0,0.0,0.0,0.0,0.0,0
0.0,0.0,1.0,-0.5989304812834224,0.0,0.0,0.0,0.0,0.0,0.0,0.0,0.0,-1.0,-0.45014898005959203,-0.3893720542935203,0.0,-1.0,0.0,0.0,0.0,0.0,1.0,1
0.0,0.0,1.0,-0.5561497326203209,0.0,0.0,1.0,0.0,0.0,1.0,0.0,1.0,0.0,-0.11001604400641761,-0.3512171051438067,0.0,-1.0,0.0,0.0,0.0,0.0,0.0,0
0.0,0.0,0.0,0.1925133689839572,0.0,0.0,0.0,0.0,0.0,0.0,0.0,0.0,-1.0,-0.9250515700206282,-0.20585386030412212,1.0,-1.0,0.0,1.0,0.0,0.0,1.0,0
0.0,0.0,0.0,-0.3422459893048128,0.0,1.0,0.0,1.0,1.0,1.0,0.0,0.0,-1.0,0.34655053862021556,-0.07403134104704791,0.0,-1.0,1.0,0.0,0.0,1.0,0.0,1
0.0,1.0,1.0,-0.36363636363636365,0.0,0.0,0.0,0.0,0.0,0.0,0.0,0.0,-1.0,-0.931469172587669,-0.32772039054761576,2.0,0.0,0.0,1.0,0.0,0.0,1.0,0
0.0,0.0,0.0,-0.3422459893048128,0.0,1.0,1.0,0.0,0.0,0.0,0.0,0.0,0.0,0.17419206967682788,-0.1039283342948265,0.0,-1.0,1.0,0.0,1.0,0.0,0.0,0
0.0,0.0,0.0,0.27807486631016043,0.0,0.0,1.0,1.0,1.0,0.0,0.0,0.0,-1.0,-0.1989456795782719,0.33355465816198804,0.0,-1.0,0.0,0.0,0.0,0.0,0.0,0
0.0,0.0,0.0,-0.0213903743315508,0.0,1.0,1.0,1.0,0.0,0.0,0.0,1.0,0.0,0.44006417602567044,0.3692133535065472,0.0,0.0,1.0,0.0,1.0,0.0,0.0,1
0.0,0.0,0.0,-0.25668449197860965,0.0,0.0,0.0,0.0,0.0,0.0,0.0,0.0,0.0,-0.9323859729543893,-0.3006679655894316,1.0,0.0,0.0,1.0,0.0,0.0,0.0,0
0.0,0.0,1.0,0.4919786096256685,0.0,1.0,0.0,0.0,0.0,0.0,0.0,0.0,-1.0,-0.8232867293146918,-0.015354863522402817,2.0,0.0,0.0,1.0,1.0,0.0,0.0,0
0.0,0.0,0.0,-0.5989304812834224,0.0,0.0,0.0,0.0,0.0,0.0,0.0,0.0,-1.0,-0.9250515700206282,-0.39688984191602,0.0,0.0,0.0,1.0,0.0,0.0,1.0,0
0.0,0.0,0.0,-0.3850267379679144,0.0,0.0,0.0,0.0,0.0,0.0,0.0,0.0,-1.0,-0.9204675681870275,-0.33121804849553543,0.0,-1.0,0.0,1.0,0.0,0.0,0.0,0
0.0,0.0,0.0,0.36363636363636365,-1.0,0.0,0.0,1.0,0.0,0.0,0.0,0.0,-1.0,-0.7371074948429981,-0.0021189131136775644,0.0,0.0,0.0,0.0,0.0,0.0,0.0,1
0.0,0.0,0.0,0.9197860962566845,0.0,1.0,1.0,1.0,1.0,1.0,1.0,1.0,-1.0,0.3942241576896631,1.5225261507984023,2.0,0.0,0.0,0.0,0.0,0.0,0.0,0
0.0,1.0,1.0,0.7058823529411765,0.0,1.0,0.0,0.0,0.0,0.0,1.0,1.0,0.0,-0.0009168003667200947,0.8455479240819554,0.0,-1.0,0.0,0.0,1.0,0.0,0.0,0
0.0,1.0,1.0,-0.44919786096256686,0.0,0.0,0.0,0.0,0.0,1.0,1.0,1.0,0.0,-0.035755214302085774,-0.2389001970153803,0.0,-1.0,0.0,0.0,0.0,1.0,0.0,0
1.0,1.0,0.0,-0.25668449197860965,0.0,1.0,0.0,0.0,1.0,0.0,1.0,1.0,0.0,0.549163419665368,0.0682260996397122,0.0,0.0,1.0,0.0,1.0,0.0,0.0,1
0.0,0.0,0.0,-0.0213903743315508,0.0,1.0,0.0,0.0,0.0,1.0,0.0,0.0,0.0,-0.2860417144166858,0.03417835878568863,0.0,-1.0,0.0,0.0,1.0,0.0,0.0,0
0.0,0.0,0.0,-0.5989304812834224,0.0,1.0,0.0,1.0,0.0,0.0,0.0,0.0,0.0,0.1586064634425855,-0.3797353535573431,0.0,0.0,1.0,0.0,0.0,1.0,0.0,1
1.0,1.0,0.0,0.10695187165775401,0.0,1.0,0.0,1.0,1.0,0.0,0.0,1.0,0.0,0.43548017419206975,0.5312231280817669,0.0,-1.0,1.0,0.0,0.0,1.0,0.0,1
0.0,1.0,1.0,-0.0855614973262032,0.0,0.0,0.0,1.0,1.0,0.0,1.0,0.0,0.0,0.34196653678661487,0.25262959294372905,0.0,-1.0,1.0,0.0,0.0,0.0,0.0,1
1.0,1.0,1.0,0.7700534759358288,0.0,1.0,0.0,1.0,1.0,0.0,1.0,1.0,0.0,0.6775154710061885,1.6429123444830254,1.0,-1.0,1.0,0.0,0.0,1.0,0.0,0
0.0,0.0,0.0,-0.5989304812834224,0.0,0.0,0.0,0.0,0.0,1.0,0.0,0.0,0.0,-0.33554893421957366,-0.3875579163537279,0.0,-1.0,0.0,0.0,0.0,1.0,0.0,1
0.0,0.0,0.0,-0.5775401069518716,0.0,0.0,0.0,0.0,0.0,0.0,0.0,0.0,-1.0,-0.9140499656199864,-0.39147645430367944,0.0,-1.0,0.0,1.0,0.0,0.0,1.0,1
1.0,1.0,0.0,-0.5989304812834224,0.0,0.0,0.0,0.0,0.0,0.0,0.0,0.0,0.0,-0.0009168003667200947,-0.3822606335695341,0.0,-1.0,1.0,0.0,0.0,0.0,1.0,1
0.0,1.0,1.0,0.5347593582887701,0.0,1.0,0.0,1.0,0.0,1.0,1.0,1.0,0.0,0.636259454503782,1.2337444169904905,1.0,0.0,1.0,0.0,0.0,1.0,0.0,0
0.0,1.0,1.0,0.10695187165775401,0.0,1.0,0.0,1.0,0.0,0.0,1.0,1.0,0.0,0.4987393994957599,0.5870840635238541,0.0,0.0,1.0,0.0,0.0,0.0,0.0,0
0.0,0.0,0.0,0.21390374331550802,0.0,0.0,0.0,0.0,1.0,1.0,0.0,0.0,0.0,0.18244327297730925,0.5265789349558984,2.0,-1.0,1.0,0.0,0.0,1.0,0.0,1
0.0,1.0,0.0,0.9197860962566845,0.0,0.0,0.0,0.0,0.0,0.0,0.0,0.0,-1.0,-0.9388035755214303,-0.023975647012296267,2.0,0.0,0.0,1.0,1.0,0.0,0.0,0
0.0,1.0,1.0,-0.12834224598930483,0.0,0.0,0.0,0.0,0.0,0.0,0.0,0.0,0.0,-0.9323859729543893,-0.27164175855275335,2.0,-1.0,0.0,1.0,0.0,0.0,1.0,0
0.0,0.0,0.0,-0.3850267379679144,0.0,0.0,0.0,0.0,0.0,0.0,0.0,0.0,-1.0,-0.918633967453587,-0.3355284402404822,2.0,0.0,0.0,1.0,0.0,0.0,1.0,0
0.0,0.0,0.0,-0.0855614973262032,0.0,1.0,0.0,1.0,1.0,1.0,1.0,1.0,-1.0,0.7041026816410728,0.41265107233693626,2.0,-1.0,1.0,0.0,0.0,1.0,0.0,0
0.0,1.0,0.0,-0.4919786096256685,0.0,1.0,0.0,1.0,1.0,0.0,1.0,1.0,0.0,0.6380930552372222,-0.24445871566290417,0.0,-1.0,1.0,0.0,0.0,1.0,0.0,1
0.0,1.0,0.0,0.9197860962566845,0.0,1.0,0.0,0.0,0.0,0.0,0.0,0.0,-1.0,-0.8269539307815724,0.09389977976365411,2.0,0.0,0.0,1.0,0.0,0.0,1.0,0
0.0,1.0,1.0,0.9197860962566845,0.0,1.0,0.0,0.0,0.0,0.0,0.0,0.0,-1.0,-0.8342883337153336,0.10202711773392402,2.0,0.0,0.0,1.0,0.0,0.0,0.0,0
0.0,0.0,0.0,-0.36363636363636365,0.0,1.0,0.0,0.0,0.0,1.0,0.0,0.0,0.0,0.1659408663763465,-0.1245659674979047,0.0,-1.0,1.0,0.0,1.0,0.0,0.0,0
1.0,1.0,0.0,0.5775401069518716,0.0,1.0,1.0,1.0,1.0,1.0,0.0,0.0,0.0,-0.03758881503552597,0.7624023540253907,1.0,-1.0,0.0,0.0,1.0,0.0,0.0,0
0.0,1.0,0.0,0.0427807486631016,0.0,0.0,0.0,1.0,0.0,0.0,0.0,1.0,0.0,0.2447856979142791,0.3734947190444573,0.0,-1.0,1.0,0.0,0.0,0.0,0.0,0
0.0,1.0,1.0,-0.27807486631016043,0.0,1.0,0.0,1.0,0.0,0.0,0.0,0.0,0.0,0.17327526931010778,-0.03467180430531217,0.0,-1.0,1.0,0.0,1.0,0.0,0.0,0
1.0,0.0,0.0,-0.5347593582887701,0.0,0.0,0.0,0.0,0.0,0.0,0.0,0.0,-1.0,-0.9250515700206282,-0.37616513009183167,0.0,-1.0,0.0,1.0,0.0,0.0,1.0,0
0.0,1.0,1.0,0.8556149732620321,0.0,0.0,0.0,0.0,0.0,0.0,0.0,0.0,0.0,-0.9195507678203072,0.01603697938776473,1.0,-1.0,0.0,1.0,1.0,0.0,0.0,0
0.0,1.0,1.0,0.2994652406417112,0.0,0.0,1.0,0.0,1.0,1.0,1.0,1.0,0.0,0.1586064634425855,0.6325391037432921,2.0,0.0,0.0,0.0,1.0,0.0,0.0,0
1.0,1.0,0.0,0.6844919786096256,0.0,1.0,0.0,1.0,1.0,0.0,1.0,1.0,0.0,0.6215906486362596,1.4564189642723675,1.0,-1.0,1.0,0.0,1.0,0.0,0.0,1
1.0,1.0,0.0,0.8983957219251337,0.0,1.0,0.0,0.0,0.0,0.0,0.0,0.0,-1.0,-0.837038734815494,0.14907859934037943,2.0,0.0,0.0,1.0,0.0,0.0,0.0,0
0.0,1.0,1.0,0.6203208556149733,0.0,0.0,0.0,0.0,0.0,0.0,0.0,0.0,0.0,-0.9342195736878296,-0.08086701280418562,1.0,0.0,0.0,1.0,0.0,1.0,0.0,0
0.0,1.0,1.0,0.3422459893048128,0.0,1.0,1.0,1.0,0.0,0.0,1.0,1.0,0.0,0.6353426541370618,0.9704912322713368,0.0,-1.0,1.0,0.0,0.0,1.0,0.0,0
1.0,1.0,1.0,0.6844919786096256,0.0,1.0,0.0,0.0,1.0,0.0,1.0,0.0,0.0,-0.0971808388723355,0.7481940256809367,1.0,-1.0,0.0,0.0,0.0,1.0,0.0,0
0.0,0.0,0.0,0.0,0.0,0.0,0.0,0.0,0.0,0.0,1.0,0.0,0.0,0.15402246160898475,0.2893187186380904,0.0,-1.0,1.0,0.0,0.0,1.0,0.0,1
0.0,1.0,0.0,0.9197860962566845,0.0,1.0,1.0,1.0,1.0,0.0,1.0,1.0,0.0,0.7160210864084345,1.9673092343249414,2.0,-1.0,1.0,0.0,0.0,1.0,0.0,0
1.0,1.0,0.0,0.2994652406417112,0.0,0.0,0.0,1.0,1.0,0.0,1.0,1.0,0.0,0.5509970203988082,0.8465783544317576,1.0,0.0,1.0,0.0,0.0,0.0,0.0,0
0.0,0.0,0.0,-0.40641711229946526,0.0,0.0,0.0,0.0,1.0,1.0,0.0,0.0,-1.0,-0.2979601191840477,-0.2334868094030398,0.0,-1.0,0.0,0.0,0.0,1.0,0.0,0
0.0,0.0,0.0,-0.06417112299465241,0.0,0.0,0.0,1.0,1.0,0.0,0.0,0.0,0.0,-0.26495530598212247,0.04812545126681251,1.0,-1.0,0.0,0.0,0.0,0.0,1.0,0
0.0,1.0,0.0,0.8983957219251337,0.0,1.0,0.0,1.0,1.0,0.0,1.0,1.0,0.0,0.6353426541370618,1.7902203451941674,2.0,-1.0,1.0,0.0,0.0,0.0,0.0,0
0.0,0.0,0.0,-0.0213903743315508,0.0,0.0,1.0,1.0,0.0,1.0,0.0,0.0,0.0,-0.19436167774467114,0.07758705140904093,1.0,-1.0,0.0,0.0,0.0,1.0,0.0,0
0.0,0.0,0.0,-0.5775401069518716,-1.0,0.0,1.0,1.0,0.0,0.0,0.0,1.0,0.0,-0.5115746046298418,-0.3816946225323189,0.0,-1.0,0.0,0.0,0.0,1.0,0.0,1
0.0,0.0,0.0,-0.06417112299465241,-1.0,0.0,1.0,1.0,0.0,0.0,0.0,1.0,0.0,-0.4739857895943159,-0.06700699894417177,0.0,0.0,0.0,0.0,0.0,0.0,0.0,0
0.0,1.0,0.0,0.0855614973262032,0.0,0.0,1.0,1.0,0.0,1.0,0.0,0.0,0.0,-0.17327526931010778,0.1831553664014397,2.0,0.0,0.0,0.0,0.0,0.0,1.0,0
0.0,0.0,0.0,-0.5989304812834224,0.0,0.0,0.0,0.0,1.0,0.0,0.0,0.0,-1.0,0.08801283520513403,-0.38085286252825523,0.0,-1.0,1.0,0.0,0.0,1.0,0.0,1
0.0,1.0,1.0,0.8770053475935828,0.0,1.0,1.0,1.0,0.0,0.0,1.0,1.0,0.0,0.6518450607380243,1.7899445962273186,0.0,0.0,1.0,0.0,0.0,1.0,0.0,0
0.0,0.0,1.0,-0.10695187165775401,0.0,0.0,0.0,0.0,0.0,0.0,0.0,0.0,-1.0,-0.930552372220949,-0.2581300591771796,2.0,-1.0,0.0,1.0,0.0,0.0,1.0,0
0.0,0.0,0.0,0.6631016042780749,0.0,1.0,1.0,1.0,1.0,1.0,1.0,1.0,0.0,0.8452899381159752,1.6434928686237589,1.0,0.0,1.0,0.0,1.0,0.0,0.0,0
0.0,0.0,0.0,-0.36363636363636365,0.0,1.0,0.0,1.0,1.0,0.0,1.0,1.0,0.0,0.6637634655053863,-0.03874998639396545,0.0,0.0,1.0,0.0,0.0,1.0,0.0,1
0.0,1.0,1.0,-0.36363636363636365,0.0,0.0,0.0,0.0,1.0,0.0,1.0,0.0,0.0,-0.22278248911299564,-0.18775602021675325,0.0,-1.0,0.0,0.0,1.0,0.0,0.0,0
0.0,0.0,0.0,0.23529411764705882,0.0,1.0,0.0,0.0,0.0,0.0,0.0,1.0,-1.0,0.2447856979142791,0.6225686016261932,0.0,-1.0,1.0,0.0,0.0,0.0,0.0,0
0.0,0.0,0.0,-0.5561497326203209,0.0,0.0,0.0,0.0,0.0,0.0,1.0,0.0,0.0,-0.2988769195507678,-0.36195680174737765,0.0,-1.0,0.0,0.0,0.0,1.0,0.0,0
0.0,1.0,0.0,0.8983957219251337,0.0,1.0,1.0,1.0,1.0,0.0,1.0,0.0,0.0,0.5225762090304836,1.6275574809606226,2.0,0.0,1.0,0.0,0.0,1.0,0.0,0
0.0,1.0,1.0,0.4919786096256685,0.0,0.0,0.0,0.0,0.0,0.0,0.0,0.0,0.0,-0.9103827641531057,-0.09166476182182993,1.0,0.0,0.0,1.0,1.0,0.0,0.0,0
0.0,1.0,1.0,0.5989304812834224,0.0,0.0,0.0,0.0,0.0,0.0,0.0,0.0,-1.0,-0.912216364886546,-0.07670175209442226,2.0,0.0,0.0,1.0,0.0,0.0,1.0,0
0.0,1.0,1.0,-0.1711229946524064,0.0,1.0,1.0,0.0,0.0,0.0,1.0,1.0,0.0,0.09901443960577595,0.0471240471240471,1.0,0.0,0.0,0.0,0.0,0.0,0.0,0
0.0,0.0,0.0,0.47058823529411764,0.0,1.0,0.0,0.0,0.0,0.0,0.0,0.0,0.0,-0.8416227366490947,-0.03512171051438067,1.0,0.0,0.0,1.0,0.0,0.0,0.0,0
0.0,1.0,1.0,-0.1711229946524064,0.0,1.0,0.0,1.0,1.0,0.0,1.0,1.0,-1.0,0.6215906486362596,0.22366143832112412,0.0,0.0,1.0,0.0,0.0,1.0,0.0,1
0.0,1.0,0.0,0.23529411764705882,0.0,1.0,1.0,0.0,1.0,0.0,1.0,1.0,-1.0,0.6463442585377035,0.8246780812225839,1.0,-1.0,1.0,0.0,0.0,0.0,0.0,0
0.0,0.0,0.0,-0.0427807486631016,0.0,0.0,0.0,0.0,0.0,0.0,0.0,0.0,-1.0,-0.924134769653908,-0.23940815563852216,1.0,0.0,0.0,1.0,0.0,0.0,0.0,0
1.0,0.0,0.0,0.8556149732620321,0.0,0.0,0.0,0.0,0.0,0.0,0.0,0.0,-1.0,-0.9204675681870275,-0.009027150388406973,2.0,0.0,0.0,1.0,1.0,0.0,0.0,0
0.0,0.0,0.0,0.8556149732620321,0.0,1.0,0.0,1.0,0.0,1.0,1.0,1.0,0.0,0.636259454503782,1.7411805684056993,1.0,0.0,1.0,0.0,0.0,0.0,0.0,0
0.0,0.0,0.0,0.7058823529411765,0.0,0.0,1.0,0.0,0.0,1.0,0.0,1.0,0.0,-0.09901443960577595,0.7138560227565464,2.0,-1.0,0.0,0.0,0.0,0.0,1.0,0
0.0,1.0,1.0,0.8770053475935828,0.0,1.0,0.0,1.0,0.0,0.0,1.0,1.0,-1.0,0.5097410038964015,1.5883430752540701,2.0,0.0,1.0,0.0,0.0,0.0,0.0,1
1.0,1.0,0.0,0.9197860962566845,0.0,1.0,0.0,1.0,1.0,1.0,1.0,0.0,-1.0,0.12560165024066,1.1636171007898757,2.0,0.0,0.0,0.0,1.0,0.0,0.0,0
0.0,0.0,1.0,0.8983957219251337,0.0,0.0,1.0,1.0,1.0,1.0,1.0,0.0,0.0,0.11735044694017889,1.200320739587755,2.0,0.0,0.0,0.0,1.0,0.0,0.0,0
0.0,0.0,0.0,-0.42780748663101603,0.0,0.0,0.0,0.0,0.0,0.0,0.0,1.0,0.0,0.1888608755443502,-0.1957237140483214,0.0,0.0,1.0,0.0,0.0,1.0,0.0,1
0.0,1.0,0.0,-0.12834224598930483,0.0,0.0,1.0,0.0,0.0,0.0,0.0,1.0,0.0,-0.1934448773779509,0.0053988745088221265,0.0,0.0,0.0,0.0,0.0,0.0,0.0,0
0.0,0.0,0.0,0.8128342245989305,0.0,0.0,0.0,0.0,0.0,0.0,0.0,0.0,-1.0,-0.9168003667201468,0.01264091316447336,2.0,0.0,0.0,1.0,0.0,0.0,0.0,0
0.0,0.0,0.0,-0.21390374331550802,0.0,0.0,0.0,0.0,0.0,0.0,0.0,0.0,-1.0,-0.9278019711207885,-0.2960237724635631,0.0,-1.0,0.0,1.0,0.0,0.0,1.0,0
0.0,1.0,1.0,0.6844919786096256,0.0,0.0,0.0,1.0,0.0,1.0,1.0,1.0,0.0,0.5124914049965621,1.3810088783910772,1.0,0.0,1.0,0.0,0.0,0.0,0.0,0
0.0,0.0,1.0,-0.5133689839572193,0.0,0.0,0.0,0.0,0.0,1.0,0.0,0.0,0.0,-0.40064176025670417,-0.3344399574766067,0.0,0.0,0.0,0.0,0.0,0.0,0.0,0
0.0,1.0,0.0,0.10695187165775401,0.0,1.0,0.0,0.0,1.0,0.0,1.0,1.0,-1.0,0.5564978225991289,0.6211318043778777,0.0,0.0,1.0,0.0,0.0,1.0,0.0,0
0.0,0.0,0.0,-0.5347593582887701,0.0,0.0,1.0,1.0,0.0,0.0,0.0,0.0,-1.0,-0.28054091221636485,-0.3386632706004434,0.0,-1.0,0.0,0.0,0.0,1.0,0.0,0
0.0,1.0,1.0,-0.40641711229946526,0.0,0.0,0.0,1.0,0.0,1.0,0.0,1.0,0.0,-0.09168003667201467,-0.22364692521760587,0.0,-1.0,0.0,0.0,0.0,1.0,0.0,0
0.0,0.0,0.0,0.12834224598930483,0.0,0.0,1.0,1.0,1.0,0.0,0.0,0.0,-1.0,-0.18244327297730925,0.17276398428230885,0.0,-1.0,0.0,0.0,0.0,1.0,0.0,0
0.0,0.0,0.0,-0.44919786096256686,0.0,1.0,0.0,0.0,0.0,0.0,1.0,0.0,0.0,0.30346092138436853,-0.18150087260034906,0.0,-1.0,1.0,0.0,0.0,1.0,0.0,1
1.0,0.0,0.0,0.25668449197860965,0.0,1.0,1.0,1.0,1.0,0.0,1.0,1.0,0.0,0.7829475131790053,0.9584743825581522,0.0,-1.0,1.0,0.0,0.0,1.0,0.0,1
0.0,1.0,1.0,0.6631016042780749,0.0,0.0,1.0,1.0,0.0,1.0,1.0,1.0,0.0,0.15677286270914506,0.950898542521579,0.0,0.0,0.0,0.0,1.0,0.0,0.0,0
0.0,0.0,0.0,-0.23529411764705882,0.0,1.0,0.0,0.0,1.0,0.0,1.0,0.0,0.0,0.35021774008709594,0.07128836448208173,1.0,0.0,1.0,0.0,1.0,0.0,0.0,0
0.0,0.0,0.0,-0.5133689839572193,0.0,0.0,0.0,0.0,0.0,1.0,0.0,0.0,0.0,0.09443043777217522,-0.2867644124188627,0.0,-1.0,1.0,0.0,0.0,0.0,1.0,0
1.0,0.0,0.0,-0.44919786096256686,0.0,0.0,0.0,0.0,0.0,0.0,0.0,0.0,-1.0,-0.9323859729543893,-0.3550195382656116,0.0,-1.0,0.0,1.0,0.0,1.0,0.0,1
0.0,1.0,1.0,0.4919786096256685,0.0,0.0,1.0,1.0,1.0,0.0,1.0,1.0,-1.0,0.1595232638093056,0.7630699567872343,2.0,0.0,0.0,0.0,0.0,1.0,0.0,0
0.0,0.0,0.0,0.1711229946524064,0.0,1.0,1.0,1.0,1.0,1.0,0.0,0.0,-1.0,-0.0559248223699289,0.3064877201002856,1.0,0.0,0.0,0.0,0.0,1.0,0.0,0
0.0,1.0,1.0,0.27807486631016043,0.0,0.0,0.0,0.0,0.0,0.0,0.0,0.0,0.0,-0.9433875773550311,-0.18157343811794077,1.0,-1.0,0.0,1.0,0.0,1.0,0.0,0
0.0,1.0,1.0,-0.10695187165775401,0.0,0.0,0.0,0.0,0.0,0.0,0.0,0.0,-1.0,-0.931469172587669,-0.2713514964823866,2.0,-1.0,0.0,1.0,0.0,0.0,1.0,0
0.0,1.0,1.0,-0.47058823529411764,-1.0,0.0,1.0,1.0,1.0,0.0,0.0,0.0,-1.0,-0.5858354343341738,-0.3214362167241749,2.0,0.0,0.0,0.0,0.0,0.0,1.0,0
0.0,1.0,1.0,0.6203208556149733,0.0,1.0,0.0,0.0,0.0,0.0,0.0,0.0,0.0,-0.843456337382535,0.03207395877552946,1.0,-1.0,0.0,1.0,1.0,0.0,0.0,0
1.0,0.0,0.0,0.27807486631016043,0.0,1.0,0.0,1.0,1.0,0.0,1.0,1.0,0.0,0.6280082512033005,0.8522239517003914,0.0,-1.0,1.0,0.0,0.0,0.0,0.0,1
0.0,0.0,0.0,-0.3422459893048128,0.0,0.0,0.0,0.0,0.0,0.0,0.0,1.0,0.0,0.18977767591107028,-0.10992224604790052,0.0,0.0,1.0,0.0,0.0,1.0,0.0,1
1.0,1.0,1.0,0.9197860962566845,0.0,0.0,1.0,0.0,1.0,1.0,1.0,1.0,0.0,0.6160898464359386,1.7590752250438113,2.0,0.0,1.0,0.0,1.0,0.0,0.0,0
1.0,1.0,0.0,-0.0213903743315508,0.0,1.0,0.0,1.0,1.0,1.0,1.0,1.0,0.0,0.7398578959431583,0.5274061818564436,0.0,-1.0,1.0,0.0,0.0,1.0,0.0,0
0.0,1.0,1.0,0.5133689839572193,0.0,1.0,0.0,1.0,1.0,0.0,1.0,1.0,0.0,0.637176254870502,1.2158787865594147,1.0,0.0,1.0,0.0,0.0,1.0,0.0,0
0.0,1.0,0.0,0.5989304812834224,0.0,1.0,0.0,0.0,1.0,0.0,1.0,1.0,0.0,0.5546642218656888,1.334508894718319,1.0,-1.0,1.0,0.0,1.0,0.0,0.0,0
0.0,0.0,0.0,0.10695187165775401,0.0,0.0,0.0,0.0,0.0,0.0,0.0,0.0,-1.0,-0.9195507678203072,-0.20730517065595602,0.0,-1.0,0.0,1.0,0.0,0.0,1.0,0
0.0,0.0,0.0,-0.4919786096256685,0.0,0.0,0.0,1.0,0.0,0.0,0.0,1.0,0.0,0.2832913133165254,-0.2533407350161277,0.0,-1.0,1.0,0.0,0.0,0.0,1.0,0
0.0,1.0,0.0,0.6417112299465241,-1.0,0.0,0.0,0.0,0.0,0.0,1.0,1.0,0.0,-0.48040339216135697,0.3713467797237431,0.0,0.0,0.0,0.0,0.0,1.0,0.0,0
0.0,0.0,0.0,-0.44919786096256686,0.0,0.0,0.0,0.0,0.0,0.0,0.0,0.0,-1.0,-0.4776529910611964,-0.2955158138404212,0.0,-1.0,0.0,0.0,0.0,0.0,1.0,0
0.0,1.0,0.0,0.44919786096256686,0.0,0.0,0.0,0.0,0.0,0.0,0.0,0.0,-1.0,-0.9296355718542288,-0.10861606673124999,2.0,0.0,0.0,1.0,0.0,1.0,0.0,0
0.0,0.0,0.0,0.47058823529411764,0.0,0.0,0.0,0.0,0.0,0.0,0.0,0.0,-1.0,-0.9177171670868669,-0.10006784875894824,2.0,0.0,0.0,1.0,0.0,0.0,1.0,0
0.0,0.0,0.0,-0.5989304812834224,0.0,0.0,0.0,0.0,0.0,0.0,0.0,0.0,0.0,-0.45198258079303233,-0.389401080500557,0.0,0.0,0.0,0.0,0.0,0.0,1.0,1
0.0,1.0,0.0,0.3850267379679144,0.0,1.0,1.0,1.0,1.0,0.0,1.0,0.0,0.0,0.5179922071968829,0.9132515519950074,0.0,-1.0,1.0,0.0,0.0,1.0,0.0,1
0.0,1.0,0.0,0.5775401069518716,0.0,1.0,1.0,1.0,1.0,0.0,1.0,1.0,-1.0,0.7206050882420353,1.3706900617895383,1.0,-1.0,1.0,0.0,0.0,0.0,0.0,0
1.0,0.0,0.0,-0.5775401069518716,0.0,0.0,0.0,0.0,1.0,0.0,0.0,0.0,-1.0,-0.3768049507219803,-0.3716225286905916,0.0,0.0,0.0,0.0,0.0,0.0,1.0,0
0.0,0.0,0.0,-0.5775401069518716,0.0,0.0,0.0,0.0,0.0,0.0,1.0,0.0,-1.0,0.15585606234242497,-0.3610134500186856,0.0,0.0,1.0,0.0,0.0,1.0,0.0,1
0.0,0.0,0.0,-0.5989304812834224,0.0,0.0,0.0,0.0,1.0,0.0,0.0,0.0,-1.0,0.10726564290625706,-0.3805480873543701,0.0,-1.0,1.0,0.0,0.0,1.0,0.0,1
0.0,0.0,0.0,-0.10695187165775401,-1.0,0.0,1.0,0.0,0.0,0.0,1.0,1.0,0.0,-0.3648865459546184,-0.028634353241683112,1.0,0.0,0.0,0.0,0.0,0.0,1.0,0
0.0,1.0,1.0,0.25668449197860965,0.0,0.0,0.0,0.0,0.0,0.0,0.0,0.0,-1.0,-0.9351363740545497,-0.17102241186010822,1.0,0.0,0.0,1.0,0.0,0.0,0.0,0
0.0,1.0,0.0,0.47058823529411764,0.0,1.0,0.0,0.0,1.0,0.0,1.0,1.0,0.0,0.5198258079303231,1.0333765098163004,1.0,-1.0,1.0,0.0,0.0,1.0,0.0,0
0.0,0.0,0.0,-0.5989304812834224,0.0,0.0,1.0,0.0,0.0,0.0,0.0,0.0,0.0,-0.40247536099014447,-0.3886173729105667,0.0,0.0,0.0,0.0,0.0,0.0,1.0,1
0.0,0.0,0.0,0.1711229946524064,-1.0,0.0,0.0,0.0,0.0,0.0,1.0,0.0,-1.0,-0.636259454503782,-0.02046347596085816,2.0,0.0,0.0,0.0,1.0,0.0,0.0,0
0.0,1.0,0.0,0.47058823529411764,0.0,0.0,1.0,1.0,1.0,0.0,1.0,0.0,0.0,0.4217281686912675,0.9381705507359959,1.0,-1.0,1.0,0.0,0.0,1.0,0.0,0
0.0,1.0,0.0,0.06417112299465241,0.0,1.0,0.0,1.0,0.0,0.0,1.0,1.0,0.0,0.5198258079303231,0.5104258507399869,0.0,0.0,1.0,0.0,1.0,0.0,0.0,0
0.0,1.0,0.0,0.7486631016042781,0.0,0.0,1.0,0.0,0.0,0.0,0.0,0.0,0.0,0.0559248223699289,0.9800989068004775,0.0,0.0,1.0,0.0,0.0,0.0,1.0,0
1.0,1.0,0.0,0.21390374331550802,0.0,0.0,1.0,1.0,0.0,0.0,1.0,1.0,-1.0,0.5244098097639238,0.7229121993519899,1.0,-1.0,1.0,0.0,0.0,0.0,1.0,0
0.0,1.0,1.0,-0.47058823529411764,0.0,0.0,1.0,1.0,1.0,0.0,1.0,0.0,-1.0,-0.01925280770112303,-0.2642400757584004,1.0,-1.0,0.0,0.0,0.0,1.0,0.0,0
1.0,0.0,0.0,0.1925133689839572,0.0,1.0,0.0,0.0,0.0,0.0,1.0,1.0,-1.0,0.4446481778592712,0.6576177466229822,0.0,0.0,1.0,0.0,0.0,1.0,0.0,0
0.0,0.0,1.0,-0.5989304812834224,-1.0,0.0,0.0,0.0,0.0,0.0,0.0,0.0,-1.0,-0.8489571395828559,-0.3956852543239978,0.0,0.0,0.0,0.0,0.0,0.0,1.0,0
0.0,1.0,0.0,-0.5775401069518716,0.0,0.0,1.0,0.0,0.0,0.0,0.0,0.0,0.0,0.07151042860417155,-0.36224706381774446,0.0,-1.0,1.0,0.0,0.0,1.0,0.0,1
0.0,0.0,1.0,-0.5347593582887701,0.0,1.0,0.0,1.0,0.0,0.0,1.0,0.0,-1.0,0.35021774008709594,-0.29657527039725995,0.0,-1.0,1.0,0.0,0.0,0.0,1.0,1
0.0,1.0,0.0,0.7914438502673797,0.0,1.0,1.0,1.0,1.0,0.0,0.0,0.0,0.0,-0.08067843227137302,0.8827014690889036,2.0,0.0,0.0,0.0,1.0,0.0,0.0,0
0.0,1.0,1.0,0.32085561497326204,0.0,0.0,0.0,1.0,1.0,1.0,0.0,0.0,0.0,-0.15768966307586527,0.44603121042911625,0.0,0.0,0.0,0.0,0.0,0.0,1.0,0
0.0,0.0,1.0,-0.23529411764705882,0.0,1.0,0.0,0.0,1.0,0.0,0.0,0.0,0.0,0.18427687371074944,0.005587544854560562,0.0,0.0,1.0,0.0,1.0,0.0,0.0,0
0.0,0.0,1.0,0.8983957219251337,0.0,1.0,0.0,0.0,0.0,0.0,0.0,0.0,-1.0,-0.8462067384826955,0.07755802520200421,2.0,0.0,0.0,1.0,0.0,0.0,1.0,0
0.0,0.0,0.0,-0.5561497326203209,0.0,0.0,0.0,1.0,0.0,0.0,0.0,0.0,0.0,-0.3777217510887005,-0.3649465010721556,0.0,0.0,0.0,0.0,0.0,0.0,1.0,1
0.0,1.0,1.0,-0.3422459893048128,0.0,0.0,0.0,0.0,0.0,0.0,0.0,1.0,-1.0,-0.26678890671556266,-0.18955564505302727,0.0,-1.0,0.0,0.0,0.0,1.0,0.0,1
0.0,0.0,0.0,-0.06417112299465241,0.0,0.0,0.0,0.0,0.0,0.0,0.0,0.0,0.0,-0.9140499656199864,-0.22985853352345503,1.0,0.0,0.0,1.0,1.0,0.0,0.0,0
0.0,0.0,0.0,-0.4919786096256685,0.0,0.0,0.0,0.0,1.0,0.0,0.0,1.0,-1.0,0.24570249828099944,-0.25828970331588136,0.0,-1.0,1.0,0.0,0.0,1.0,0.0,1
1.0,0.0,0.0,0.5347593582887701,0.0,1.0,0.0,1.0,0.0,0.0,0.0,1.0,0.0,0.35846894338757734,1.0288048822080236,0.0,0.0,1.0,0.0,0.0,1.0,0.0,0
1.0,1.0,0.0,0.1497326203208556,0.0,1.0,0.0,0.0,0.0,0.0,0.0,1.0,0.0,0.2704561081824433,0.5066089045146637,0.0,0.0,1.0,0.0,1.0,0.0,0.0,1
0.0,1.0,1.0,-0.5775401069518716,0.0,1.0,1.0,0.0,0.0,0.0,0.0,0.0,-1.0,-0.25303690121476047,-0.3697503383367258,0.0,0.0,0.0,0.0,0.0,0.0,1.0,1
0.0,0.0,0.0,-0.5347593582887701,0.0,1.0,0.0,0.0,0.0,0.0,0.0,0.0,-1.0,-0.8544579417831768,-0.3744090445661127,1.0,-1.0,0.0,1.0,0.0,1.0,0.0,0
0.0,1.0,1.0,0.47058823529411764,-1.0,0.0,0.0,0.0,1.0,1.0,1.0,1.0,0.0,-0.26312170524868217,0.4387456324629099,1.0,-1.0,0.0,0.0,0.0,1.0,0.0,0
1.0,1.0,0.0,0.8770053475935828,0.0,1.0,0.0,1.0,0.0,1.0,1.0,1.0,0.0,0.6426770570708228,1.6858275915867542,1.0,-1.0,1.0,0.0,0.0,0.0,0.0,0
0.0,1.0,1.0,0.9197860962566845,0.0,1.0,0.0,0.0,0.0,0.0,0.0,0.0,-1.0,-0.8480403392161358,0.11526306814264928,2.0,-1.0,0.0,1.0,1.0,0.0,0.0,0
0.0,0.0,0.0,0.9197860962566845,0.0,0.0,0.0,0.0,0.0,0.0,0.0,0.0,0.0,-0.9296355718542288,0.023612819424337725,2.0,0.0,0.0,1.0,1.0,0.0,0.0,0
1.0,1.0,0.0,0.9197860962566845,0.0,1.0,1.0,0.0,1.0,1.0,1.0,1.0,0.0,0.7196882878753152,1.9412582135095227,2.0,-1.0,1.0,0.0,0.0,0.0,1.0,0
0.0,1.0,1.0,0.9197860962566845,0.0,0.0,0.0,0.0,0.0,0.0,0.0,0.0,-1.0,-0.9342195736878296,0.02207443045139379,2.0,-1.0,0.0,1.0,0.0,0.0,0.0,0
0.0,1.0,0.0,0.36363636363636365,0.0,0.0,0.0,0.0,0.0,0.0,0.0,0.0,-1.0,-0.9333027733211094,-0.15563852213066875,0.0,0.0,0.0,1.0,0.0,1.0,0.0,0
0.0,1.0,0.0,0.0427807486631016,0.0,1.0,0.0,1.0,1.0,0.0,1.0,0.0,-1.0,0.42722897089158834,0.47373672504562553,0.0,0.0,1.0,0.0,0.0,1.0,0.0,1
0.0,1.0,1.0,0.6844919786096256,-1.0,0.0,1.0,1.0,0.0,1.0,0.0,1.0,0.0,-0.3630529452211781,0.49383737341852524,1.0,-1.0,0.0,0.0,0.0,0.0,0.0,0
0.0,1.0,0.0,0.8983957219251337,0.0,1.0,1.0,1.0,1.0,1.0,0.0,1.0,-1.0,0.18152647261058916,1.259664819874244,2.0,0.0,0.0,0.0,1.0,0.0,0.0,0
0.0,0.0,0.0,-0.5561497326203209,0.0,1.0,0.0,0.0,0.0,0.0,0.0,0.0,0.0,0.09168003667201467,-0.3386777837039618,0.0,-1.0,1.0,0.0,0.0,1.0,0.0,1
1.0,1.0,0.0,0.5989304812834224,0.0,1.0,0.0,0.0,1.0,0.0,1.0,1.0,-1.0,0.5519138207655283,1.2651797992112128,0.0,0.0,1.0,0.0,0.0,1.0,0.0,1
0.0,0.0,0.0,-0.42780748663101603,0.0,1.0,0.0,0.0,0.0,0.0,1.0,1.0,-1.0,0.43823057529223025,-0.1538824366049497,0.0,-1.0,1.0,0.0,0.0,1.0,0.0,1
0.0,0.0,0.0,-0.36363636363636365,0.0,0.0,0.0,0.0,0.0,0.0,0.0,0.0,-1.0,-0.9204675681870275,-0.3311019436673887,0.0,-1.0,0.0,1.0,0.0,0.0,1.0,0
0.0,0.0,0.0,0.6844919786096256,0.0,0.0,0.0,0.0,0.0,0.0,0.0,0.0,-1.0,-0.9360531744212698,-0.014817878692224295,1.0,-1.0,0.0,1.0,0.0,0.0,0.0,0
0.0,1.0,1.0,-0.21390374331550802,-1.0,0.0,1.0,1.0,0.0,0.0,0.0,0.0,0.0,-0.6518450607380243,-0.2255916810890633,0.0,0.0,0.0,0.0,0.0,0.0,1.0,0
0.0,0.0,0.0,0.8983957219251337,0.0,0.0,1.0,1.0,1.0,1.0,1.0,0.0,-1.0,0.12560165024066,1.2082739203158053,2.0,-1.0,0.0,0.0,1.0,0.0,0.0,0
0.0,1.0,0.0,0.7058823529411765,0.0,1.0,0.0,0.0,0.0,0.0,0.0,0.0,-1.0,-0.8590419436167775,0.008519191765265038,2.0,-1.0,0.0,1.0,0.0,0.0,0.0,0
0.0,1.0,0.0,0.8128342245989305,0.0,1.0,1.0,1.0,1.0,1.0,0.0,0.0,-1.0,0.007334402933761279,0.9548751328856042,2.0,0.0,0.0,0.0,1.0,0.0,0.0,0
0.0,0.0,1.0,0.7058823529411765,0.0,0.0,1.0,1.0,0.0,0.0,0.0,0.0,-1.0,-0.26312170524868217,0.6097099919089447,1.0,0.0,0.0,0.0,0.0,0.0,0.0,0
0.0,0.0,0.0,0.8770053475935828,0.0,1.0,1.0,1.0,1.0,1.0,1.0,1.0,0.0,0.7911987164794868,1.9017535457326036,2.0,-1.0,1.0,0.0,0.0,0.0,0.0,0
0.0,1.0,1.0,0.12834224598930483,0.0,1.0,1.0,0.0,1.0,1.0,1.0,0.0,-1.0,0.03208801283520514,0.3428430444137251,0.0,-1.0,0.0,0.0,0.0,1.0,0.0,1
0.0,1.0,1.0,0.47058823529411764,-1.0,0.0,1.0,1.0,1.0,0.0,1.0,1.0,-1.0,-0.20536328214531294,0.4723289540043467,1.0,0.0,0.0,0.0,0.0,1.0,0.0,1
0.0,0.0,1.0,-0.21390374331550802,0.0,0.0,1.0,1.0,1.0,0.0,0.0,0.0,0.0,-0.18152647261058905,-0.026007481504863744,0.0,-1.0,0.0,0.0,0.0,1.0,0.0,0
0.0,1.0,1.0,0.42780748663101603,0.0,1.0,0.0,1.0,1.0,0.0,1.0,0.0,0.0,0.42447856979142806,0.9093185009415374,1.0,0.0,1.0,0.0,0.0,1.0,0.0,0
0.0,0.0,0.0,-0.44919786096256686,0.0,1.0,0.0,0.0,0.0,0.0,0.0,0.0,0.0,0.055008022003208805,-0.21920591554099408,0.0,-1.0,1.0,0.0,0.0,1.0,0.0,0
0.0,0.0,0.0,-0.5989304812834224,0.0,0.0,0.0,1.0,0.0,0.0,0.0,0.0,0.0,0.09534723813889531,-0.3807367577001085,0.0,-1.0,1.0,0.0,0.0,1.0,0.0,1
0.0,0.0,0.0,-0.3422459893048128,0.0,0.0,0.0,0.0,0.0,0.0,0.0,0.0,0.0,-0.9388035755214303,-0.3216394001734316,0.0,-1.0,0.0,1.0,0.0,0.0,1.0,0
0.0,0.0,0.0,-0.0855614973262032,0.0,0.0,0.0,0.0,0.0,0.0,0.0,0.0,0.0,-0.9406371762548705,-0.248261148784709,0.0,-1.0,0.0,1.0,1.0,0.0,0.0,0
0.0,0.0,0.0,-0.5989304812834224,0.0,1.0,0.0,0.0,1.0,1.0,0.0,0.0,-1.0,-0.15493926197570485,-0.38469883496061513,0.0,0.0,0.0,0.0,0.0,0.0,1.0,1
0.0,1.0,0.0,-0.23529411764705882,0.0,0.0,0.0,0.0,1.0,0.0,0.0,0.0,0.0,-0.38413935365574153,-0.1477579069202106,0.0,0.0,0.0,0.0,0.0,0.0,1.0,1
0.0,0.0,0.0,-0.47058823529411764,0.0,0.0,0.0,0.0,0.0,0.0,0.0,0.0,-1.0,-0.02475360990144386,-0.2608730357421457,0.0,0.0,1.0,0.0,0.0,0.0,0.0,0
0.0,0.0,0.0,-0.06417112299465241,0.0,0.0,0.0,1.0,0.0,0.0,0.0,0.0,-1.0,0.09168003667201467,0.18306828778032963,1.0,0.0,1.0,0.0,0.0,0.0,0.0,0
0.0,0.0,0.0,-0.47058823529411764,0.0,0.0,0.0,0.0,0.0,0.0,0.0,0.0,-1.0,-0.9278019711207885,-0.35245071894286556,1.0,-1.0,0.0,1.0,0.0,0.0,1.0,0
0.0,1.0,0.0,0.5775401069518716,0.0,1.0,0.0,1.0,0.0,1.0,1.0,1.0,0.0,0.6738482695393079,1.3485285527170343,1.0,0.0,1.0,0.0,0.0,1.0,0.0,0
0.0,1.0,1.0,-0.23529411764705882,0.0,0.0,0.0,0.0,0.0,0.0,0.0,0.0,-1.0,-0.9378867751547101,-0.3129460511659465,2.0,-1.0,0.0,1.0,0.0,0.0,1.0,0
0.0,0.0,0.0,-0.25668449197860965,0.0,0.0,0.0,1.0,0.0,0.0,1.0,0.0,0.0,0.23928489571395825,-0.016907765598865077,0.0,-1.0,1.0,0.0,0.0,1.0,0.0,0
0.0,0.0,0.0,-0.5347593582887701,0.0,1.0,0.0,1.0,0.0,1.0,0.0,1.0,0.0,0.4217281686912675,-0.29757667454002534,0.0,-1.0,1.0,0.0,0.0,1.0,0.0,1
0.0,1.0,1.0,0.7914438502673797,0.0,0.0,1.0,1.0,0.0,1.0,0.0,0.0,0.0,-0.22553289021315606,0.7034211013268605,2.0,-1.0,0.0,0.0,1.0,0.0,0.0,0
0.0,0.0,1.0,0.6844919786096256,0.0,0.0,0.0,0.0,0.0,0.0,0.0,0.0,-1.0,-0.930552372220949,-0.07639697692053715,2.0,0.0,0.0,1.0,0.0,0.0,1.0,0
0.0,0.0,0.0,-0.1497326203208556,0.0,0.0,0.0,1.0,1.0,0.0,1.0,0.0,-1.0,-0.0962640385056154,0.015790256627952925,1.0,-1.0,0.0,0.0,0.0,0.0,0.0,0
0.0,0.0,0.0,-0.5561497326203209,0.0,1.0,0.0,0.0,0.0,0.0,0.0,0.0,-1.0,0.07151042860417155,-0.3400710416417223,0.0,-1.0,1.0,0.0,0.0,0.0,0.0,1
0.0,0.0,0.0,-0.5775401069518716,0.0,0.0,0.0,0.0,0.0,0.0,0.0,0.0,0.0,-0.9177171670868669,-0.39038797153980404,0.0,-1.0,0.0,1.0,0.0,0.0,1.0,0
0.0,1.0,0.0,0.5561497326203209,0.0,1.0,1.0,1.0,0.0,0.0,1.0,0.0,0.0,0.48132019252807706,1.1179443640176623,0.0,0.0,1.0,0.0,0.0,1.0,0.0,1
0.0,0.0,0.0,0.2994652406417112,0.0,0.0,0.0,0.0,0.0,0.0,0.0,0.0,-1.0,-0.9342195736878296,-0.14839648347501755,2.0,0.0,0.0,1.0,0.0,0.0,1.0,0
0.0,1.0,0.0,0.8342245989304813,0.0,1.0,0.0,0.0,1.0,0.0,1.0,0.0,0.0,0.35663534265413716,1.3314030905653942,2.0,-1.0,1.0,0.0,0.0,0.0,0.0,0
0.0,0.0,0.0,-0.5561497326203209,0.0,0.0,0.0,0.0,1.0,0.0,1.0,0.0,-1.0,-0.23745129498051806,-0.3558467851661569,0.0,-1.0,0.0,0.0,0.0,1.0,0.0,0
0.0,0.0,0.0,-0.5347593582887701,0.0,0.0,1.0,1.0,0.0,1.0,0.0,0.0,0.0,-0.18519367407746967,-0.32371477397655407,0.0,-1.0,0.0,0.0,0.0,0.0,1.0,1
0.0,1.0,0.0,0.6203208556149733,0.0,1.0,0.0,1.0,0.0,1.0,0.0,0.0,0.0,-0.19436167774467114,0.6146879864157351,2.0,-1.0,0.0,0.0,1.0,0.0,0.0,0
0.0,0.0,0.0,-0.27807486631016043,0.0,0.0,1.0,0.0,0.0,0.0,0.0,0.0,0.0,-0.3731377492550998,-0.18145733328979405,0.0,-1.0,0.0,0.0,0.0,1.0,0.0,1
1.0,0.0,0.0,-0.12834224598930483,-1.0,0.0,0.0,0.0,0.0,0.0,0.0,1.0,0.0,-0.6573458629383453,-0.17965770845352,0.0,0.0,0.0,0.0,0.0,0.0,0.0,0
0.0,0.0,0.0,-0.5989304812834224,0.0,0.0,0.0,0.0,0.0,0.0,0.0,0.0,0.0,-0.9342195736878296,-0.3970349729512034,0.0,-1.0,0.0,1.0,0.0,0.0,1.0,0
1.0,1.0,0.0,0.0855614973262032,0.0,1.0,0.0,1.0,0.0,0.0,0.0,0.0,0.0,0.18519367407746953,0.36837159350248355,0.0,-1.0,1.0,0.0,0.0,0.0,0.0,1
0.0,1.0,1.0,-0.40641711229946526,0.0,0.0,0.0,0.0,1.0,1.0,0.0,0.0,-1.0,-0.28054091221636485,-0.24934963154858444,0.0,-1.0,0.0,0.0,1.0,0.0,0.0,1
0.0,1.0,0.0,0.8770053475935828,0.0,1.0,1.0,1.0,0.0,1.0,0.0,0.0,0.0,0.3208801283520514,1.3349297747203506,2.0,0.0,1.0,0.0,1.0,0.0,0.0,0
0.0,1.0,1.0,0.8342245989304813,0.0,0.0,1.0,1.0,1.0,1.0,0.0,0.0,-1.0,-0.14393765757506308,0.8674191710840926,2.0,0.0,0.0,0.0,1.0,0.0,0.0,0
1.0,1.0,0.0,0.06417112299465241,0.0,1.0,0.0,1.0,1.0,0.0,1.0,1.0,-1.0,0.6573458629383452,0.6192305878169753,0.0,0.0,1.0,0.0,0.0,0.0,0.0,1
1.0,1.0,0.0,0.6844919786096256,0.0,1.0,0.0,1.0,0.0,1.0,0.0,0.0,0.0,0.27595691038276415,1.1216742316218755,1.0,0.0,1.0,0.0,0.0,0.0,0.0,0
0.0,0.0,0.0,-0.1497326203208556,0.0,0.0,0.0,0.0,0.0,0.0,0.0,0.0,0.0,-0.9250515700206282,-0.26622837094041285,0.0,-1.0,0.0,1.0,0.0,0.0,1.0,0
0.0,0.0,0.0,-0.5989304812834224,0.0,0.0,0.0,0.0,0.0,0.0,0.0,0.0,-1.0,-0.912216364886546,-0.3966866584667632,0.0,0.0,0.0,1.0,1.0,0.0,0.0,0
0.0,0.0,0.0,-0.5133689839572193,0.0,1.0,0.0,0.0,0.0,0.0,0.0,0.0,0.0,-0.3648865459546184,-0.3301585919386967,0.0,-1.0,0.0,0.0,0.0,0.0,1.0,1
0.0,1.0,1.0,0.8556149732620321,0.0,0.0,0.0,0.0,0.0,0.0,0.0,0.0,0.0,-0.9158835663534267,0.004557114504758431,1.0,0.0,0.0,1.0,1.0,0.0,0.0,0
0.0,0.0,0.0,-0.5561497326203209,0.0,0.0,0.0,0.0,0.0,0.0,0.0,0.0,0.0,-0.01741920696768284,-0.33818433818433824,0.0,-1.0,1.0,0.0,0.0,0.0,0.0,1
0.0,1.0,1.0,0.8983957219251337,-1.0,0.0,1.0,1.0,0.0,1.0,1.0,1.0,-1.0,-0.21728168691267483,0.8004992507610309,2.0,-1.0,0.0,0.0,0.0,0.0,1.0,0
1.0,0.0,0.0,-0.5989304812834224,-1.0,0.0,0.0,0.0,0.0,0.0,0.0,0.0,-1.0,-0.8333715333486135,-0.39543853156418607,0.0,-1.0,0.0,0.0,0.0,0.0,1.0,1
0.0,1.0,1.0,-0.1497326203208556,0.0,1.0,0.0,0.0,1.0,0.0,1.0,0.0,0.0,0.33463213385285356,0.14447794552506596,0.0,0.0,1.0,0.0,0.0,1.0,0.0,0
0.0,0.0,0.0,-0.5347593582887701,0.0,1.0,1.0,0.0,0.0,0.0,1.0,0.0,-1.0,0.36947054778821925,-0.29590766763541637,0.0,0.0,1.0,0.0,0.0,1.0,0.0,0
1.0,0.0,0.0,-0.3422459893048128,0.0,0.0,0.0,1.0,1.0,0.0,0.0,0.0,0.0,-0.28787531515012615,-0.19044094436764597,0.0,-1.0,0.0,0.0,0.0,1.0,0.0,0
0.0,0.0,0.0,-0.21390374331550802,0.0,0.0,0.0,0.0,0.0,0.0,0.0,0.0,0.0,-0.4675681870272749,-0.15138618279979538,0.0,0.0,0.0,0.0,0.0,0.0,0.0,0
0.0,1.0,1.0,0.8342245989304813,0.0,1.0,1.0,0.0,1.0,1.0,1.0,1.0,0.0,0.7068530827412332,1.77673767202563,2.0,-1.0,1.0,0.0,0.0,0.0,0.0,0
0.0,1.0,1.0,0.9197860962566845,0.0,1.0,1.0,1.0,1.0,1.0,1.0,1.0,0.0,0.8489571395828559,2.0519641671474136,2.0,-1.0,1.0,0.0,1.0,0.0,0.0,0
0.0,0.0,0.0,0.12834224598930483,0.0,1.0,1.0,0.0,1.0,1.0,1.0,1.0,0.0,0.2832913133165254,0.500034468620856,1.0,-1.0,0.0,0.0,1.0,0.0,0.0,1
0.0,1.0,0.0,0.06417112299465241,0.0,0.0,0.0,1.0,0.0,0.0,0.0,1.0,-1.0,0.2502865001146002,0.34789360443810696,0.0,-1.0,1.0,0.0,0.0,0.0,0.0,1
0.0,0.0,0.0,0.5989304812834224,-1.0,0.0,0.0,0.0,1.0,1.0,1.0,1.0,-1.0,-0.3144625257850103,0.4942147141100021,2.0,0.0,0.0,0.0,1.0,0.0,0.0,0
1.0,0.0,0.0,-0.5775401069518716,0.0,1.0,0.0,0.0,0.0,0.0,0.0,1.0,0.0,0.24845289938115972,-0.3487063382351341,0.0,-1.0,1.0,0.0,0.0,1.0,0.0,0
0.0,0.0,0.0,-0.25668449197860965,-1.0,0.0,0.0,0.0,0.0,0.0,0.0,0.0,0.0,-0.8223699289479717,-0.27493623305141635,0.0,0.0,0.0,0.0,0.0,0.0,1.0,0
0.0,1.0,1.0,0.1925133689839572,0.0,0.0,0.0,0.0,0.0,0.0,0.0,0.0,0.0,-0.9223011689204677,-0.18615957882973594,2.0,-1.0,0.0,1.0,0.0,0.0,1.0,0
1.0,1.0,0.0,-0.47058823529411764,0.0,1.0,0.0,0.0,0.0,0.0,0.0,0.0,0.0,0.07976163190465267,-0.2618599267813928,0.0,0.0,1.0,0.0,0.0,1.0,0.0,0
0.0,1.0,0.0,0.0213903743315508,0.0,0.0,0.0,0.0,1.0,0.0,0.0,0.0,0.0,-0.3758881503552602,0.025397931157093462,0.0,0.0,0.0,0.0,0.0,0.0,1.0,0
0.0,0.0,0.0,-0.06417112299465241,0.0,1.0,1.0,1.0,0.0,0.0,0.0,0.0,-1.0,-0.1641072656429063,0.05647048578985751,1.0,0.0,0.0,0.0,0.0,1.0,0.0,0
0.0,1.0,0.0,-0.40641711229946526,0.0,0.0,0.0,0.0,1.0,0.0,1.0,1.0,0.0,-0.049507219802887976,-0.21312492516681003,0.0,-1.0,0.0,0.0,1.0,0.0,0.0,0
0.0,1.0,1.0,0.12834224598930483,0.0,0.0,0.0,0.0,0.0,0.0,0.0,0.0,-1.0,-0.9168003667201468,-0.1822990932938577,2.0,0.0,0.0,1.0,0.0,0.0,0.0,0
0.0,0.0,0.0,-0.5989304812834224,0.0,0.0,0.0,0.0,0.0,0.0,0.0,1.0,0.0,-0.27962411184964475,-0.3866726170391092,0.0,0.0,0.0,0.0,0.0,1.0,0.0,0
0.0,0.0,0.0,-0.5989304812834224,0.0,0.0,0.0,0.0,0.0,0.0,0.0,0.0,-1.0,-0.9470547788219116,-0.3972381564004601,0.0,-1.0,0.0,1.0,0.0,1.0,0.0,0
0.0,0.0,0.0,-0.2994652406417112,0.0,1.0,1.0,0.0,0.0,0.0,0.0,0.0,0.0,-0.2713729085491634,-0.14153178551084314,0.0,-1.0,0.0,0.0,0.0,0.0,1.0,1
0.0,1.0,1.0,0.7058823529411765,0.0,1.0,1.0,1.0,0.0,0.0,1.0,0.0,0.0,0.44831537932615184,1.278444775826975,1.0,0.0,1.0,0.0,1.0,0.0,0.0,0
0.0,0.0,0.0,0.8983957219251337,-1.0,0.0,1.0,1.0,1.0,1.0,1.0,0.0,-1.0,-0.30346092138436853,0.7260180035049145,2.0,0.0,0.0,0.0,0.0,0.0,0.0,0
0.0,1.0,0.0,0.6844919786096256,0.0,0.0,0.0,1.0,1.0,1.0,0.0,1.0,-1.0,0.43364657345862956,1.261029051604968,0.0,0.0,1.0,0.0,1.0,0.0,0.0,0
1.0,1.0,0.0,0.0,0.0,1.0,0.0,0.0,0.0,1.0,0.0,0.0,0.0,0.16135686454274578,0.2981426855772406,0.0,0.0,1.0,0.0,0.0,1.0,0.0,0
0.0,1.0,1.0,0.9197860962566845,0.0,1.0,1.0,1.0,1.0,1.0,1.0,1.0,0.0,0.8251203300481321,2.042791885723823,2.0,-1.0,1.0,0.0,0.0,1.0,0.0,0
0.0,0.0,0.0,-0.5775401069518716,0.0,1.0,0.0,0.0,0.0,0.0,0.0,0.0,-1.0,0.08067843227137302,-0.3599975327724019,0.0,-1.0,1.0,0.0,1.0,0.0,0.0,1
0.0,0.0,0.0,-0.5561497326203209,0.0,1.0,0.0,0.0,0.0,0.0,1.0,1.0,0.0,0.4785697914279165,-0.31798209808681016,0.0,-1.0,1.0,0.0,0.0,1.0,0.0,1
0.0,0.0,0.0,-0.0213903743315508,0.0,0.0,0.0,1.0,0.0,1.0,0.0,0.0,-1.0,-0.29062571625028655,0.03776309535471837,0.0,-1.0,0.0,0.0,0.0,0.0,0.0,0
0.0,0.0,0.0,-0.1497326203208556,0.0,1.0,0.0,0.0,0.0,0.0,1.0,1.0,0.0,0.4510657804263121,0.22501115694832968,0.0,0.0,1.0,0.0,0.0,1.0,0.0,0
0.0,0.0,0.0,-0.10695187165775401,0.0,0.0,1.0,0.0,0.0,1.0,0.0,0.0,-1.0,-0.2594545037818015,-0.0017996248362740642,0.0,-1.0,0.0,0.0,1.0,0.0,0.0,0
0.0,0.0,1.0,-0.32085561497326204,0.0,0.0,0.0,0.0,1.0,0.0,1.0,0.0,0.0,-0.19619527847811147,-0.16328692768483347,0.0,-1.0,0.0,0.0,1.0,0.0,0.0,0
1.0,0.0,0.0,-0.5347593582887701,0.0,1.0,0.0,0.0,0.0,0.0,0.0,1.0,0.0,0.2585377034150813,-0.2981862248877956,0.0,-1.0,1.0,0.0,0.0,1.0,0.0,1
0.0,0.0,0.0,-0.36363636363636365,0.0,1.0,1.0,0.0,1.0,1.0,0.0,0.0,0.0,-0.16227366490946601,-0.195535043702583,0.0,-1.0,0.0,0.0,0.0,0.0,1.0,1
1.0,0.0,0.0,0.47058823529411764,0.0,0.0,0.0,0.0,0.0,0.0,0.0,0.0,-1.0,-0.9333027733211094,-0.12176493851886526,2.0,-1.0,0.0,1.0,1.0,0.0,0.0,0
0.0,1.0,0.0,0.5561497326203209,0.0,1.0,0.0,0.0,1.0,1.0,1.0,1.0,0.0,0.6170066468026589,1.2642799867930756,1.0,0.0,1.0,0.0,0.0,1.0,0.0,1
0.0,0.0,0.0,-0.32085561497326204,-1.0,0.0,0.0,0.0,1.0,0.0,1.0,1.0,0.0,-0.362136144854458,-0.1958253057729498,0.0,0.0,0.0,0.0,0.0,1.0,0.0,1
0.0,1.0,1.0,0.8556149732620321,0.0,0.0,0.0,0.0,0.0,0.0,0.0,0.0,-1.0,-0.9278019711207885,-0.008911045560260233,2.0,0.0,0.0,1.0,0.0,0.0,0.0,0
0.0,0.0,0.0,0.6203208556149733,0.0,0.0,0.0,0.0,0.0,1.0,1.0,1.0,0.0,0.4547329818931928,1.285948050345956,0.0,-1.0,1.0,0.0,0.0,1.0,0.0,0
0.0,1.0,1.0,-0.4919786096256685,0.0,0.0,0.0,0.0,0.0,0.0,0.0,0.0,-1.0,-0.9342195736878296,-0.36703638797879634,0.0,0.0,0.0,1.0,0.0,0.0,1.0,0
0.0,1.0,1.0,-0.47058823529411764,0.0,0.0,1.0,0.0,0.0,0.0,0.0,0.0,-1.0,-0.3630529452211781,-0.30101628007387177,0.0,-1.0,0.0,0.0,0.0,0.0,1.0,0
0.0,1.0,0.0,0.8556149732620321,0.0,0.0,1.0,1.0,0.0,0.0,0.0,0.0,0.0,-0.3089617235846895,0.7015634240765131,1.0,0.0,0.0,0.0,1.0,0.0,0.0,0
0.0,0.0,1.0,-0.5775401069518716,0.0,0.0,0.0,0.0,0.0,0.0,0.0,0.0,0.0,-0.9333027733211094,-0.3923037012042248,0.0,-1.0,0.0,1.0,0.0,1.0,0.0,1
0.0,1.0,1.0,-0.06417112299465241,0.0,0.0,0.0,0.0,1.0,0.0,0.0,0.0,-1.0,-0.36947054778821914,-0.029490626349265133,1.0,0.0,0.0,0.0,0.0,0.0,1.0,0
1.0,0.0,0.0,0.47058823529411764,0.0,1.0,0.0,0.0,0.0,0.0,0.0,0.0,-1.0,-0.8342883337153336,-0.03677620431547134,1.0,0.0,0.0,1.0,0.0,0.0,0.0,0
0.0,0.0,0.0,-0.5989304812834224,0.0,0.0,0.0,0.0,0.0,0.0,1.0,1.0,0.0,0.3272977309190923,-0.37706494250996875,0.0,0.0,1.0,0.0,0.0,1.0,0.0,1
0.0,1.0,1.0,0.9197860962566845,0.0,1.0,1.0,1.0,1.0,1.0,0.0,0.0,-1.0,-0.011918404767362013,1.0783090783090785,2.0,0.0,0.0,0.0,0.0,0.0,0.0,0
0.0,0.0,0.0,-0.5775401069518716,0.0,0.0,0.0,0.0,0.0,0.0,0.0,0.0,0.0,-0.45198258079303233,-0.3720579217961418,0.0,-1.0,0.0,0.0,0.0,0.0,1.0,0
0.0,0.0,1.0,0.40641711229946526,-1.0,0.0,0.0,1.0,1.0,0.0,0.0,1.0,-1.0,-0.4574833829933533,0.20926443963093172,0.0,-1.0,0.0,0.0,1.0,0.0,0.0,0
0.0,0.0,0.0,-0.44919786096256686,0.0,1.0,0.0,0.0,0.0,0.0,0.0,0.0,0.0,0.07976163190465267,-0.23654907424540933,0.0,0.0,1.0,0.0,0.0,1.0,0.0,0
0.0,0.0,0.0,-0.5775401069518716,0.0,0.0,0.0,0.0,0.0,0.0,0.0,0.0,-1.0,-0.912216364886546,-0.38988001291666213,0.0,0.0,0.0,1.0,0.0,0.0,1.0,0
0.0,1.0,0.0,0.5775401069518716,0.0,1.0,1.0,0.0,0.0,0.0,1.0,1.0,0.0,0.5042402016960807,1.1271456716482895,1.0,-1.0,1.0,0.0,0.0,1.0,0.0,0
0.0,0.0,0.0,-0.5989304812834224,-1.0,0.0,0.0,0.0,0.0,0.0,0.0,0.0,-1.0,-0.8416227366490947,-0.39556914949585115,0.0,-1.0,0.0,0.0,0.0,1.0,0.0,1
0.0,0.0,0.0,-0.5989304812834224,0.0,0.0,0.0,0.0,0.0,0.0,0.0,0.0,0.0,-0.9223011689204677,-0.39684630260546494,0.0,-1.0,0.0,1.0,0.0,0.0,0.0,1
0.0,0.0,0.0,-0.5989304812834224,0.0,0.0,1.0,0.0,0.0,0.0,0.0,0.0,-1.0,0.08801283520513403,-0.38085286252825523,0.0,-1.0,1.0,0.0,0.0,0.0,1.0,1
1.0,0.0,0.0,0.7914438502673797,0.0,1.0,0.0,0.0,1.0,1.0,1.0,1.0,0.0,0.5931698372679348,1.6223763030045755,1.0,-1.0,1.0,0.0,1.0,0.0,0.0,0
0.0,1.0,0.0,-0.06417112299465241,0.0,0.0,0.0,0.0,0.0,1.0,0.0,1.0,-1.0,0.2823745129498053,0.23483652803024524,0.0,-1.0,1.0,0.0,1.0,0.0,0.0,0
0.0,1.0,1.0,0.5347593582887701,0.0,0.0,1.0,0.0,1.0,1.0,0.0,1.0,-1.0,-0.010084804033921563,0.7211416007227526,2.0,-1.0,0.0,0.0,0.0,0.0,0.0,0
0.0,1.0,0.0,-0.21390374331550802,0.0,0.0,0.0,1.0,0.0,0.0,0.0,1.0,0.0,-0.19619527847811147,-0.07446673415259808,0.0,-1.0,0.0,0.0,0.0,0.0,1.0,0
0.0,0.0,0.0,-0.5989304812834224,0.0,0.0,0.0,0.0,0.0,0.0,0.0,0.0,-1.0,-0.9388035755214303,-0.39710753846879504,0.0,0.0,0.0,1.0,1.0,0.0,0.0,0
0.0,0.0,0.0,-0.2994652406417112,0.0,0.0,1.0,1.0,0.0,0.0,1.0,1.0,0.0,0.5244098097639238,0.011320220744304514,0.0,-1.0,1.0,0.0,1.0,0.0,0.0,1
1.0,0.0,1.0,0.0213903743315508,0.0,1.0,0.0,0.0,0.0,1.0,1.0,1.0,0.0,0.5647490258996104,0.46067493187912034,0.0,-1.0,1.0,0.0,0.0,1.0,0.0,0
0.0,0.0,0.0,-0.40641711229946526,0.0,0.0,0.0,0.0,0.0,0.0,0.0,0.0,-1.0,-0.9259683703873482,-0.34889500858087247,0.0,0.0,0.0,1.0,0.0,1.0,0.0,0
0.0,0.0,0.0,-0.5775401069518716,0.0,0.0,0.0,0.0,1.0,0.0,0.0,0.0,0.0,0.0971808388723355,-0.35604996861541366,0.0,-1.0,1.0,0.0,0.0,1.0,0.0,1
0.0,1.0,0.0,0.4919786096256685,0.0,0.0,1.0,0.0,1.0,0.0,1.0,0.0,0.0,-0.11368324547329825,0.5872582207660741,1.0,-1.0,0.0,0.0,0.0,0.0,1.0,0
0.0,0.0,0.0,-0.2994652406417112,0.0,1.0,0.0,0.0,0.0,0.0,0.0,0.0,0.0,-0.3978913591565438,-0.19369187955575393,0.0,-1.0,0.0,0.0,0.0,0.0,1.0,0
0.0,1.0,1.0,-0.5989304812834224,0.0,0.0,0.0,0.0,0.0,0.0,0.0,0.0,0.0,-0.93696997478799,-0.39707851226175833,0.0,-1.0,0.0,1.0,0.0,0.0,1.0,0
0.0,1.0,1.0,0.8556149732620321,0.0,0.0,0.0,0.0,0.0,0.0,0.0,0.0,-1.0,-0.9296355718542288,0.014382485586674055,2.0,-1.0,0.0,1.0,1.0,0.0,0.0,0
0.0,1.0,0.0,0.8983957219251337,0.0,1.0,1.0,1.0,1.0,1.0,0.0,1.0,0.0,0.17602567041026806,1.2185201713997527,2.0,0.0,0.0,0.0,0.0,0.0,1.0,0
0.0,0.0,0.0,-0.2994652406417112,0.0,0.0,0.0,0.0,0.0,0.0,0.0,0.0,0.0,-0.9296355718542288,-0.3129025118553914,0.0,0.0,0.0,1.0,0.0,0.0,1.0,0
0.0,0.0,0.0,0.23529411764705882,0.0,0.0,0.0,0.0,0.0,1.0,0.0,0.0,0.0,-0.35571854228741695,0.204779890643765,0.0,0.0,0.0,0.0,0.0,1.0,0.0,0
0.0,0.0,0.0,-0.5133689839572193,0.0,0.0,0.0,0.0,0.0,0.0,0.0,0.0,0.0,-0.9323859729543893,-0.37599097284961164,0.0,-1.0,0.0,1.0,1.0,0.0,0.0,0
0.0,0.0,0.0,-0.27807486631016043,0.0,0.0,0.0,0.0,0.0,0.0,0.0,0.0,-1.0,-0.9433875773550311,-0.30789549114156445,1.0,-1.0,0.0,1.0,0.0,0.0,1.0,0
0.0,1.0,1.0,0.5989304812834224,0.0,1.0,1.0,1.0,0.0,1.0,0.0,0.0,-1.0,-0.0971808388723355,0.6677333797752646,0.0,-1.0,0.0,0.0,0.0,0.0,0.0,0
0.0,1.0,0.0,-0.1711229946524064,0.0,1.0,0.0,0.0,0.0,0.0,0.0,1.0,0.0,0.293376117350447,0.12228741024552542,0.0,-1.0,1.0,0.0,0.0,1.0,0.0,1
1.0,0.0,0.0,-0.21390374331550802,0.0,0.0,1.0,1.0,0.0,1.0,1.0,1.0,0.0,0.6325922530369013,0.17991894431685004,0.0,-1.0,1.0,0.0,0.0,0.0,1.0,0
0.0,0.0,0.0,-0.3850267379679144,-1.0,0.0,0.0,1.0,0.0,1.0,0.0,0.0,0.0,-0.6390098556039423,-0.27931919031395475,0.0,0.0,0.0,0.0,0.0,1.0,0.0,0
0.0,1.0,0.0,0.36363636363636365,0.0,0.0,0.0,1.0,0.0,0.0,1.0,1.0,0.0,-0.025670410268164214,0.5168406424950928,0.0,-1.0,0.0,0.0,1.0,0.0,0.0,0
1.0,0.0,0.0,-0.4919786096256685,0.0,0.0,1.0,0.0,0.0,0.0,0.0,0.0,0.0,0.06600962640385047,-0.27183042889849174,0.0,-1.0,1.0,0.0,0.0,1.0,0.0,0
0.0,1.0,1.0,0.5133689839572193,0.0,0.0,0.0,1.0,1.0,1.0,1.0,1.0,0.0,0.6921842768737109,1.3200248174070166,0.0,-1.0,1.0,0.0,0.0,0.0,0.0,0
0.0,1.0,0.0,0.7486631016042781,0.0,0.0,0.0,0.0,0.0,0.0,0.0,0.0,-1.0,-0.9360531744212698,-0.04694988988182706,2.0,-1.0,0.0,1.0,1.0,0.0,0.0,0
0.0,1.0,1.0,0.25668449197860965,0.0,1.0,0.0,0.0,1.0,1.0,1.0,1.0,0.0,0.5885858354343342,0.8202660977530088,1.0,0.0,1.0,0.0,0.0,1.0,0.0,1
0.0,1.0,0.0,0.6631016042780749,0.0,0.0,1.0,1.0,0.0,1.0,0.0,0.0,0.0,-0.16777446710978683,0.6904754129885019,2.0,0.0,0.0,0.0,0.0,0.0,1.0,0
0.0,0.0,0.0,0.27807486631016043,0.0,0.0,0.0,0.0,0.0,0.0,0.0,0.0,0.0,-0.9342195736878296,-0.1590636145609968,1.0,0.0,0.0,1.0,0.0,0.0,1.0,0
0.0,1.0,1.0,-0.5989304812834224,0.0,0.0,0.0,0.0,0.0,0.0,0.0,0.0,0.0,-0.9076323630529454,-0.3966140929491715,0.0,-1.0,0.0,1.0,0.0,1.0,0.0,1
0.0,0.0,0.0,0.6631016042780749,0.0,0.0,0.0,0.0,0.0,0.0,0.0,0.0,-1.0,-0.9287187714875087,-0.07526495484610674,2.0,-1.0,0.0,1.0,0.0,0.0,0.0,0
0.0,1.0,0.0,0.9197860962566845,0.0,1.0,1.0,1.0,1.0,0.0,1.0,1.0,0.0,0.22278248911299578,1.3154531897987398,2.0,-1.0,0.0,0.0,1.0,0.0,0.0,0
0.0,0.0,0.0,0.10695187165775401,0.0,0.0,0.0,1.0,1.0,1.0,1.0,1.0,0.0,0.6344258537703414,0.6523349769423068,0.0,-1.0,1.0,0.0,0.0,1.0,0.0,0
0.0,0.0,0.0,-0.1925133689839572,0.0,1.0,0.0,0.0,1.0,0.0,1.0,0.0,0.0,0.33371533348613347,0.10857252742069495,0.0,0.0,1.0,0.0,0.0,1.0,0.0,1
0.0,1.0,1.0,0.12834224598930483,-1.0,0.0,0.0,0.0,0.0,1.0,1.0,0.0,-1.0,-0.5427458170983269,-0.0011029958673938259,1.0,-1.0,0.0,0.0,0.0,0.0,1.0,0
0.0,1.0,0.0,0.7486631016042781,0.0,0.0,1.0,0.0,1.0,0.0,1.0,1.0,0.0,0.5225762090304836,1.4479433118176572,2.0,-1.0,1.0,0.0,0.0,0.0,0.0,0
0.0,0.0,0.0,-0.10695187165775401,0.0,1.0,1.0,0.0,0.0,1.0,0.0,0.0,0.0,0.25395370158148056,0.1598328090474687,0.0,-1.0,1.0,0.0,0.0,1.0,0.0,0
0.0,1.0,0.0,-0.10695187165775401,0.0,1.0,1.0,0.0,0.0,1.0,0.0,0.0,0.0,-0.22278248911299564,-0.011755613849854688,1.0,0.0,0.0,0.0,0.0,1.0,0.0,0
1.0,0.0,0.0,-0.47058823529411764,0.0,0.0,1.0,0.0,0.0,0.0,0.0,0.0,0.0,-0.4088929635571854,-0.3039189007775396,0.0,-1.0,0.0,0.0,0.0,1.0,0.0,0
0.0,0.0,0.0,0.25668449197860965,0.0,0.0,0.0,0.0,0.0,1.0,0.0,0.0,-1.0,-0.3749713499885401,0.1862466574508459,1.0,-1.0,0.0,0.0,0.0,0.0,0.0,0
0.0,1.0,1.0,-0.42780748663101603,0.0,0.0,0.0,0.0,0.0,0.0,0.0,0.0,-1.0,-0.9213843685537475,-0.352682928599159,1.0,-1.0,0.0,1.0,0.0,0.0,1.0,0
1.0,0.0,0.0,-0.47058823529411764,0.0,0.0,0.0,0.0,0.0,0.0,1.0,1.0,0.0,0.34196653678661487,-0.23599757631171248,0.0,-1.0,1.0,0.0,0.0,1.0,0.0,0
0.0,0.0,0.0,-0.5989304812834224,0.0,0.0,0.0,0.0,1.0,0.0,0.0,0.0,0.0,-0.3667201466880587,-0.38805136187335143,0.0,0.0,0.0,0.0,0.0,1.0,0.0,1
0.0,1.0,1.0,0.9197860962566845,0.0,1.0,1.0,1.0,1.0,1.0,1.0,1.0,0.0,0.37222094888837953,1.4542710249516535,2.0,0.0,0.0,0.0,1.0,0.0,0.0,0
0.0,0.0,0.0,-0.42780748663101603,-1.0,0.0,1.0,1.0,1.0,0.0,0.0,0.0,-1.0,-0.567499426999771,-0.2944418441800641,1.0,0.0,0.0,0.0,0.0,0.0,1.0,0
1.0,0.0,0.0,-0.5347593582887701,0.0,0.0,0.0,1.0,1.0,0.0,1.0,1.0,0.0,0.5372450148980059,-0.27416703856494434,0.0,-1.0,1.0,0.0,1.0,0.0,0.0,1
0.0,1.0,0.0,-0.5347593582887701,0.0,0.0,0.0,0.0,0.0,0.0,1.0,0.0,0.0,0.1806096722438688,-0.31348303599612504,0.0,0.0,1.0,0.0,0.0,1.0,0.0,1
1.0,0.0,0.0,-0.5347593582887701,0.0,0.0,0.0,1.0,0.0,0.0,0.0,0.0,-1.0,0.0412560165024066,-0.31047882356782885,0.0,-1.0,1.0,0.0,0.0,1.0,0.0,0
0.0,1.0,1.0,0.44919786096256686,0.0,1.0,0.0,1.0,0.0,1.0,1.0,1.0,-1.0,0.6087554435021775,1.0692238755065981,0.0,0.0,1.0,0.0,0.0,1.0,0.0,1
0.0,0.0,0.0,0.47058823529411764,0.0,1.0,0.0,0.0,0.0,0.0,0.0,0.0,-1.0,-0.8388723355489343,-0.04435204435204441,2.0,0.0,0.0,1.0,0.0,0.0,1.0,0
0.0,0.0,0.0,-0.5561497326203209,0.0,0.0,0.0,0.0,0.0,1.0,0.0,0.0,0.0,-0.37130414852165944,-0.358502683110013,0.0,0.0,0.0,0.0,0.0,0.0,1.0,0
0.0,0.0,0.0,-0.1497326203208556,0.0,0.0,0.0,0.0,0.0,0.0,0.0,0.0,0.0,-0.014668805867522297,0.02989699324777859,0.0,0.0,1.0,0.0,0.0,0.0,1.0,0
0.0,0.0,0.0,-0.5989304812834224,0.0,0.0,0.0,0.0,0.0,0.0,0.0,1.0,0.0,-0.27687371074948436,-0.3866290777285542,0.0,-1.0,0.0,0.0,0.0,1.0,0.0,1
0.0,0.0,0.0,-0.2994652406417112,-1.0,0.0,1.0,1.0,1.0,1.0,0.0,0.0,-1.0,-0.45106578042631224,-0.20142736373102868,1.0,-1.0,0.0,0.0,0.0,0.0,1.0,0
0.0,0.0,0.0,-0.5561497326203209,0.0,0.0,0.0,0.0,0.0,0.0,1.0,0.0,0.0,0.16319046527618622,-0.3316969809116406,0.0,-1.0,1.0,0.0,0.0,1.0,0.0,1
0.0,0.0,0.0,-0.4919786096256685,0.0,0.0,0.0,0.0,0.0,1.0,0.0,0.0,0.0,-0.3850561540224616,-0.3119446470231811,0.0,0.0,0.0,0.0,1.0,0.0,0.0,0
0.0,1.0,0.0,0.6631016042780749,0.0,1.0,0.0,1.0,0.0,0.0,1.0,1.0,0.0,0.5372450148980059,1.334726591271094,0.0,-1.0,1.0,0.0,0.0,1.0,0.0,0
0.0,0.0,0.0,0.25668449197860965,0.0,0.0,0.0,0.0,0.0,0.0,0.0,0.0,-1.0,-0.9177171670868669,-0.1775823346503975,0.0,-1.0,0.0,1.0,0.0,1.0,0.0,0
0.0,1.0,0.0,-0.42780748663101603,0.0,0.0,0.0,1.0,0.0,0.0,0.0,0.0,-1.0,-0.36030254412101764,-0.26727331439373325,0.0,-1.0,0.0,0.0,0.0,0.0,1.0,0
0.0,1.0,0.0,-0.1925133689839572,0.0,0.0,0.0,0.0,0.0,0.0,0.0,0.0,0.0,-0.012835205134082107,0.04439558366259932,0.0,-1.0,1.0,0.0,0.0,0.0,0.0,0
0.0,0.0,0.0,-0.12834224598930483,0.0,1.0,0.0,0.0,0.0,0.0,0.0,0.0,-1.0,0.09351363740545486,0.10774528052014958,0.0,-1.0,1.0,0.0,0.0,0.0,0.0,1
0.0,0.0,0.0,-0.1497326203208556,0.0,1.0,1.0,1.0,1.0,0.0,0.0,0.0,-1.0,-0.09993123997249605,0.011654022125226274,0.0,0.0,0.0,0.0,0.0,0.0,1.0,0
0.0,1.0,1.0,0.8342245989304813,0.0,1.0,1.0,1.0,0.0,0.0,0.0,0.0,0.0,0.27504011001604406,1.250797313624539,1.0,0.0,1.0,0.0,0.0,0.0,0.0,0
0.0,1.0,0.0,-0.44919786096256686,0.0,0.0,1.0,0.0,0.0,0.0,0.0,0.0,-1.0,0.0825120330048132,-0.21898821898821902,0.0,0.0,1.0,0.0,0.0,1.0,0.0,1
0.0,1.0,0.0,0.9197860962566845,0.0,1.0,0.0,1.0,0.0,0.0,1.0,1.0,0.0,0.5299106119642449,1.7120527696443926,2.0,0.0,1.0,0.0,0.0,1.0,0.0,0
0.0,0.0,0.0,0.8556149732620321,-1.0,0.0,1.0,1.0,0.0,1.0,1.0,1.0,0.0,-0.19161127664451072,0.8096279928740661,2.0,0.0,0.0,0.0,0.0,0.0,0.0,0
0.0,0.0,0.0,-0.5561497326203209,0.0,0.0,0.0,0.0,1.0,0.0,1.0,1.0,0.0,-0.010084804033921563,-0.33872132301451674,1.0,-1.0,0.0,0.0,0.0,1.0,0.0,0
0.0,0.0,0.0,-0.5775401069518716,0.0,0.0,0.0,0.0,0.0,0.0,0.0,0.0,-1.0,-0.9351363740545497,-0.39471287638826913,0.0,-1.0,0.0,1.0,0.0,0.0,1.0,0
0.0,1.0,0.0,-0.0213903743315508,0.0,1.0,0.0,0.0,1.0,1.0,1.0,1.0,0.0,0.6289250515700207,0.4814431830138637,0.0,-1.0,1.0,0.0,0.0,1.0,0.0,1
0.0,0.0,0.0,0.5133689839572193,0.0,1.0,0.0,0.0,0.0,0.0,0.0,0.0,-1.0,-0.8517075406830165,-0.024817407016359896,1.0,0.0,0.0,1.0,0.0,0.0,0.0,0
0.0,1.0,1.0,-0.1711229946524064,0.0,0.0,0.0,1.0,1.0,1.0,1.0,1.0,0.0,0.5922530369012148,0.209786911357592,0.0,-1.0,1.0,0.0,0.0,1.0,0.0,1
0.0,0.0,0.0,-0.5347593582887701,0.0,1.0,0.0,0.0,0.0,0.0,1.0,0.0,0.0,0.27779051111620456,-0.3093468014933984,0.0,-1.0,1.0,0.0,0.0,1.0,0.0,1
1.0,0.0,0.0,0.27807486631016043,0.0,1.0,0.0,0.0,1.0,0.0,0.0,0.0,-1.0,-0.2722897089158836,0.30023257248388135,0.0,-1.0,0.0,0.0,0.0,1.0,0.0,0
1.0,1.0,0.0,0.8556149732620321,-1.0,0.0,0.0,0.0,1.0,0.0,0.0,0.0,0.0,-0.7462754985101996,0.21679674035694982,1.0,0.0,0.0,0.0,1.0,0.0,0.0,0
0.0,0.0,0.0,-0.40641711229946526,0.0,0.0,0.0,0.0,0.0,0.0,0.0,0.0,-1.0,-0.930552372220949,-0.34226252027299153,0.0,0.0,0.0,1.0,1.0,0.0,0.0,0
0.0,0.0,0.0,-0.5775401069518716,0.0,0.0,0.0,0.0,0.0,0.0,0.0,1.0,0.0,0.19161127664451072,-0.3530312430835991,0.0,0.0,1.0,0.0,0.0,1.0,0.0,1
0.0,0.0,0.0,-0.5989304812834224,0.0,0.0,0.0,0.0,0.0,0.0,0.0,0.0,0.0,-0.01741920696768284,-0.38252186943286426,0.0,0.0,1.0,0.0,0.0,1.0,0.0,1
0.0,0.0,0.0,0.8342245989304813,0.0,1.0,1.0,1.0,1.0,1.0,1.0,1.0,0.0,0.32363052945221193,1.3819522301197693,2.0,-1.0,0.0,0.0,0.0,1.0,0.0,0
0.0,0.0,0.0,-0.21390374331550802,0.0,1.0,0.0,0.0,0.0,0.0,0.0,1.0,0.0,0.2842081136832455,0.042102513306701776,0.0,0.0,1.0,0.0,0.0,0.0,0.0,1
1.0,0.0,0.0,-0.3850267379679144,0.0,1.0,0.0,0.0,0.0,0.0,0.0,1.0,0.0,0.2622049048819619,-0.13948543791475732,0.0,-1.0,1.0,0.0,1.0,0.0,0.0,1
0.0,0.0,0.0,-0.44919786096256686,0.0,0.0,0.0,0.0,0.0,0.0,0.0,0.0,-1.0,-0.9103827641531057,-0.35578873275208356,2.0,-1.0,0.0,1.0,0.0,0.0,1.0,0
0.0,1.0,1.0,0.6844919786096256,0.0,1.0,0.0,0.0,0.0,0.0,0.0,0.0,0.0,-0.8489571395828559,0.01677714766720001,2.0,-1.0,0.0,1.0,0.0,0.0,1.0,0
1.0,0.0,0.0,0.1497326203208556,0.0,1.0,1.0,0.0,0.0,0.0,1.0,0.0,0.0,0.3731377492550996,0.5222685432109515,0.0,0.0,1.0,0.0,0.0,1.0,0.0,1
0.0,1.0,0.0,-0.1497326203208556,0.0,0.0,1.0,0.0,0.0,0.0,1.0,0.0,0.0,-0.19711207884483156,-0.0037879200182865634,1.0,0.0,0.0,0.0,0.0,0.0,0.0,0
0.0,1.0,1.0,-0.42780748663101603,0.0,0.0,0.0,0.0,0.0,0.0,0.0,0.0,-1.0,-0.9195507678203072,-0.34724051477978185,2.0,-1.0,0.0,1.0,0.0,0.0,1.0,0
0.0,0.0,0.0,-0.1711229946524064,0.0,1.0,1.0,0.0,1.0,0.0,1.0,1.0,-1.0,0.6115058446023378,0.2402208894355491,0.0,0.0,1.0,0.0,0.0,0.0,1.0,0
0.0,0.0,0.0,0.7486631016042781,0.0,1.0,0.0,1.0,1.0,1.0,1.0,1.0,0.0,0.7334402933761174,1.6492255445135027,2.0,-1.0,1.0,0.0,1.0,0.0,0.0,0
0.0,0.0,0.0,-0.06417112299465241,0.0,0.0,1.0,0.0,0.0,1.0,1.0,1.0,-1.0,0.0825120330048132,0.15121202555757524,1.0,0.0,0.0,0.0,0.0,0.0,0.0,0
1.0,1.0,0.0,0.3422459893048128,0.0,0.0,0.0,0.0,1.0,0.0,0.0,1.0,0.0,0.2860417144166857,0.718122875190938,0.0,-1.0,1.0,0.0,0.0,1.0,0.0,0
0.0,0.0,0.0,-0.5989304812834224,0.0,0.0,0.0,0.0,0.0,0.0,0.0,0.0,-1.0,-0.4868209947283979,-0.38995257843425385,0.0,-1.0,0.0,0.0,1.0,0.0,0.0,0
0.0,1.0,0.0,-0.5347593582887701,0.0,0.0,0.0,0.0,0.0,1.0,0.0,0.0,-1.0,-0.3749713499885401,-0.35065109410659157,0.0,0.0,0.0,0.0,0.0,0.0,1.0,1
0.0,1.0,1.0,0.6844919786096256,0.0,1.0,1.0,1.0,1.0,0.0,0.0,1.0,0.0,0.5537474214989687,1.344276213386161,1.0,-1.0,1.0,0.0,1.0,0.0,0.0,0
0.0,0.0,0.0,-0.0213903743315508,0.0,1.0,1.0,0.0,1.0,0.0,0.0,0.0,-1.0,-0.21086408434563375,0.07751448589144923,1.0,-1.0,0.0,0.0,0.0,0.0,1.0,0
0.0,1.0,1.0,-0.32085561497326204,0.0,1.0,0.0,0.0,0.0,1.0,1.0,0.0,0.0,0.3878065551226222,-0.025078642879690027,0.0,-1.0,1.0,0.0,0.0,1.0,0.0,1
0.0,0.0,0.0,-0.4919786096256685,0.0,0.0,0.0,0.0,0.0,0.0,0.0,0.0,-1.0,-0.9415539766215908,-0.3666009948732462,1.0,0.0,0.0,1.0,0.0,0.0,1.0,0
0.0,1.0,0.0,-0.5561497326203209,-1.0,0.0,0.0,0.0,0.0,0.0,0.0,0.0,-1.0,-0.8342883337153336,-0.3799965894206732,0.0,0.0,0.0,0.0,0.0,0.0,1.0,0
0.0,1.0,0.0,0.40641711229946526,-1.0,0.0,1.0,0.0,1.0,0.0,0.0,1.0,0.0,-0.46206738482695403,0.21990254450987434,0.0,-1.0,0.0,0.0,0.0,0.0,0.0,1
1.0,1.0,0.0,0.5561497326203209,0.0,0.0,0.0,0.0,1.0,1.0,1.0,0.0,-1.0,0.33554893421957366,0.9920867303066256,2.0,-1.0,1.0,0.0,1.0,0.0,0.0,0
0.0,0.0,0.0,0.8128342245989305,-1.0,0.0,1.0,0.0,0.0,1.0,1.0,0.0,-1.0,-0.4877377950951181,0.4962900879131245,2.0,0.0,0.0,0.0,0.0,1.0,0.0,0
0.0,1.0,0.0,-0.10695187165775401,-1.0,0.0,0.0,0.0,1.0,0.0,0.0,0.0,-1.0,-0.7591107036442815,-0.20300929201452764,0.0,0.0,0.0,0.0,0.0,1.0,0.0,0
0.0,1.0,1.0,-0.1925133689839572,-1.0,0.0,1.0,0.0,1.0,1.0,0.0,0.0,0.0,-0.5702498280999313,-0.16312728354613176,2.0,0.0,0.0,0.0,1.0,0.0,0.0,0
0.0,0.0,1.0,0.40641711229946526,0.0,0.0,0.0,1.0,1.0,1.0,1.0,0.0,0.0,0.4584001833600734,0.9405797259200401,2.0,-1.0,1.0,0.0,0.0,0.0,1.0,1
0.0,1.0,0.0,0.6417112299465241,0.0,1.0,1.0,1.0,1.0,0.0,1.0,1.0,0.0,0.7086866834746736,1.5007564955208936,1.0,-1.0,1.0,0.0,1.0,0.0,0.0,0
1.0,1.0,0.0,-0.44919786096256686,0.0,0.0,0.0,0.0,1.0,1.0,0.0,1.0,0.0,-0.1118496447398578,-0.2338641500945166,0.0,0.0,0.0,0.0,1.0,0.0,0.0,0
0.0,0.0,0.0,-0.47058823529411764,0.0,0.0,0.0,0.0,0.0,1.0,1.0,0.0,0.0,-0.20169608067843228,-0.2819750882578108,0.0,-1.0,0.0,0.0,0.0,0.0,1.0,1
0.0,1.0,1.0,0.8128342245989305,0.0,1.0,1.0,1.0,1.0,0.0,1.0,1.0,0.0,0.7481090992436398,1.769060240264429,1.0,0.0,1.0,0.0,0.0,1.0,0.0,1
0.0,1.0,0.0,0.8128342245989305,0.0,1.0,0.0,1.0,1.0,0.0,0.0,1.0,0.0,0.4153105661242266,1.4457373200828696,2.0,0.0,1.0,0.0,0.0,1.0,0.0,0
0.0,1.0,1.0,0.2994652406417112,0.0,0.0,0.0,0.0,0.0,0.0,0.0,0.0,-1.0,-0.9259683703873482,-0.16528973597036425,1.0,-1.0,0.0,1.0,0.0,0.0,1.0,0
0.0,0.0,0.0,0.8556149732620321,0.0,1.0,1.0,1.0,1.0,1.0,0.0,1.0,0.0,0.20169608067843228,1.2091882458374605,2.0,0.0,0.0,0.0,1.0,0.0,0.0,0
0.0,1.0,1.0,0.47058823529411764,0.0,1.0,1.0,1.0,0.0,1.0,1.0,1.0,-1.0,0.725189090075636,1.2478366405067975,1.0,0.0,1.0,0.0,1.0,0.0,0.0,0
0.0,0.0,0.0,-0.5989304812834224,0.0,0.0,0.0,0.0,0.0,0.0,0.0,0.0,0.0,-0.924134769653908,-0.39687532881250165,0.0,0.0,0.0,1.0,0.0,0.0,1.0,1
0.0,1.0,1.0,0.8342245989304813,0.0,1.0,1.0,1.0,1.0,0.0,1.0,0.0,0.0,0.045840018336007336,1.0959134728768236,1.0,-1.0,0.0,0.0,1.0,0.0,0.0,0
0.0,0.0,0.0,-0.1711229946524064,0.0,1.0,0.0,1.0,0.0,0.0,1.0,1.0,0.0,0.5381618152647261,0.17565209188245834,0.0,-1.0,1.0,0.0,1.0,0.0,0.0,0
0.0,0.0,0.0,0.5133689839572193,0.0,1.0,0.0,1.0,1.0,1.0,0.0,1.0,0.0,0.062342424936970085,0.7462202436024425,2.0,0.0,0.0,0.0,0.0,0.0,0.0,0
0.0,0.0,0.0,0.36363636363636365,0.0,1.0,0.0,1.0,1.0,1.0,1.0,1.0,-1.0,0.6995186798074721,1.0205033869955336,2.0,0.0,1.0,0.0,0.0,1.0,0.0,0
0.0,0.0,1.0,-0.42780748663101603,0.0,0.0,0.0,0.0,0.0,1.0,1.0,1.0,0.0,-0.020169608067843126,-0.23683933631577614,0.0,-1.0,0.0,0.0,1.0,0.0,0.0,0
0.0,0.0,0.0,-0.5989304812834224,0.0,0.0,0.0,0.0,0.0,0.0,0.0,0.0,-1.0,-0.9268851707540684,-0.3969188681230566,0.0,0.0,0.0,1.0,0.0,0.0,1.0,0
0.0,0.0,0.0,0.7272727272727273,0.0,1.0,0.0,0.0,0.0,0.0,0.0,0.0,-1.0,-0.8489571395828559,0.06699248584065337,2.0,-1.0,0.0,1.0,0.0,0.0,1.0,0
0.0,0.0,0.0,-0.4919786096256685,0.0,0.0,0.0,0.0,0.0,0.0,1.0,0.0,0.0,0.18336007334402935,-0.26830374474353536,0.0,0.0,1.0,0.0,1.0,0.0,0.0,1
0.0,0.0,0.0,0.0427807486631016,0.0,0.0,1.0,1.0,1.0,1.0,1.0,0.0,0.0,0.035755214302085774,0.22316799280150063,0.0,0.0,0.0,0.0,0.0,0.0,0.0,0
0.0,0.0,0.0,-0.5989304812834224,0.0,0.0,0.0,0.0,0.0,0.0,0.0,1.0,-1.0,0.18336007334402935,-0.379343499762348,0.0,0.0,1.0,0.0,0.0,1.0,0.0,1
0.0,0.0,0.0,0.42780748663101603,0.0,0.0,0.0,0.0,0.0,0.0,0.0,0.0,0.0,-0.9278019711207885,-0.10588760326980225,2.0,0.0,0.0,1.0,1.0,0.0,0.0,0
0.0,0.0,0.0,0.5133689839572193,0.0,0.0,0.0,0.0,0.0,0.0,0.0,0.0,-1.0,-0.9351363740545497,-0.09778929150656902,2.0,0.0,0.0,1.0,1.0,0.0,0.0,0
0.0,0.0,0.0,0.06417112299465241,0.0,1.0,0.0,1.0,0.0,0.0,0.0,0.0,0.0,0.1806096722438688,0.35085427755584825,0.0,0.0,1.0,0.0,0.0,0.0,0.0,1
0.0,1.0,1.0,-0.0427807486631016,0.0,0.0,0.0,1.0,0.0,0.0,0.0,0.0,-1.0,-0.3786385514554206,-0.0148759311062976,0.0,-1.0,0.0,0.0,0.0,0.0,1.0,0
0.0,0.0,0.0,-0.5989304812834224,-1.0,0.0,0.0,0.0,0.0,1.0,0.0,0.0,-1.0,-0.7581939032775614,-0.39424845707568223,0.0,0.0,0.0,0.0,0.0,0.0,1.0,0
1.0,1.0,0.0,0.5561497326203209,0.0,1.0,1.0,1.0,0.0,0.0,0.0,0.0,-1.0,-0.1925280770112308,0.5598284551164132,1.0,0.0,0.0,0.0,1.0,0.0,0.0,0
0.0,1.0,0.0,0.8770053475935828,0.0,0.0,1.0,1.0,1.0,1.0,1.0,1.0,0.0,0.7151042860417145,1.7843135120622031,1.0,0.0,1.0,0.0,0.0,0.0,0.0,1
0.0,1.0,1.0,0.10695187165775401,0.0,0.0,1.0,1.0,1.0,0.0,0.0,0.0,0.0,-0.17785927114370853,0.19002006436561408,1.0,-1.0,0.0,0.0,0.0,0.0,1.0,0
0.0,0.0,0.0,-0.5133689839572193,0.0,0.0,0.0,0.0,0.0,1.0,0.0,1.0,0.0,0.27320650928260387,-0.2790869806576613,0.0,-1.0,1.0,0.0,1.0,0.0,0.0,1
0.0,1.0,0.0,-0.06417112299465241,-1.0,0.0,1.0,0.0,1.0,0.0,0.0,0.0,-1.0,-0.643593857437543,-0.11865913436594067,1.0,-1.0,0.0,0.0,1.0,0.0,0.0,0
0.0,1.0,1.0,0.7058823529411765,0.0,0.0,1.0,1.0,1.0,1.0,1.0,1.0,-1.0,0.2860417144166857,1.111079666053488,2.0,0.0,0.0,0.0,0.0,1.0,0.0,0
0.0,0.0,1.0,-0.1497326203208556,0.0,1.0,0.0,1.0,0.0,0.0,1.0,0.0,0.0,0.3410497364198945,0.1631272835461317,0.0,0.0,1.0,0.0,1.0,0.0,0.0,0
0.0,1.0,1.0,-0.5133689839572193,0.0,0.0,0.0,0.0,0.0,0.0,0.0,0.0,-1.0,-0.010084804033921563,-0.30970962908135685,0.0,-1.0,1.0,0.0,1.0,0.0,0.0,0
0.0,0.0,0.0,0.5775401069518716,0.0,1.0,0.0,0.0,0.0,0.0,0.0,0.0,0.0,-0.8168691267476508,0.016443346286278183,2.0,0.0,0.0,1.0,0.0,0.0,0.0,0
0.0,0.0,1.0,-0.5775401069518716,0.0,0.0,0.0,0.0,0.0,0.0,0.0,0.0,-1.0,-0.9168003667201468,-0.3916070722353445,1.0,-1.0,0.0,1.0,0.0,0.0,0.0,0
0.0,1.0,1.0,0.06417112299465241,0.0,0.0,1.0,1.0,0.0,1.0,0.0,0.0,-1.0,-0.16685766674306673,0.1385275730825469,0.0,-1.0,0.0,0.0,0.0,0.0,0.0,0
0.0,1.0,1.0,0.8983957219251337,0.0,1.0,1.0,1.0,0.0,1.0,0.0,0.0,0.0,-0.06692642677057081,0.9756578971238656,1.0,0.0,0.0,0.0,1.0,0.0,0.0,0
0.0,0.0,1.0,-0.5989304812834224,0.0,0.0,0.0,0.0,0.0,0.0,0.0,0.0,0.0,0.02108640843456348,-0.381912319085094,0.0,0.0,1.0,0.0,0.0,1.0,0.0,1
0.0,1.0,1.0,0.6844919786096256,0.0,0.0,0.0,0.0,0.0,0.0,0.0,0.0,-1.0,-0.9424707769883108,-0.07070784034134824,1.0,-1.0,0.0,1.0,1.0,0.0,0.0,0
1.0,1.0,0.0,0.5561497326203209,0.0,1.0,0.0,0.0,0.0,0.0,0.0,0.0,0.0,0.06417602567041028,0.7735484175274752,0.0,0.0,1.0,0.0,0.0,1.0,0.0,0
0.0,0.0,0.0,-0.5347593582887701,-1.0,0.0,0.0,0.0,0.0,0.0,1.0,1.0,0.0,-0.4758193903277562,-0.3521169175619438,0.0,0.0,0.0,0.0,0.0,1.0,0.0,1
0.0,0.0,0.0,-0.5989304812834224,0.0,0.0,0.0,0.0,0.0,0.0,0.0,0.0,-1.0,-0.924134769653908,-0.39687532881250165,0.0,0.0,0.0,1.0,0.0,0.0,1.0,1
0.0,1.0,0.0,0.4919786096256685,0.0,1.0,0.0,1.0,0.0,1.0,1.0,1.0,0.0,0.5904194361677746,1.0886859473246908,0.0,-1.0,1.0,0.0,1.0,0.0,0.0,0
0.0,1.0,0.0,-0.21390374331550802,0.0,1.0,1.0,1.0,0.0,1.0,0.0,0.0,0.0,0.33554893421957366,0.0827101769510146,0.0,0.0,1.0,0.0,1.0,0.0,0.0,0
0.0,1.0,0.0,0.42780748663101603,-1.0,0.0,0.0,1.0,0.0,1.0,1.0,1.0,0.0,-0.2603713041485217,0.4043931164350012,1.0,-1.0,0.0,0.0,1.0,0.0,0.0,0
1.0,0.0,0.0,-0.1497326203208556,0.0,0.0,1.0,0.0,1.0,1.0,0.0,1.0,0.0,-0.013752005500802201,0.04586140711795162,0.0,-1.0,0.0,0.0,0.0,0.0,1.0,0
0.0,0.0,0.0,0.5989304812834224,0.0,1.0,0.0,1.0,0.0,1.0,0.0,1.0,-1.0,0.4437313774925511,1.1847191533055408,1.0,-1.0,1.0,0.0,0.0,1.0,0.0,0
1.0,1.0,0.0,0.9197860962566845,0.0,1.0,0.0,1.0,0.0,0.0,1.0,1.0,0.0,0.4904881961952785,1.667758777706422,1.0,0.0,1.0,0.0,1.0,0.0,0.0,0
0.0,0.0,0.0,0.27807486631016043,0.0,0.0,1.0,0.0,1.0,0.0,0.0,0.0,-1.0,-0.2924593169837269,0.3098982994270953,0.0,-1.0,0.0,0.0,1.0,0.0,0.0,0
0.0,1.0,1.0,0.27807486631016043,0.0,0.0,1.0,0.0,0.0,1.0,0.0,1.0,-1.0,-0.1246848498739399,0.39938609572117423,1.0,0.0,0.0,0.0,1.0,0.0,0.0,0
0.0,0.0,0.0,0.32085561497326204,0.0,0.0,0.0,0.0,0.0,0.0,0.0,0.0,-1.0,-0.918633967453587,-0.13986277860623414,2.0,0.0,0.0,1.0,1.0,0.0,0.0,0
0.0,1.0,1.0,0.9197860962566845,0.0,1.0,1.0,1.0,0.0,1.0,1.0,1.0,0.0,0.6820994728397892,1.8961079484639694,2.0,0.0,1.0,0.0,1.0,0.0,0.0,0
0.0,0.0,0.0,0.1925133689839572,0.0,0.0,0.0,0.0,0.0,0.0,0.0,0.0,0.0,-0.018336007334402937,0.3593009038035216,0.0,0.0,1.0,0.0,1.0,0.0,0.0,0
0.0,1.0,0.0,0.6844919786096256,0.0,1.0,0.0,1.0,0.0,1.0,1.0,0.0,0.0,0.4327297730919092,1.2338750349221552,2.0,0.0,1.0,0.0,0.0,1.0,0.0,1
0.0,0.0,0.0,-0.1497326203208556,0.0,1.0,0.0,0.0,0.0,0.0,0.0,1.0,-1.0,0.23011689204675678,0.11955894678407764,0.0,0.0,1.0,0.0,0.0,1.0,0.0,0
0.0,1.0,1.0,0.32085561497326204,0.0,0.0,0.0,0.0,0.0,0.0,0.0,0.0,-1.0,-0.9149667659867065,-0.13392691926723344,1.0,0.0,0.0,1.0,0.0,0.0,0.0,0
0.0,0.0,0.0,0.0213903743315508,0.0,1.0,1.0,0.0,0.0,0.0,1.0,1.0,0.0,0.5482466192986479,0.44957240768759094,0.0,0.0,1.0,0.0,0.0,0.0,0.0,0
0.0,0.0,0.0,0.5775401069518716,0.0,0.0,0.0,0.0,0.0,0.0,0.0,0.0,-1.0,-0.931469172587669,-0.0973829246080555,2.0,-1.0,0.0,1.0,0.0,0.0,0.0,0
0.0,0.0,0.0,-0.47058823529411764,0.0,0.0,0.0,0.0,0.0,0.0,0.0,0.0,0.0,-0.011001604400641657,-0.2583622688334731,0.0,-1.0,1.0,0.0,0.0,0.0,1.0,0
0.0,0.0,1.0,-0.3422459893048128,0.0,0.0,0.0,0.0,0.0,0.0,1.0,0.0,0.0,0.14302085720834284,-0.10259312877113926,0.0,0.0,1.0,0.0,1.0,0.0,0.0,0
0.0,0.0,0.0,-0.1711229946524064,0.0,0.0,0.0,0.0,0.0,0.0,0.0,0.0,0.0,-0.03392161356864533,0.030709727044805568,0.0,-1.0,1.0,0.0,0.0,1.0,0.0,0
0.0,0.0,0.0,0.42780748663101603,0.0,0.0,1.0,1.0,1.0,1.0,0.0,0.0,-1.0,-0.05684162273664899,0.5571435309655205,2.0,-1.0,0.0,0.0,0.0,0.0,0.0,0
0.0,0.0,1.0,0.0,0.0,0.0,0.0,0.0,0.0,0.0,0.0,0.0,-1.0,-0.9287187714875087,-0.24740487567712705,1.0,0.0,0.0,1.0,0.0,0.0,1.0,0
0.0,0.0,0.0,-0.44919786096256686,0.0,1.0,0.0,0.0,0.0,0.0,1.0,1.0,-1.0,0.46115058446023394,-0.17685667947448055,0.0,-1.0,1.0,0.0,0.0,0.0,0.0,1
0.0,0.0,0.0,-0.5989304812834224,0.0,0.0,0.0,0.0,1.0,0.0,0.0,0.0,-1.0,0.055008022003208805,-0.38137533425491543,0.0,-1.0,1.0,0.0,0.0,0.0,0.0,1
0.0,0.0,0.0,0.36363636363636365,0.0,1.0,0.0,0.0,0.0,0.0,1.0,1.0,-1.0,0.46848498739399497,0.8742983821517852,0.0,-1.0,1.0,0.0,0.0,0.0,0.0,1
0.0,1.0,1.0,0.1497326203208556,0.0,0.0,1.0,0.0,0.0,0.0,0.0,0.0,-1.0,-0.35663534265413716,0.12411606128883614,0.0,-1.0,0.0,0.0,1.0,0.0,0.0,0
1.0,1.0,0.0,0.7058823529411765,0.0,1.0,1.0,0.0,1.0,0.0,1.0,1.0,0.0,0.6298418519367407,1.4296858275915867,1.0,-1.0,1.0,0.0,0.0,1.0,0.0,0
1.0,0.0,0.0,0.8128342245989305,0.0,1.0,0.0,0.0,1.0,0.0,1.0,1.0,0.0,0.5665826266330508,1.5829877400558028,0.0,0.0,1.0,0.0,1.0,0.0,0.0,0
1.0,1.0,0.0,0.1497326203208556,0.0,1.0,0.0,0.0,0.0,0.0,0.0,1.0,0.0,0.2493696997478798,0.47434627539339574,0.0,0.0,1.0,0.0,0.0,1.0,0.0,1
0.0,0.0,0.0,-0.5989304812834224,0.0,0.0,0.0,0.0,0.0,0.0,0.0,0.0,-1.0,-0.46206738482695403,-0.3895607246392587,0.0,-1.0,0.0,0.0,0.0,0.0,1.0,0
0.0,0.0,0.0,0.0213903743315508,0.0,0.0,1.0,1.0,1.0,1.0,1.0,0.0,-1.0,0.07609443043777228,0.2673894192218799,1.0,-1.0,0.0,0.0,1.0,0.0,0.0,0
0.0,1.0,0.0,0.9197860962566845,0.0,1.0,1.0,1.0,1.0,1.0,1.0,1.0,0.0,0.8251203300481321,2.0101664290145966,2.0,-1.0,1.0,0.0,0.0,0.0,0.0,0
0.0,0.0,0.0,-0.5989304812834224,0.0,0.0,0.0,0.0,0.0,0.0,0.0,0.0,0.0,-0.9223011689204677,-0.39684630260546494,0.0,0.0,0.0,1.0,0.0,0.0,0.0,1
0.0,0.0,1.0,0.25668449197860965,0.0,0.0,0.0,0.0,0.0,0.0,0.0,0.0,0.0,-0.9213843685537475,-0.15163290555960715,1.0,-1.0,0.0,1.0,1.0,0.0,0.0,0
0.0,1.0,0.0,-0.3422459893048128,0.0,1.0,0.0,0.0,1.0,0.0,1.0,1.0,0.0,0.5821682328672932,-0.008243442798416647,0.0,0.0,1.0,0.0,1.0,0.0,0.0,1
0.0,0.0,0.0,-0.5561497326203209,0.0,0.0,0.0,0.0,0.0,0.0,0.0,0.0,0.0,-0.912216364886546,-0.3832330115052629,0.0,0.0,0.0,1.0,1.0,0.0,0.0,0
1.0,0.0,0.0,-0.5989304812834224,0.0,0.0,0.0,0.0,0.0,0.0,0.0,0.0,-1.0,-0.4657345862938345,-0.3896187770533321,0.0,0.0,0.0,0.0,0.0,1.0,0.0,1
0.0,1.0,1.0,-0.1497326203208556,0.0,0.0,0.0,0.0,0.0,0.0,0.0,0.0,-1.0,-0.9278019711207885,-0.28651768965905094,0.0,-1.0,0.0,1.0,0.0,0.0,1.0,0
1.0,0.0,0.0,-0.2994652406417112,0.0,0.0,0.0,0.0,0.0,0.0,0.0,1.0,0.0,0.16319046527618622,-0.06713761687583683,0.0,0.0,1.0,0.0,0.0,1.0,0.0,1
0.0,0.0,0.0,-0.3850267379679144,-1.0,0.0,0.0,0.0,1.0,0.0,1.0,0.0,0.0,-0.5299106119642448,-0.2661122661122661,1.0,0.0,0.0,0.0,0.0,1.0,0.0,1
0.0,0.0,0.0,-0.5989304812834224,0.0,0.0,0.0,0.0,0.0,0.0,0.0,0.0,0.0,-0.930552372220949,-0.39697692053713,0.0,0.0,0.0,1.0,1.0,0.0,0.0,0
1.0,1.0,1.0,0.12834224598930483,0.0,0.0,0.0,1.0,0.0,1.0,1.0,1.0,0.0,0.10176484070593624,0.39469836328475066,0.0,0.0,0.0,0.0,0.0,1.0,0.0,0
1.0,1.0,0.0,-0.3422459893048128,0.0,0.0,0.0,1.0,0.0,1.0,0.0,1.0,0.0,0.3401329360531744,-0.06329164444347696,0.0,0.0,1.0,0.0,0.0,0.0,0.0,1
0.0,0.0,0.0,0.21390374331550802,0.0,0.0,1.0,0.0,1.0,0.0,1.0,1.0,0.0,0.549163419665368,0.7007797164865227,2.0,0.0,1.0,0.0,0.0,1.0,0.0,0
0.0,1.0,1.0,-0.5561497326203209,-1.0,0.0,0.0,0.0,0.0,1.0,0.0,0.0,0.0,-0.724272289708916,-0.3751201866385113,0.0,-1.0,0.0,0.0,0.0,0.0,1.0,1
0.0,1.0,0.0,0.0,-1.0,0.0,0.0,0.0,0.0,0.0,1.0,1.0,0.0,-0.45106578042631224,-0.015964413870173035,0.0,0.0,0.0,0.0,0.0,1.0,0.0,0
